0,1,2,3,4,5,6,7,8,9,10,11,12,13,14,15,16,17,18,19,20,21,22,23,24,25,26,27,28,29,30,31,32,33,34,35,36,37,38,39,40,41,42,43,44,45,46,47,48,49,50,51,52,53,54,55,56,57,58,59,60,61,62,63,64,65,66,67,68,69,70,71,72,73,74,75,76,77,78,79,80,81,82,83,84,85,86,87,88,89
2032.5586042407456,2064.015517810985,2070.226029209876,2057.9735144396823,2067.9558939500243,2060.9158594311552,2066.7319457702656,2082.821087066407,2071.035052573119,2101.609554194724,2071.0806237911506,2074.305784106478,2070.1655717064236,2044.4414911732856,2064.3040569271343,2052.58314558129,2073.8398819023537,2062.0336268608344,2078.755789841768,2078.974491591203,2076.2571725696826,2062.7035107413817,2057.895555091205,2055.9880131225827,2073.354809077915,2091.083783617059,2069.208827951367,2070.6568126093366,2074.541653772691,2084.0240390403737,2060.401730946086,2077.178728682615,2071.209715438883,2056.6388641975086,2075.016636209453,2080.826368187499,2084.811250103426,2070.5141063557,2077.500701593252,2084.077219521251,2077.783999616188,2075.76143153155,2070.8383623774275,2058.6127402719603,2080.4502920290674,2051.259634907213,2071.7170065245396,2079.669777706787,2067.097265349898,2087.6879277826133,2075.1056289510198,2081.254839787973,2073.2248265560524,2082.3523909779983,2078.2822677294052,2067.032481875447,2087.0960570615634,2094.936221756257,2069.104755220469,2073.0861482986097,2081.7891993100475,2098.3497475321687,2078.610370457553,2067.733803572274,2057.1877836183876,2076.092521589438,2091.3060407805297,2085.4139108070917,2084.8310680777067,2094.061909563383,2086.4119923894973,2072.227884029851,2093.019452958786,2091.673602474398,2076.049488326155,2075.4221408827634,2069.3964819380913,2094.1214369272607,2088.4278626225255,2076.6038067251015,2081.2835228439203,2071.1159441481327,2085.7431921203447,2076.4619145478746,2081.980639916865,2082.8303985792295,2072.785584344558,2061.6561882090123,2101.752520034896,2087.45112355735
1994.0247549309952,2024.4095512865779,2030.870268247707,2018.8937149954536,2028.7735915667693,2022.2032515271876,2028.4802178560228,2043.6783005988634,2032.3560944394055,2062.1310955878266,2032.0913078197993,2035.4470928188548,2031.2362035589995,2005.6248669941745,2025.0926664870258,2013.5121615572705,2034.4190522159518,2023.0320362425348,2039.2865524792587,2039.4343449471414,2036.8614366307227,2023.579039243543,2018.9061735297719,2016.9832496725485,2034.2473736462582,2051.7648651183313,2030.1651510087959,2031.3831600299352,2035.080266581054,2044.3919159708557,2021.3712434462911,2038.1668540850553,2032.3273074785714,2017.4302068383543,2035.4937857023997,2041.4439818959984,2045.098440498652,2030.8526346699193,2038.0568544032997,2044.4672272966382,2038.4523809182547,2036.3709808670956,2032.300501133517,2019.8118884464845,2041.3361908266695,2012.7192632045924,2032.467399725768,2040.4776429270648,2028.078954641185,2048.4034186694544,2035.8839591018402,2041.9784717098792,2034.1642472761184,2042.819193346446,2039.3334925359866,2027.8697420692977,2047.5593160618148,2055.4116092309764,2030.1149060130163,2034.0056259029045,2042.5398367697478,2058.872858987301,2039.5043449420216,2028.4742324577999,2018.3370028155289,2037.2118701240022,2051.8332460315846,2045.7669751727924,2045.1833422649709,2054.603975553748,2047.0536529928559,2033.1923780631541,2053.5870743809514,2052.380162299665,2037.0449771030896,2036.2738384761508,2030.2425972492974,2054.659420295137,2049.163680670444,2037.4834316698416,2041.8961683716252,2032.3807161544828,2046.305962673872,2037.4486233346624,2042.611294777483,2043.6217481293081,2033.5776159417783,2022.5649624754385,2061.905781191217,2048.0791655653825
1957.1634185926703,1987.088525660457,1993.2147622959437,1981.3915332496938,1991.2713330952568,1984.3873740813785,1989.7065550565978,2005.3118882590136,1994.1483352474509,2023.5258480386854,1994.048523961247,1996.9153737916167,1992.886106023324,1967.9849022490916,1987.4656503527465,1976.072675883636,1996.3673779924568,1984.9938366427534,2000.9615429592175,2001.1105748835187,1998.5891507363422,1985.7330635091428,1980.8600611446393,1978.8233756236707,1995.6738372337659,2013.040538922163,1991.873823015719,1993.3349883240044,1997.117216457861,2005.9958284787863,1983.3828234666844,1999.5940154956368,1993.7761416783799,1979.5492524796957,1997.1796495791293,2002.981213952725,2006.541246025656,1992.7373897842938,1999.8653893215424,2005.7863947592996,1999.884784647448,1997.7586896060066,1993.2637237428864,1981.7235301275243,2002.894043208411,1974.769311375876,1994.3757641757365,2001.9257951697691,1989.6922216963665,2009.4939893920357,1997.798732093531,2003.6861634559357,1996.0161466983748,2004.4271255884235,2000.5631939917557,1989.7988962716645,2008.899669333282,2016.3468111288312,1991.7162326929276,1995.5994616760215,2004.1076320011446,2020.107309143972,2001.4133005687706,1990.592223873311,1980.1641998025925,1998.76598748429,2013.3327688062298,2007.1727645883955,2006.5703598051423,2015.7061946446884,2008.3494954036548,1994.7071890318196,2015.1600532857956,2013.7532187771023,1998.9101997911241,1998.016697880491,1992.2816535333561,2015.9418468639842,2010.5764305582873,1999.0358356732997,2003.400084214237,1994.0722596654243,2007.565416668879,1998.8460103360685,2004.0422725786711,2005.1941412406197,1995.4041419094865,1984.7345407650728,2023.1885467444954,2009.3812630399934
1919.7538491735213,1949.5268657518548,1955.3099089286789,1943.5589471157664,1952.8715068051063,1946.6040426289444,1951.9418830540928,1967.2322908806254,1956.417723236855,1985.1784556193359,1956.5065795694375,1959.399658591876,1955.3662332760023,1931.0130342671766,1949.967727989808,1938.7621901291839,1958.643154771217,1947.6311048636835,1963.233182889325,1963.5558876283621,1960.9661591595861,1948.2683879980157,1943.6294762100397,1941.885286535731,1958.2376386511116,1975.0672414645358,1954.7020676379063,1955.6583098156295,1959.154201190642,1968.2304843436905,1946.3325729278592,1962.1296787099309,1955.6977730919764,1942.522051154959,1959.8290730252654,1965.3437798581472,1968.6683682537866,1955.246059919217,1962.1173833063121,1968.1146759960295,1962.289598238451,1960.4972880478415,1956.0894177070586,1944.1240022847112,1964.8447014525648,1937.4359795567998,1956.5539574549555,1964.2990801354044,1952.4389870624025,1971.8249309273724,1959.8679240427691,1965.7416147035935,1958.3807241860143,1966.6925384539338,1963.2129204362639,1952.334711668901,1971.1625967552861,1978.4045901999582,1954.1546003096382,1958.0355958117632,1966.0870618501274,1982.0014044530692,1963.69518174872,1953.1294873155402,1943.159623160235,1961.0792569944779,1975.6013158746944,1969.5803787554196,1968.7130627426532,1977.9130923192006,1970.6308840764939,1957.082070536958,1976.9185915983142,1975.7891288243193,1961.126114034468,1960.5185269400633,1954.9777891593785,1977.8406358589007,1972.338504304712,1961.284297119313,1965.6995605990185,1956.3573236066359,1969.647746782189,1961.1404837828268,1966.2265189708314,1967.2620242815021,1957.7695172728456,1947.179155139198,1985.373709120158,1971.4825028540154
1883.9890052545832,1912.732578400386,1919.0716909693847,1907.358547828938,1916.322829881271,1909.9747720148082,1915.2891980248141,1930.1359143648142,1919.5146618836309,1947.822091826685,1919.478867188717,1922.349899739059,1918.6280188516073,1895.0236281344748,1913.2053791988528,1902.163815127061,1922.1531109070977,1911.5213018047716,1926.912578941489,1927.1977992826187,1924.2311762181798,1911.5184961244531,1907.387735670599,1905.2728150082803,1921.3825380329981,1937.876233898946,1917.6567173867033,1918.824685092952,1922.6313802400412,1931.2302900824704,1909.349828378953,1924.9333869982975,1918.8537060274214,1905.9791023385224,1923.142567608178,1928.4875825020456,1931.827549572636,1918.406721243721,1924.9023119362935,1930.9857205277215,1925.3538940485953,1923.5470252559317,1919.1333343350968,1907.6772004789675,1927.8764610547767,1901.0322320433534,1919.6628680070462,1927.1653261774352,1915.9836465066485,1935.0142888703906,1923.4432065039348,1928.8805858283006,1921.5113680769484,1929.706545094984,1926.1810191629972,1915.6339923730802,1933.8915706245905,1941.0781674041127,1917.3836209260307,1921.2500865530794,1929.0556091982116,1944.4804917423787,1926.5179432126363,1916.169795670865,1906.8493970525826,1924.1700173843692,1938.2956055701243,1932.5980891389854,1931.6811805478608,1940.424968979786,1933.426347024644,1920.4602142415777,1939.6180300738586,1938.2677832614652,1923.9340669501144,1923.6158842885814,1918.023222427897,1940.7346224300406,1935.341854186793,1924.3019541683027,1928.7291942823622,1919.474046161876,1932.680101960753,1924.168368276526,1929.3906680997209,1929.995820181375,1920.8912894644006,1910.5290512364961,1947.7458803038535,1934.458101113977
1848.8982759877624,1877.0401161387088,1882.821040822918,1871.8671460369308,1881.0137179097085,1874.7167986470897,1879.6674531999624,1894.1663331772004,1883.600506806961,1911.225256882107,1883.632785340954,1886.2177642681338,1882.257458117637,1858.9299717864326,1877.0175691481681,1866.4228464649375,1885.797332425179,1875.143976031718,1890.0169769627962,1890.5575984744098,1888.0949552576792,1875.6165649689258,1871.591393581709,1869.504792042548,1885.1534128273736,1901.2170141742583,1881.4077789370833,1882.6675540534409,1886.2326969791047,1894.7814264935396,1873.6005701701067,1888.8248607456815,1882.686155064054,1869.7678541231483,1886.941373645505,1892.223075898347,1895.6147426166344,1882.5528673409578,1889.2818496185935,1894.9089117686053,1889.1847920741811,1887.2284719981963,1883.4814233745403,1871.9983611491689,1891.7345943943712,1865.1482350589874,1883.4971169270755,1890.749118581909,1879.8082765683341,1898.3344647152314,1887.0489651950074,1892.819104316389,1885.6356844806407,1893.578013954392,1889.9645328903034,1879.3557927779545,1897.749671281745,1904.6734423654632,1881.3698587854335,1885.0457544564572,1893.0444905533168,1908.0551048680388,1890.3749611719584,1880.1723284362479,1870.5561878715464,1887.783582966202,1902.0577640315105,1896.5694110501543,1895.6371690030549,1904.1403515819868,1896.868024754317,1884.1705551537573,1902.913249300306,1901.9191543131064,1887.6587888718561,1887.0935722757422,1881.7911099888343,1904.1682090720813,1898.8232373157346,1888.218276631702,1892.5840677018862,1883.7266145211506,1896.3244995014948,1888.2831618563616,1893.0681078144692,1893.9806928264954,1885.0477143947148,1874.7798169126143,1911.452615902108,1898.438165434557
1813.3612603795707,1841.5366249163571,1847.4818219531398,1836.1480220247693,1845.3334792114974,1839.422455080914,1844.5713423468385,1858.5850067127124,1848.1484027803933,1875.4738668973305,1848.2223707727987,1851.125657734592,1846.9890201549333,1823.9097017854072,1841.543580834992,1831.101510606288,1850.03745947452,1839.9071676083822,1854.5124930103111,1854.8361705204877,1852.6764584687555,1840.559406797868,1836.2505609950992,1834.649543439625,1850.1176751149935,1865.802428068908,1846.197275902651,1847.3523637266617,1850.831758545208,1859.1949437394849,1838.3252525314576,1853.4405986885074,1847.4853309110451,1834.6797713009464,1851.4399351236507,1856.6289978610519,1859.8019956919288,1847.233732009674,1853.3642594177518,1859.0514358715993,1853.6215922920237,1851.9325691914548,1847.7113907982605,1836.6095572947295,1856.2781861023138,1830.4151407687896,1848.5517282315016,1855.4489502876895,1844.3136400420583,1862.7177687957312,1851.502559631158,1857.132092012229,1849.977081400403,1858.1089175277139,1854.6694020482462,1844.2988128135137,1861.9924060577343,1869.1470269963327,1846.3460742463446,1849.738124352443,1857.4568182729802,1872.3143894000598,1854.729890564342,1844.905581534278,1835.8018705665856,1852.487991476679,1866.1733766385894,1860.7916659298644,1860.3202656808917,1868.211998664894,1861.2745989089742,1848.6302750951872,1867.0448901602879,1866.4362197547252,1852.6124382641203,1851.7685680618076,1846.6406222008127,1868.2863684277834,1863.223064952051,1852.7756070393455,1857.026096195362,1847.9960833259504,1860.5678508107057,1853.2558225051032,1857.6043800202758,1858.5165373341176,1849.706522005107,1839.533778548259,1875.2502012881514,1862.57634374938
1779.4919712593428,1806.9074892891974,1812.2921867361435,1801.7385083414047,1810.3885555169336,1804.1523605674367,1809.9640100939341,1823.3412114911525,1813.286148974186,1839.8115198619455,1813.153372959402,1816.1667554549756,1812.444364545043,1790.0044596475789,1807.4847862807603,1797.40182581277,1815.8059662697779,1805.4091298589074,1819.8128813111682,1819.9342297924543,1817.7152452993878,1805.9629810709314,1801.9302222793283,1800.2015638942614,1815.2767794818774,1830.868269064673,1811.6741458398365,1813.0496659715188,1816.161415951841,1824.2113910097148,1803.8563378845765,1818.6237893666566,1812.7527033672816,1800.2789298470661,1816.3085652275622,1821.6307743997622,1824.7825990547638,1812.2083196293315,1818.54423365478,1824.2558560925916,1818.605358741114,1816.927610945745,1813.4211775327951,1802.5099655463712,1821.3679796092836,1795.9517573029427,1813.644217770687,1820.5830600798272,1809.444428528409,1827.607172739662,1816.6534206574713,1822.0340173053658,1815.1318378688748,1823.1283689496802,1819.597494073391,1809.5703160348164,1827.3602279559318,1833.8031126207643,1811.480356268733,1815.2757424547747,1822.7545232857954,1837.1877967754344,1819.9244242058157,1810.3961631993325,1800.9158809734636,1817.5418580911721,1830.986375523845,1825.7405986799147,1825.015892682225,1833.1358495900286,1826.469400268146,1814.009469655346,1831.8966640221558,1831.1815158832435,1817.6995515143253,1817.2968736569037,1811.846177476081,1833.3334573470668,1828.1305938669395,1817.9376248916124,1822.091892965447,1813.1595933379301,1825.5373569965932,1818.0902630677253,1822.6947264311973,1823.876089018505,1814.7639313176321,1805.0088842874675,1839.945586358297,1827.5821404432318
1746.1133953581493,1773.0218495676297,1778.5654352073454,1768.064128011856,1776.165757867636,1770.0339827325836,1775.1546277924197,1788.6304229628174,1778.8890459281545,1805.0896750697696,1778.9702246962381,1781.9696403758628,1778.332475159663,1756.1727879820128,1772.9454776178227,1762.724586694986,1781.166820793552,1771.1081547599244,1785.2705919658183,1785.9733977529984,1783.6672623330658,1772.116599466942,1768.0840486288769,1766.3181027439186,1781.0568520111774,1796.872248610908,1777.7937906699253,1778.8892963347528,1782.1356813847715,1789.9504687748722,1770.0864075797774,1784.4095814548637,1778.6598776735311,1766.4866036265555,1782.2082858648673,1787.2320389833076,1790.4641318024435,1778.2185003273341,1784.2557781690812,1789.878362937854,1784.756708080254,1783.154353268519,1779.3429174304395,1768.3565018721708,1787.059813926444,1762.115019035163,1779.4924664597838,1786.5214344232197,1775.4472329174396,1792.9407024990949,1782.4880481524458,1787.5065155108439,1781.0375257500975,1788.7325261789936,1785.6293842119412,1775.7067847947465,1792.9099946495107,1799.5479875928613,1777.758849171111,1781.200413035782,1788.5397329312316,1802.8544291813675,1785.9110321430483,1776.2663339638684,1767.2908212354296,1783.5705935253948,1796.5304787717093,1791.2970483126408,1790.7236176777596,1799.1121476357985,1792.255123389438,1780.8948785804378,1798.2102917001605,1797.1459729051219,1783.517085858977,1782.8813427598618,1777.7623199521665,1798.741475760555,1793.792253485283,1783.8932799828065,1788.0923821245433,1779.0718195267443,1791.1869759518038,1783.9269545591967,1788.3582162485943,1789.3226265242558,1781.0496357363065,1771.1691214484324,1805.4007426169803,1793.0209866219748
1713.0132184381348,1739.0193676535534,1746.1542136560627,1735.4081325245218,1743.2446681907525,1737.6780662159874,1742.2885504351789,1755.4408786329514,1746.0204146293918,1771.668426748329,1745.8011648072459,1748.4862469818447,1745.134692254456,1723.2604018404134,1739.9563483588524,1730.0484090647712,1748.0129422728976,1738.187646942297,1752.1429495972727,1752.2158076897458,1750.1720654628905,1738.7401001345715,1734.6307721994242,1732.7037390130865,1747.225307870741,1762.2761850617142,1744.098616318007,1745.4851149040303,1748.8562961032521,1756.7256038112373,1736.917970251139,1750.9594832268933,1745.2448823810719,1733.4531026512261,1748.7385899883832,1753.850483136526,1756.8731904905908,1744.7693643224354,1750.6327274476125,1756.0041508717986,1751.1004618400304,1749.3053647098116,1745.6371649702967,1735.2957044950442,1753.9028985256434,1729.3596260733373,1746.4400254172115,1752.8667494757776,1742.4147292924642,1759.8699595648006,1748.9430481377256,1754.2177513057065,1747.3802982552788,1754.976526680947,1752.046071026172,1742.7440912051152,1759.6404562437294,1765.936383753655,1744.3766491005688,1747.6530477726456,1754.6500623994361,1768.6860031874996,1752.4939923188003,1743.178620968197,1734.2679503026422,1750.2887044012557,1763.0174288869491,1757.7086039732806,1757.2458643326456,1765.1359679117784,1758.7180069889582,1747.24360217237,1764.28378262218,1763.175562797428,1750.214461685113,1749.6418019904465,1744.2678403291393,1765.0930730975167,1759.9660181438833,1750.515912795364,1754.255313149685,1745.7677911951257,1757.737759501191,1750.4032806590496,1754.8344138445834,1755.8424535943614,1747.3053885167144,1737.890074362366,1771.638891493828,1759.28363645642
1680.9087681639278,1706.425547130103,1711.8465404426236,1701.8316377794642,1710.2712160630047,1704.9308924106233,1709.8209337353348,1722.6782117020864,1713.0429212981346,1738.21841681175,1713.0951087823757,1715.4703145381454,1711.9238889777778,1690.964167726,1707.5167037871568,1697.876503583517,1715.25577705304,1705.6750872060018,1718.985092816007,1719.2265280442614,1717.2343217703346,1706.1514507062604,1702.1025138877449,1700.3856161107733,1714.591365787098,1729.2581321194014,1711.1443227528816,1712.4137370634344,1715.6597207730329,1723.5342582794647,1704.2411925084746,1718.1436728608303,1712.9795486854066,1701.119969775819,1716.1926555364887,1720.869310413346,1724.1147646022694,1712.1993754272828,1717.9637150849646,1723.4015504465235,1718.402978849714,1716.4317087832958,1712.536607142615,1702.5913072339354,1720.7444595513027,1696.815983579968,1713.9039307740597,1720.4286287224868,1709.9456234617774,1726.7894313892841,1716.4990361837629,1721.335956811565,1714.5964678680587,1722.0104850551381,1718.9173414909171,1709.47891232388,1726.8332636621255,1732.730516558464,1711.5303048846636,1714.7657104635798,1721.8578564713034,1735.4635920694311,1719.752523655453,1710.5233378345522,1701.6621662649056,1717.4722143289175,1729.8989792602067,1725.206769266847,1724.2881504591353,1732.0597119308252,1725.6384664354225,1714.4047984483052,1731.2559067761197,1730.1365302853098,1717.198541278538,1716.6976741433393,1712.0191316913906,1731.8876067786869,1727.6933907239497,1717.4256773792315,1722.0992176369607,1713.1836435895582,1724.7084695946996,1717.6459325127246,1722.5240481162975,1723.1810884526376,1714.8796794745958,1705.4959798314524,1738.2808998268783,1726.2696561334121
1650.1153945450299,1675.0279403174984,1679.939344372074,1669.8888604280162,1677.9622288033108,1672.4834902191378,1677.4380708349145,1690.41251545832,1681.502163009441,1706.0774555814558,1680.968934765082,1683.649980857295,1679.945127579256,1659.2055510392,1675.3646142091884,1666.4419899128086,1683.15704693674,1674.0471641247132,1687.066483018796,1687.0840618333941,1684.9621229447519,1674.291179470596,1670.0770029229225,1668.409938658632,1682.4582335220348,1697.0181284450475,1679.4912890002518,1680.3738447253534,1683.35637016228,1691.0149336985335,1672.0869091994234,1685.9529443208476,1681.0161750139223,1669.309681163134,1684.1829690641414,1688.772930212902,1691.43490016201,1679.9633967282864,1685.7866889038112,1690.9049603093865,1685.8608479748348,1684.1509031048117,1680.325513639431,1670.3292827508974,1688.3483942663754,1664.7375905086335,1681.5995037505684,1688.009878470348,1677.8641268329,1694.5358259506872,1684.5233124469141,1689.6898559426584,1683.056933168213,1690.1387911036675,1686.69410863292,1677.3473262611735,1693.8590458375986,1699.86140931729,1679.1252057976708,1682.6645824991876,1689.7838045630224,1703.042638001599,1687.3399100621155,1678.3025675221554,1669.8904980900786,1685.1842548954028,1697.4176741381814,1692.424104523722,1691.8901828536325,1699.5615020812613,1693.3056985259902,1682.0911708177257,1698.5903408450806,1697.658192933024,1685.1963128548907,1684.3274692550333,1679.9335719741814,1699.9807966568417,1695.2778457101583,1685.355393689991,1689.1112226459634,1681.2512811595589,1692.2513074767228,1685.3606849161154,1690.044066661255,1690.13309109664,1682.3996882569434,1673.578372219168,1705.7629829290117,1693.9646002132783
1618.6853378322405,1643.5375033500568,1648.7541462535034,1638.9620461973545,1646.7083878688156,1641.2126796173113,1645.8371161444802,1658.5477460846093,1649.4489023797162,1673.4640973871544,1649.3451888200673,1651.8760440367362,1648.527526727018,1628.7011224781925,1644.187542861314,1634.835138695836,1651.6544366146052,1642.527568826039,1655.5656067366845,1658.552877822928,1655.3553570657778,1643.366390468779,1639.4710247720557,1638.021817874377,1651.7188568776194,1665.5591876675032,1648.1365813128493,1648.9202397353738,1652.3303843445335,1659.4371966323959,1640.8193728142444,1654.0629293662796,1648.8448113852417,1637.8450263889818,1652.4477227217687,1657.5628699785302,1660.1721182356703,1648.596132377996,1654.2508793272546,1659.103198262074,1654.311817105894,1652.7656200709168,1649.1157461513073,1639.1689222394518,1656.6671763365866,1633.498415454919,1649.6490870463103,1656.1416866472373,1646.2067549017765,1662.5854785852043,1652.953863070438,1657.6991483791173,1651.4454280870098,1658.5191975140515,1655.3303768653668,1646.2800094933573,1662.1705516048626,1668.088477947308,1647.8029985866358,1650.6776896586991,1657.749449564685,1671.06570266201,1655.680061648892,1646.8051727589273,1638.5111673205295,1653.555138182853,1665.5050295150177,1660.6507023040924,1660.2618632426063,1667.6461542221832,1661.618376122732,1650.7339946132945,1666.7608322287522,1665.791134383838,1653.760967908265,1652.864216645689,1648.499245125424,1667.8039937401488,1663.425396060159,1653.9421368580195,1657.4832552387516,1649.4858436438844,1660.8414977561017,1653.7813883541269,1658.2100733243349,1658.8160240672962,1650.446588637322,1642.034371967593,1673.7347083871591,1662.1881318474534
1588.0867086551189,1612.251875510041,1617.8253196342132,1607.967667096392,1615.4276522582838,1610.3289916742403,1614.6923212693712,1627.4296905428407,1618.175988052218,1641.730716606656,1618.4675291180847,1621.1633633696254,1617.8015773153058,1598.2957056063817,1613.3470152348455,1604.027790055422,1620.5410398689066,1611.4546127564952,1625.269801392262,1624.877377284856,1622.5197330611243,1612.7494630464507,1609.1444881093755,1607.3458067057918,1620.511992680346,1634.2497726299732,1617.0464757224306,1618.6851943067604,1621.5497865603377,1628.6410680228682,1610.3195290105575,1623.9446051495452,1618.2969177317266,1606.9368877481454,1621.2024378609533,1626.078447186953,1628.9895150722703,1618.369645801052,1623.5831125490101,1628.5452032121568,1623.6959127387229,1621.963700766083,1618.0995272926702,1608.492842861862,1625.4770910965442,1602.6926783296697,1618.7822860213246,1625.1330051999068,1615.206911917466,1631.149343797104,1621.7154156368588,1626.6894781091048,1620.2229287747516,1627.338937747094,1624.8452394441526,1615.5344743451244,1631.109092416942,1637.1457417415706,1617.2231982477533,1620.1877097266406,1626.5074247589955,1639.591483936654,1624.4495154467602,1615.7288498068253,1608.0368553290584,1622.7655781939984,1634.8388308533033,1629.5712328334969,1628.9489270855756,1636.4805333429476,1630.67577586878,1619.845419159739,1635.5710080130868,1634.8462290774307,1622.5898788558463,1622.377874795474,1617.7292483866343,1636.7618571805317,1632.4640013231249,1623.143671765257,1626.525542556473,1618.487478369768,1629.7917194656502,1622.655599182103,1627.1320825222053,1627.5370722067953,1619.5630689412149,1611.1394539900355,1642.3555829794416,1631.061772953394
1558.7577822924077,1582.4957479784423,1587.3955623201955,1577.9206749985203,1585.676257615495,1580.4864123475493,1584.806258390376,1596.802051954557,1588.0009289759,1610.9800719670145,1587.7519290891698,1590.5316519293538,1586.9829880497919,1567.534763615974,1582.8302997259623,1574.1958875703942,1589.9289899883595,1581.0911503101618,1593.8191563110115,1593.860210706746,1592.1711126420353,1582.29177961047,1578.3541659610291,1576.7476793564313,1589.8981624975643,1603.8772684272833,1586.9215103715158,1588.033642523016,1590.5782815024822,1597.6625866739184,1580.0835865813317,1593.183743062735,1588.0490740542054,1577.3312754569208,1591.1711517024796,1595.5988059900922,1598.3153026136297,1587.446257609963,1592.924172811341,1597.8565886080714,1593.335933432515,1591.6610938613715,1588.0981586286796,1578.7657539421134,1595.504671820311,1573.3218772583107,1588.4503127278115,1594.7677739952314,1585.0570203669579,1601.1661063272256,1591.3779019334277,1596.2092787460842,1589.8760706408418,1596.9394528682744,1593.6880773564978,1585.3330144508097,1600.7848177572214,1606.6489353293375,1587.1850761952264,1590.0051300543137,1596.2389355744556,1608.9352206253577,1593.6742408588864,1585.6037031893784,1577.6767510661105,1592.0682477814905,1603.6618566219474,1599.0797055591356,1598.5007991271339,1605.8623802407662,1599.951288601581,1589.4027262442148,1605.034540186468,1604.46211860246,1592.9972675886872,1591.955699111444,1588.0690318623103,1606.398609116283,1602.2566107846603,1593.2397941841546,1595.941930448913,1588.6243870283015,1598.9271007747295,1592.39637566092,1596.4422240405454,1596.9748139208984,1589.291189741453,1580.8776163714208,1611.6401026824267,1600.7484011450515
1529.1723884000241,1552.7785946164856,1557.209256200025,1548.1163919052094,1555.5535866596847,1550.4950198171566,1554.8306257759489,1566.8130067507211,1558.4124385137281,1581.1587814285547,1558.6943911228934,1560.8290769397593,1557.7330024812588,1538.4004065534327,1553.673234706315,1544.7587502023707,1560.2668518141845,1551.6989133404934,1564.013831314205,1564.0214209848625,1561.993315368907,1552.3176053440484,1549.2744142391555,1547.583985623148,1560.6297996689282,1573.999051754499,1557.3529801909363,1558.2991791176116,1561.4035177168737,1568.0789223098552,1550.3200588721672,1562.8469033236552,1558.1175217344462,1547.660694455025,1561.4299790011103,1565.679484239495,1568.6822732131952,1558.083124537693,1563.194772103604,1567.9952879311961,1563.4544555636421,1561.8172089008149,1558.4375492490065,1548.9134091473854,1565.569690558674,1543.906538765582,1558.8177667094014,1564.8209080409772,1555.0999952415305,1571.0053253648696,1561.6696354173157,1566.2319420040376,1560.3495599123,1566.9182043791898,1563.9696241875454,1555.3852134060053,1570.896084766138,1576.635069246967,1557.151470816988,1560.1608621644598,1566.6277770234976,1579.0139517899017,1564.2628887120966,1555.851135585712,1548.433194338865,1562.5656571568763,1573.9379085106063,1569.2530919838673,1568.7972499885261,1575.9453405996946,1569.9188331182088,1559.5896505447226,1575.7262827564239,1574.695470213659,1562.7838543648913,1562.0851161874286,1557.6814691390382,1576.2475747509418,1571.1298854622003,1563.2452305394238,1566.442230197399,1559.3570472699876,1569.2125928592552,1562.7382208008419,1566.3148643703928,1567.1186798755718,1559.3838017196322,1551.240763682193,1581.5475180216501,1570.385076471648
1500.8811059158509,1523.6740511962125,1528.6157924037034,1519.4501186193136,1526.4825248975449,1521.4541172171146,1525.9448361472996,1537.654727465914,1529.1526478109017,1551.8486165865968,1529.4608387360638,1531.2796466327225,1528.2161213667348,1509.7206135366375,1524.237327046513,1515.7941881971255,1531.3668037726827,1522.778017828734,1534.8451174353324,1534.7791878061523,1532.6860333355125,1523.1199222970245,1519.3190339669482,1518.11049913161,1530.7970563050287,1543.8199697741923,1528.1748078066732,1529.6815025659898,1532.3053558374475,1538.9586796212077,1521.7725451989984,1534.298165151982,1529.7066208862077,1518.8884038047563,1532.0310579071083,1536.2984493758388,1539.386393996546,1528.4750217139008,1534.2478702162932,1538.6720734492328,1534.199215414624,1532.7115740905438,1529.4489463985828,1520.1818474441616,1535.88534407072,1514.6263758774812,1529.8084251509881,1535.4372296637764,1526.2737010907085,1541.3155730599356,1532.3503955769427,1537.0071448876204,1531.1906170381462,1537.5696056617128,1534.5536216765965,1526.3728043308208,1541.2059128243102,1546.8615481596987,1527.9045221843728,1530.9211519230396,1537.2898695506956,1549.4773430412608,1535.3958370480461,1527.1225789236976,1519.2344661365778,1533.0818027233254,1544.4361372357353,1540.174857950419,1539.754973552557,1546.7610933809094,1540.814163539525,1530.3334231472088,1546.0369250011306,1545.073927025195,1533.5907349863485,1533.2354160712366,1528.5910357222092,1546.7167814583663,1542.251427579451,1533.4799460625318,1536.5083910908481,1529.605532003341,1540.4192763015617,1534.050986423099,1537.1965377841425,1537.8239310679662,1530.5788830276276,1522.1460490984339,1551.80899374448,1541.0480299965586
1473.0024156287993,1495.2172649156355,1499.882636263878,1491.00252675563,1498.636118729365,1493.6669229493364,1496.951511061573,1508.5329984236269,1500.2275184141433,1522.2781350056314,1500.6168137053667,1502.6573695069462,1499.996072970167,1481.2831346045798,1495.8779424531238,1487.5784918288607,1502.4979240701261,1494.3564077710234,1506.0274122984226,1506.0379080049734,1504.488896652719,1494.705896027487,1491.3060886636588,1489.7183321615432,1502.3955052718268,1515.2714150089075,1499.732925566622,1500.531415765405,1502.8911959082604,1509.715715360767,1492.9900541965897,1505.426629479791,1500.5489207229955,1490.1175695489746,1503.7700916729254,1507.9983280615259,1510.7305037667093,1500.133600410589,1505.2721772451596,1510.3474107727468,1505.7630900964507,1504.1339459948795,1500.4258712091394,1491.6334866175002,1507.4944919532606,1486.4700361689138,1500.8796482345315,1506.7028588555097,1498.1430844730942,1512.8254726312389,1503.826479544591,1508.0969658408906,1502.464514291372,1508.6138395983962,1506.0607061341068,1497.9460533514177,1512.2622761878818,1517.89488308865,1499.7328179344322,1502.3862251798546,1508.315148676115,1520.5382585208208,1506.8684469447278,1498.3809913767518,1490.665443044004,1504.6488351772252,1515.3968375541378,1511.3725040479494,1510.8368089698245,1517.4362485922486,1512.069966675881,1502.176327766776,1516.6582369145526,1515.9994084292168,1504.8437353992667,1504.6146686866787,1500.0516474063452,1517.779758442129,1513.1537510994278,1504.790954222619,1507.7036683165895,1500.778565261463,1510.9730966315499,1505.1446914006601,1508.7340733541778,1509.100473689721,1502.293327947432,1494.121235580358,1522.853620170108,1511.9857301127495
1446.1655418842756,1468.0865349541627,1472.3703192345572,1463.3143183955083,1471.6777048955453,1466.4157069854957,1470.7053585217311,1480.99671149417,1472.8278085138215,1494.2328361719717,1472.6236725320389,1475.0118398914108,1472.2680883347366,1453.733218847742,1467.8512422572942,1459.5737411993225,1474.7370594054712,1466.5267181237223,1477.8096691178578,1477.96863537647,1476.1966345481396,1468.560421406547,1463.8358636431974,1462.3343738517285,1474.5071070460117,1487.0871444907878,1471.4414723856044,1472.685366104685,1475.1243191365918,1481.5406234359245,1465.0277821547331,1476.864612995759,1472.5647422936288,1462.741691924409,1475.4579535631995,1479.712560324945,1482.4193541743819,1472.3631547548432,1477.17366925476,1481.735303655971,1477.7485795338946,1475.8813907420906,1472.5538601627734,1463.8632873728066,1479.0817481936372,1458.4130241090045,1472.8134504790216,1478.579118888657,1469.5617148410063,1484.2804587747721,1475.6815169117233,1480.0526616121763,1474.439233292567,1480.5735876267347,1477.736133945941,1469.7517024367105,1484.0050692577715,1489.8066751286142,1471.635119597954,1474.3795458549084,1480.329888120048,1491.9434184846805,1478.5903019530579,1470.4668176169362,1463.0874552289977,1476.441978961897,1487.1067659107123,1482.8153623096462,1482.4772235921635,1489.37835483069,1483.9981965614195,1474.256735487779,1488.036538018614,1487.9451213695145,1476.8488697494033,1476.0725223206725,1472.147430537314,1489.467617884323,1485.1988499040788,1476.7526757104197,1479.8220031924138,1472.8588773341805,1482.8262280429892,1476.6235603216282,1480.2117627859725,1481.5247616119602,1473.663286184762,1466.7020441347886,1494.2181232959035,1484.2859989081826
1418.3425857909815,1440.273308532448,1444.983365467303,1436.6643989470158,1443.6710666648216,1438.7924551969857,1442.9205831601614,1453.7344646098702,1445.8946515564278,1466.4564708370974,1445.4946981104995,1447.983512913189,1445.1725654936852,1427.2855892271575,1441.4043587980534,1433.2001986995094,1447.5089239109275,1439.1990348147986,1450.5357212905456,1450.636801055922,1448.745965521086,1439.944948655745,1436.4903707586736,1434.5743725566292,1446.6248556713863,1458.990624489804,1444.1294003450278,1445.3347729163163,1447.826256133414,1454.4569243991145,1438.4085537572128,1449.5658175357692,1444.9863570346506,1434.9574802592836,1447.8489473775699,1452.0682293718703,1454.5319938912437,1444.2903912173472,1449.3949990812835,1453.8717390130125,1449.8324090360868,1448.8075659414133,1445.2675711662507,1436.5303083347162,1451.8878391288797,1431.2288996543482,1445.1690357604118,1450.792385671584,1441.975961518372,1456.7358043185577,1448.413534453042,1452.3601419691058,1446.7346535209342,1453.692482583466,1450.5289631470341,1442.8621075640915,1456.8058335885196,1461.9231501387942,1443.9754866288342,1447.2323851711553,1452.6293277432194,1464.083200470688,1451.1657443168071,1443.142322035079,1435.7417184937437,1448.9665255987336,1459.4592249164655,1455.221813238875,1454.866141912067,1461.2721753254164,1456.0637520838875,1447.0282238311622,1460.9621504327051,1459.786129352007,1449.2663482579476,1448.3959318222308,1444.7757074402277,1461.3393880801648,1457.4748178568386,1449.1982528941505,1452.5102454957805,1445.3941120000643,1455.2749066529489,1448.9313630334202,1452.7283394353415,1453.2893082493363,1446.325963937771,1439.0896298797106,1466.4524968992093,1456.2550334832529
1392.5395781754305,1413.6829705422158,1418.7922535223513,1409.8573475972516,1415.751246830898,1411.429684918732,1415.3158182498103,1425.8459471689587,1417.9033140830027,1438.522330777367,1418.1262887982164,1420.0567924524264,1417.568697892978,1399.7658422678849,1413.5496392277919,1406.0610609812995,1420.2376136724167,1412.1395492555203,1423.4198335989856,1423.4130146535665,1422.1313914421073,1413.0453202004237,1409.5296865940998,1408.068116261661,1419.8025222826393,1431.723844946361,1416.892569119087,1417.9736992947376,1421.1568817559355,1427.0872360502005,1410.8286232427915,1422.6193462599201,1418.389255849461,1408.2002612731874,1420.7650415356163,1424.7231409759825,1427.3932350254274,1417.7437742732798,1422.830549794536,1427.0749505100773,1422.70984184427,1421.6227540757263,1418.639722708747,1410.687934043049,1424.9786921773023,1405.2513887514287,1418.589557839151,1424.3840522104147,1415.6502203969546,1429.489239041777,1421.011734184044,1425.0713323958914,1419.917648430922,1426.1829420904617,1423.4595953669195,1415.990861251598,1429.540578800389,1434.51225571756,1417.0433536836597,1419.8914898390412,1425.5794315300254,1436.8935347401396,1423.7441239049338,1416.2768219317004,1408.866829808949,1422.0338819473138,1432.4076552913084,1427.9861756529447,1427.7014697109496,1434.238882009222,1428.9666693260715,1419.6912534781507,1433.0222745257904,1432.5512853211742,1422.585597768939,1421.8075080246101,1417.9148694910884,1434.2941741583072,1430.241409768849,1422.2626164689616,1425.474050507992,1418.7458973375522,1428.2685385141422,1421.933870057301,1425.5937634280108,1426.2183369053264,1419.2062327189385,1411.9852596090388,1439.3223160117495,1429.0183586574392
1366.6084684277223,1387.0499125579763,1390.8316975066698,1382.9772053626682,1389.5311354706103,1385.415400471449,1389.238752664759,1399.250030312073,1391.5695587543603,1412.0710163688937,1392.1391557432805,1393.851675322225,1391.2153102712984,1374.3743983241075,1387.2039574422906,1379.190896735119,1393.4171979826963,1385.7449175743166,1396.804502955417,1397.073962510498,1395.371618698602,1386.2906905426191,1383.0113871934054,1381.2340921084224,1393.336768478973,1405.0409857313673,1390.3240935174272,1391.3389240991203,1394.3911789788317,1400.9156686060387,1385.001623704241,1396.3532478308882,1391.9666355272373,1381.9976093993273,1394.446821001612,1398.3245020723016,1401.130149544383,1391.341508765009,1395.871351154543,1400.6550585173525,1396.5850009915364,1395.3318245369835,1391.9520122302692,1383.8935479230004,1398.9098841077084,1379.09967114078,1392.0964156261036,1397.19736382685,1389.0326740892506,1402.976913364843,1394.4539481656866,1398.3659651857727,1393.2766652650296,1399.234222781619,1396.8948218604573,1389.7698308216216,1402.4481334964257,1407.8679779191345,1391.0291151327317,1393.7319844202782,1399.0680306703314,1410.174681746266,1397.1706211384756,1389.7995063512144,1382.8433332925663,1395.0545959105482,1405.465373478857,1401.5926543156975,1401.0234065823663,1407.1935015386025,1402.2249592770804,1393.7022720195637,1406.563063109785,1406.0409049982109,1395.6723957496963,1395.7852229392104,1391.1097846516552,1407.4523999447035,1403.6839511090823,1396.0497881592419,1398.5593175032652,1392.0959341936941,1401.5444845250624,1395.7154635406396,1399.2211362158898,1399.6531598489125,1392.9781059499016,1385.576144767426,1412.6592747093753,1402.633357541644
1340.738883971475,1362.0447327484205,1366.4297375288506,1357.801736984606,1364.2290616271541,1359.5642106356458,1363.0064482405103,1373.5535295274246,1366.083566585714,1386.677806887872,1366.2889052335731,1368.2185026251989,1365.2277133993655,1348.7834054663706,1361.6420671232431,1354.2598113054844,1367.7938216199193,1359.962193010648,1370.3247713228548,1370.6060902820402,1368.9309165001032,1360.0719091336307,1356.8591567860005,1355.612796979182,1366.802355897804,1378.7874334536482,1364.388107203857,1365.1893700471726,1367.8154430923835,1374.3138204926297,1359.0717419757227,1369.9425972006004,1365.8186953610557,1356.9862387263627,1368.7221214938609,1372.2090480401266,1374.1315650300496,1364.9168415024906,1369.6672735629797,1373.9799526719617,1369.926088607078,1369.2249946359125,1366.144687185935,1358.0064355929653,1372.6233427846082,1353.9390408313666,1366.6681817263095,1371.4876147395116,1363.3005484687435,1376.777990422803,1369.0873324937204,1372.9565014754846,1367.446522749188,1373.0234333498404,1370.61085588625,1363.1220936017776,1376.7655156282044,1381.63991174235,1364.6736222132674,1367.4992275613743,1373.048020336282,1383.839744179185,1371.0771468658943,1363.961258380444,1357.2321371443313,1369.1616881944437,1379.2393616041472,1375.247673391649,1375.0771899200784,1381.3169132727778,1375.8344550066831,1367.3978673404256,1380.8771251698154,1379.7433119394489,1369.7487558192113,1369.6170762136662,1365.555376600194,1381.1063838723446,1377.5761827964304,1369.9977256383763,1372.6834408676725,1365.9625761005207,1375.4547155241944,1369.648661452102,1373.0811212232309,1373.935275620601,1367.1712472767006,1360.3176323147436,1386.234166452639,1376.8232123311002
1315.6635147503187,1335.6116003799496,1339.9341876257201,1332.1783371417416,1338.3225208515807,1334.0348539099703,1337.9043352454726,1348.0886028900838,1340.718894165315,1360.264279598866,1340.8231997481362,1342.8635470058039,1340.6420702934467,1323.8079880626244,1336.4952095798728,1328.9910794177954,1342.8292869084526,1335.0532164310478,1345.328998780439,1345.2572371272333,1343.5287920833525,1334.7634805624996,1331.5476583282102,1330.2696950955403,1341.3615603270862,1352.8377001397669,1338.9281435408213,1340.4537718459292,1342.9811586005108,1348.8898308173837,1333.8183558879325,1344.3186317313582,1340.543441002973,1331.975621317699,1343.354328983655,1346.746579195413,1349.0142333851431,1339.7351269880908,1344.149643301971,1348.37567049933,1344.5231922158002,1343.3573651387176,1340.5026434992553,1332.6949872181008,1346.605905905413,1328.0475880476747,1341.14163296428,1346.314979383399,1338.3783245605962,1351.1951934746876,1343.1097900694103,1347.143093704789,1342.1283300944372,1347.4111579560847,1345.3908121310108,1337.7847778618136,1350.7916986742132,1355.6011365938605,1339.4181387465787,1342.0266215477077,1347.2287633029262,1357.9994674997583,1345.0996597153837,1338.2201188053853,1331.5256267779223,1343.7008096197858,1353.6463853161274,1349.726101322353,1349.3372335355134,1354.9875839722308,1350.506776978071,1341.7690952241849,1354.6632201853442,1354.2901275909737,1344.846634095695,1344.5357817134707,1339.6213984028725,1355.551687363959,1351.4836971247053,1344.4224831090498,1347.1630130347169,1340.9637376091825,1349.8248004871652,1343.9426547655978,1347.817312565904,1348.213964419182,1341.9180010935067,1335.1131613919626,1360.762743973934,1351.7814692583202
1291.683677252749,1311.1574612564323,1314.8427996680227,1307.4059624960144,1313.1518988752205,1308.4965262078745,1312.219390063268,1322.5462172187565,1315.4405375449253,1334.667775460229,1315.741932214704,1317.4713509984308,1314.6553243977262,1298.510786625807,1311.2898588873925,1303.8945448949519,1316.9180816037622,1309.996911810091,1320.288502197696,1320.4893542593056,1318.8712986011565,1310.4828376643638,1307.3149299781742,1305.997558799085,1316.6507459001314,1327.8509891147683,1314.2990588041005,1315.7284067125358,1317.2810243175668,1323.2191036214726,1309.0502162794144,1319.2725524263374,1315.4787645955705,1306.1807506886068,1317.5988211417296,1321.806256783436,1324.1326865369913,1314.8055233890925,1319.3489082804194,1323.427348198603,1319.7868758441753,1318.5417038206322,1315.7680044117863,1308.2045627613757,1321.9594179781334,1303.1961068909088,1316.0839643460806,1320.9884808387524,1313.3694056041406,1326.7274522049854,1318.8212027902528,1322.9696921795537,1317.3489123989964,1322.6330655639306,1320.1351617802088,1312.987126325339,1326.143382533881,1330.692271170078,1314.570751593497,1317.0988787122176,1323.142649476844,1333.109465357385,1320.5849856026018,1313.7208566154052,1307.0083093302912,1319.022687928934,1328.3911949167689,1324.9608654911785,1324.2866593118279,1330.3703645170883,1325.908442013184,1316.9690795873103,1329.5409733413912,1328.9409026955327,1319.412192721216,1319.4412589939634,1314.8244144288096,1329.866706274836,1326.5449121768486,1319.4424809383142,1322.523160140045,1315.945061429774,1325.1611302703182,1319.5779083284503,1322.381677011948,1323.0127665361354,1316.6409189817039,1310.0817945595102,1335.127530239786,1326.0545835362147
1266.4302691416158,1286.6620772640847,1290.3413519825633,1282.6171287444058,1288.540474749405,1284.5700411134749,1287.6529770365803,1297.3930787153017,1290.5705093815848,1309.5577098388037,1290.8097686955148,1293.5995765125665,1290.034458391948,1273.8839215826051,1286.553711342814,1279.2619117198094,1292.6633268624635,1285.0627455273432,1295.07724798202,1295.2937982758583,1293.9730002214158,1285.8859027801664,1282.7834563766944,1281.394591789153,1292.7198402532758,1303.5226283879747,1290.0320316987254,1290.9277898520315,1292.6141732346887,1298.7827614591636,1284.4910908466854,1294.8361477309752,1290.2162145022567,1281.53475136998,1292.859300979105,1296.6719248449797,1298.9270536781971,1290.0589595270505,1294.4427244243611,1298.1553103798526,1294.581789800301,1293.5722066116984,1291.219489820981,1284.095843386611,1297.2573890964525,1278.901505415502,1291.5521414276043,1296.4433903384518,1288.9640596036822,1301.4575875513722,1294.014915258052,1298.40747112152,1293.056409158251,1298.296377812091,1295.634996340881,1288.564673728283,1300.928955110365,1305.6720835525496,1290.4747169635255,1292.421671072773,1298.0720297522746,1308.2350673638077,1296.931193521919,1289.5418222395806,1282.850568039457,1294.4324057754839,1303.8530162860138,1300.0498446222812,1299.749918882138,1305.248434186278,1300.6251060642883,1292.3199612455312,1304.8332463495253,1304.4214239267665,1294.81290579101,1295.047189751903,1291.4304972208595,1305.698145881779,1301.8945127066927,1295.3192012462396,1297.8289304441403,1292.2746557466755,1300.3086755916445,1295.1143565649188,1298.5140000246172,1298.755982509461,1292.0687375342402,1285.9915761726982,1310.070727163156,1300.8278138928938
1242.763070146153,1262.0879923789525,1265.8694466924044,1258.6244596696642,1264.723808698057,1260.478786424273,1264.099746031365,1273.584651616288,1266.4787161452796,1285.347117276425,1266.5437442728564,1268.3939951203802,1266.2326235421303,1251.1387308555757,1262.5156109191992,1255.500997845513,1268.1589634584343,1260.8970412109984,1272.1515786488883,1272.0527988282836,1270.8988681456226,1261.8281170000969,1259.0108608137355,1258.0911685970634,1268.2012124298062,1278.8435463481983,1265.625482963857,1266.8452698653457,1269.6587339017776,1275.020168109575,1261.143415631208,1271.6334335102963,1267.5367925001556,1258.4974164022083,1268.824150984661,1272.2385524959268,1274.8106885694885,1266.2411583754322,1270.1801632546587,1274.383326652711,1270.4388369484107,1269.5339392540639,1266.6463793651935,1259.1882360415568,1272.8063837081488,1255.863149893574,1267.7893926285785,1272.1825103151652,1264.5329386267829,1276.9551934282406,1269.5260719828332,1273.5015133702032,1269.5474970232137,1274.1318922989003,1272.0498117713162,1265.0157531958714,1276.9137617893066,1281.0815290171854,1265.993615382862,1269.2250158187665,1273.5973460782027,1283.6120063557871,1271.8676945269156,1265.472969363232,1259.3188843107541,1270.653507140429,1279.9088182901571,1275.9956613531533,1275.7613763528245,1281.7589472590817,1276.651987436785,1268.1909939350069,1280.560200482623,1280.591017917199,1271.1901313481487,1270.536853955077,1267.0036522233866,1281.991599077505,1277.9190590760948,1270.775942412711,1273.6187430520301,1267.6785237146312,1276.9042062722099,1271.4865736254822,1274.0390294990116,1274.4932851022634,1268.465262084337,1262.4995944691311,1285.6184615376158,1277.1229910981817
1218.9153630238482,1238.1916638073835,1241.5497141384512,1234.9587740314248,1241.587399089357,1237.4926668143662,1241.1688255134513,1249.7057979051676,1243.5253633474583,1261.3817948069857,1243.1982390938745,1244.9525478004011,1243.3919923679016,1227.4839616575136,1238.504128126234,1232.2365096586852,1244.6326768948868,1237.8080619691052,1247.3970905477925,1247.7409225992167,1246.1700000050434,1238.7086253591171,1235.8835542522402,1234.44516814738,1244.5334923499547,1255.044576512003,1242.2448512084732,1243.1163295872093,1246.0454239204128,1251.0967897261555,1237.093447296811,1247.060008131167,1243.2526237850723,1235.2636755782048,1246.2931691019658,1249.0195708439103,1251.5861169692096,1243.1172808626968,1247.404674784518,1251.2941324498813,1247.5163101152946,1245.8874286747805,1243.5135663641363,1235.990683440851,1248.965707096477,1231.7997447677963,1243.713759061194,1249.181880465073,1241.7118136242364,1253.6863740665192,1245.755826313213,1249.6071026137577,1245.5926133674493,1250.784855749049,1248.1599408908783,1241.5255828447177,1253.0371177829327,1257.890091127984,1242.6408767799114,1245.3486178766268,1250.04356771182,1260.2373349995726,1248.4634232400704,1241.4912622418829,1235.2562102229822,1246.8055908664726,1255.9066249603623,1252.6058495148832,1252.4125144348207,1257.9957790098435,1252.9550898813181,1245.3285870019076,1256.9279274400076,1256.1116885463723,1247.5798325097119,1246.6445257279154,1243.073097652992,1257.9958348049379,1254.487370244319,1247.2514005580276,1250.4210443505197,1243.9094364441626,1252.5013072599431,1246.83127615238,1250.4696799521232,1250.9077358369811,1245.428803212336,1238.7103001539415,1262.1347829590663,1253.6461660288662
1196.7578748736858,1214.8708693481954,1218.430268357888,1211.4326973473433,1217.4501840528599,1213.0165521928323,1216.8384635007012,1226.9486835508158,1219.994241455356,1238.1077230266776,1220.075344822022,1221.6850380832047,1219.792263441585,1204.2114137179904,1216.7250661378393,1209.6824197904527,1221.5295276315976,1215.1319338005098,1224.5592441747183,1225.1236832938566,1223.3490730549545,1215.5723316118526,1212.7487987334846,1211.771433003682,1221.8529181922202,1232.2312405278724,1219.536234541361,1220.2136445919784,1222.5942193418493,1228.279094067232,1214.7169407124204,1224.05165667887,1220.1903749848705,1212.0616681720055,1222.7743226702435,1226.6310715029094,1228.5896291832203,1220.3357427983533,1224.1245581584812,1227.680136906825,1223.8980249409722,1222.510789957951,1220.311015044687,1213.221081138841,1225.6534704336648,1208.6158372128873,1220.5079344623832,1225.4911231301821,1217.938472294595,1230.0739165016746,1222.9946491697503,1226.790131694359,1222.2807424733192,1228.090263750067,1224.9869977922,1218.5006877764279,1230.1959760759469,1234.422175722143,1219.523955041578,1222.0433204151852,1227.183596196319,1237.0182632713256,1225.1439423036406,1218.3609175773374,1212.4667004984344,1223.8051653389773,1232.6389421577014,1229.576624964628,1228.7854216406329,1234.086861340299,1229.5882965241847,1222.3019305946239,1234.0774293202264,1232.8830836398697,1224.5080467501914,1223.8909007256698,1220.0739014470137,1234.0980186987545,1231.2444404183698,1224.3360055871428,1227.3765469083132,1221.184056330229,1229.3241402087676,1223.7055999076415,1227.057331229121,1227.98255066558,1222.5395417108032,1216.730004712873,1239.5574346985275,1230.4207830881985
1174.2414893562316,1192.0447103623362,1196.0232616947696,1188.4682316583887,1194.2786088471953,1190.5182128943227,1193.952321537861,1203.5437848651693,1196.9161858521522,1214.8835584459468,1196.9310703979268,1199.0271012762607,1196.32889156236,1181.7183638250785,1193.3817109438949,1186.7906584247671,1199.1509512759706,1192.1784532868028,1201.5629100665826,1201.5378904952906,1200.0992800330514,1192.80367615997,1190.3255937763352,1188.8768698093804,1198.8189042141605,1208.9080181301545,1196.1668632783078,1197.9549238705356,1199.5799905059278,1205.1223846928674,1191.424253684627,1201.0530924384454,1197.0708370497591,1188.9812507387542,1199.8343273309476,1203.456174801915,1205.433362624536,1197.4793570303261,1201.3071817264988,1205.218580298652,1201.6700539780807,1199.8936473754259,1197.0718124315356,1190.7081110242589,1202.8780830279557,1187.1084733555601,1198.95426994463,1202.6028382947181,1195.6524906680636,1207.1890509822927,1200.2064743593012,1204.143595717551,1199.233695446447,1204.5255021941473,1202.9067930228744,1196.29941547283,1207.8219654982129,1212.1828045544814,1197.278608908948,1199.9627545927472,1205.3028444862741,1213.720425956276,1203.2151097354006,1196.3532018982971,1190.7307161807128,1201.6334772015562,1209.3079482778226,1206.3791385899428,1206.275356792506,1211.1782334823408,1207.1186114245068,1198.4228483880036,1211.1653104781788,1210.5270391538331,1201.6464028238606,1201.295718247558,1197.7320631069433,1211.473774934121,1208.2487128325226,1202.1505544648924,1204.730343212034,1198.591395265711,1207.4027733069354,1201.9712922599433,1204.7105753704006,1205.87508486371,1200.024629706041,1193.3031242416323,1216.0080976258375,1207.9782946013117
1151.8116390578127,1169.7145161588874,1173.2291248611311,1167.4731567552647,1172.001566747607,1168.1447307130488,1171.5916874820339,1180.082285219709,1174.201022307936,1191.3831210734868,1174.4952512177479,1176.962059669922,1174.545151757273,1160.4004635417175,1171.208794788753,1164.0585505613628,1175.8398672933502,1169.7769341566184,1178.7621913314351,1178.9274760801675,1178.074650040842,1170.376259967132,1168.4318692378351,1166.798085066654,1176.066741829648,1186.6467733490563,1174.5303829707655,1175.2001162168356,1177.6976845850625,1182.3044200851032,1169.0266848927715,1178.5035546242975,1174.646756222242,1167.0189077725836,1177.2583417687717,1180.6434111278543,1182.671750095394,1174.1027247543732,1178.6412008619734,1182.338838150176,1178.903822686549,1177.8226751314482,1175.3371779861186,1168.372403884202,1180.6096040338955,1164.5971264342131,1176.0376151857397,1180.765483718116,1173.9081839512844,1185.3111475836715,1177.7764270938912,1181.3318473329132,1177.3287130319086,1182.2024429098635,1179.6244908284766,1173.54648514168,1185.220940165778,1189.4493506120723,1175.0686944728452,1177.1145203368026,1182.398920658647,1192.0102903100337,1180.146833610276,1174.5666740820645,1168.416072002594,1178.7071888689106,1187.3497916514991,1183.6010270875292,1183.8652999410424,1189.3194088720077,1184.7456975963812,1177.1891622221372,1188.402965635922,1188.0631208554857,1179.8063487600805,1179.9633231888217,1176.0661517113213,1189.604738501747,1186.3628052418765,1180.252422060216,1181.8591717368458,1176.3099122373274,1184.3286308562858,1179.8487878676501,1182.5014447796902,1183.1649991666322,1177.005559041081,1171.230017224478,1193.525279976939,1185.7183556592943
1131.303667709831,1148.432112511675,1152.6553113173757,1147.149940144103,1151.5959444942648,1148.2666624140422,1150.3345400190424,1159.1968160926867,1152.4138443161994,1169.5837759447252,1152.767292028902,1154.1604895708235,1152.1365217581435,1138.1981795148067,1148.7525923897185,1142.1175196968818,1154.31848605984,1148.050409777168,1156.9789406513032,1157.129935142328,1155.882527699075,1148.8841962872327,1146.3544778320763,1145.0356063848913,1154.6532883511115,1164.6857011705335,1152.3294785162132,1153.0719993152616,1155.8109493826782,1160.0674608529991,1147.5942032730873,1157.1635467494168,1153.2268360064497,1145.272155027687,1155.5177105000873,1159.1619487951461,1161.9079811553572,1153.2268022553008,1157.0826343898752,1160.5146624682873,1157.1558684157274,1155.731029747865,1153.7066453608766,1146.626739667917,1158.8537668367871,1143.3792813626371,1154.1258687339744,1158.1594338235566,1152.062448322269,1163.25804479594,1157.0059315375993,1159.6088249988388,1155.139128502109,1159.9783916751362,1157.6956737387263,1152.117985553179,1163.7335044407682,1167.5615218742057,1153.572127726339,1155.3420461610106,1159.9781753682716,1169.4937597629666,1158.7469638640891,1152.4515418480062,1147.1698915125573,1157.5256399698567,1165.6523986387826,1162.2347216800624,1161.352642088752,1167.2030200971192,1162.7677202229436,1155.2889573384932,1167.6545115588917,1166.4525742525045,1157.9775243392219,1157.1820419418382,1153.6642035033826,1167.8895386697063,1164.6750239311784,1158.61335341409,1160.6225432198064,1155.143571836499,1162.886782620328,1157.8018156917785,1161.0442446229056,1161.5660309122966,1155.9251445101506,1150.1145318132685,1171.431748603978,1163.6809804250859
1112.224771906914,1126.970733205641,1130.375209331723,1124.2097347090914,1129.9603279460966,1126.118961681041,1129.3193804343466,1137.5304454459542,1132.8461750220138,1148.1530437910517,1131.604782383494,1132.906944296471,1130.3208512076471,1116.6860935836614,1127.3624316092587,1121.1205076928627,1133.3246801388334,1127.0682340714427,1135.6622626869073,1135.5715190581082,1134.391202318321,1128.0061930728148,1124.4796642135498,1123.368117853194,1133.0819580918424,1142.5591755382518,1130.9656366166414,1131.8321825109908,1134.0451481530238,1138.7410693028446,1126.1669317503263,1135.5448297575992,1131.9312117864974,1124.3918181671818,1134.2764108349763,1137.0865672378566,1138.8838372401574,1131.936363489051,1135.6356870791133,1139.04024450747,1135.7323346466676,1134.6121181037263,1131.963868150127,1125.2762635577824,1136.761680115758,1121.6783803593596,1132.461514565993,1136.685400646467,1130.117569835256,1141.590529062203,1134.9928605038308,1138.4457138938715,1134.0704282228403,1138.7525147680421,1136.687194148156,1130.6261356752314,1140.9657762546026,1145.3419288196442,1132.0013183604951,1134.2644486817546,1138.314169331651,1148.1658005410295,1137.1174198467606,1130.871784642111,1125.5867015169752,1136.3864126307226,1144.5891765828217,1140.9696174639103,1139.9571636029502,1145.0747021280242,1141.3193817029571,1133.643046670329,1146.02275805567,1145.7827913225258,1137.043138847457,1135.9043611602922,1133.0454132699263,1146.291001733943,1143.34862603232,1136.9521042344884,1138.9188011948595,1133.2941056776608,1141.5519418368242,1136.5133208167367,1139.67226962858,1139.7661558200468,1134.9427960299881,1128.8453176017354,1150.0922450405758,1142.805264136606
1089.4426865399535,1106.6693057572834,1109.2994332917574,1102.6745442268978,1108.1373956571508,1104.995302068285,1108.1578121898463,1116.3543107325938,1111.2274483561025,1126.0928407969404,1110.2718477371332,1111.6979897353988,1109.4507764367152,1095.9913958778423,1106.5247828499869,1100.396852285128,1111.5563408574856,1105.716290157424,1114.3060571326757,1114.1776915807552,1113.1166240412138,1107.114352283785,1104.0637126187655,1102.018274544396,1111.9291901566326,1122.0113929558097,1110.2690377387646,1110.597494768278,1112.7141083879699,1118.051947935419,1105.6446367689268,1114.4185576380853,1110.5136067698793,1103.5533531902377,1113.3181490788334,1116.8251512462364,1118.2077862664944,1110.6530661853376,1114.7563597875994,1118.3246591717896,1114.8832700285764,1113.774421574123,1111.0435814108262,1104.4945211292118,1116.2297342422041,1100.7158062613946,1111.3739391871632,1115.822151645717,1109.0297472072782,1119.555973353592,1113.4135507362946,1117.0760658842744,1112.5192103831625,1117.457579938491,1115.6448141905912,1109.7228479449293,1119.9843553345179,1124.2148295828763,1110.5205232237026,1113.5218252300792,1117.62518374877,1126.3444786732373,1116.3800756705812,1110.1123253173512,1105.3594319105591,1115.185638091951,1123.41471901229,1120.384358368424,1119.8581359595166,1124.5570002719749,1120.9224156979244,1113.135382899058,1124.5885256649567,1125.0360530961445,1116.3216634448236,1114.971865895914,1111.9027893071805,1125.0106193541972,1122.6982233942974,1116.6894734485984,1118.7868516109227,1113.1205099570366,1120.3117274479657,1115.67136808795,1119.0273958440646,1119.227479980415,1114.5307565896733,1108.1026331733003,1129.7026619336832,1122.5375417418043
1069.4570116146313,1086.2768545273022,1089.2968519824828,1082.6924910850805,1088.4734122195302,1084.5583618043709,1089.9793764974852,1096.6499907133805,1090.3265092398285,1105.561841419417,1089.3628312239746,1091.1262763900386,1089.2278138317545,1076.01984631657,1086.1439339796955,1079.984972263103,1091.3774601783516,1085.6387796863016,1094.324512788528,1093.5661667886775,1092.4779141469537,1085.7329638264719,1083.5900554726911,1082.3633821431297,1090.9904792243472,1099.7168243439776,1089.0267783551496,1090.2063901389704,1092.3023406527616,1097.5101085150525,1084.9437150927768,1093.564175891837,1089.9685651883005,1082.8236870829717,1092.2840345522775,1095.4753199538754,1097.086624071214,1089.4121839877328,1093.0908240397673,1097.2267491730345,1093.6805635656099,1093.177717683966,1090.8413972062574,1085.1431151096042,1096.2329651885063,1081.1060130710873,1091.54790202517,1095.4865335432135,1088.7537892402588,1099.27466369201,1092.877295572102,1096.2683337903397,1091.98221525053,1096.9311655360896,1094.4845593945079,1088.7350697576642,1099.8410687128835,1103.5999156891214,1090.624726550255,1092.6461078240773,1097.0693886880513,1105.647620846198,1096.2488851683881,1090.1703882251313,1084.798158937594,1094.7049427235422,1102.5630519406652,1099.6952318913734,1099.332890264942,1104.4295969153907,1100.9132986975126,1092.8015857028497,1104.1543578827104,1104.1630030739652,1095.9933100899586,1095.063165779117,1092.064457221525,1104.9798674987308,1101.5710379934214,1096.0339808162983,1098.3905539075438,1092.8841271326105,1100.0940029587555,1095.892153424966,1098.4377155875266,1098.692545389111,1093.6307964608584,1088.0299877025584,1108.4203183477262,1101.8662024865732
1049.1187728883344,1066.1334077811136,1070.1918331741583,1063.2272616755283,1067.458304845389,1064.5104157613603,1067.3481674512307,1075.3433895825917,1069.3676192994164,1085.5056709961186,1069.1875291681204,1071.180984314512,1068.8617902771578,1056.1025163157528,1065.8200654963903,1059.8291975784584,1070.1702941760732,1064.7609724549077,1073.3392938024238,1073.487457250322,1072.3077726419995,1065.3782869557128,1063.1514899263877,1061.7202230400871,1070.972151113373,1080.6197130661317,1069.253374619236,1069.9893175139212,1071.88471848026,1076.7998599891876,1065.1919824976533,1073.424477323558,1070.3314374335318,1063.0321972011463,1071.981498753897,1074.6245223187573,1077.2539973724724,1069.909215588455,1073.5502244513566,1076.7010046764785,1073.3439722734643,1072.9872998865524,1070.5748181551892,1064.527098831749,1076.1026712326054,1061.1273759847224,1071.3006324634382,1075.0058447807753,1069.3671973518058,1078.8787895289977,1073.2875020316708,1076.0565535664894,1071.6471449287815,1076.6509969015037,1074.5397906776436,1068.6251108921822,1079.4239936482038,1083.446426193585,1070.4452260973942,1072.1888732156872,1076.6513425982712,1085.42704827569,1075.9626808337694,1070.335147537323,1064.9655765562707,1074.58289326498,1082.2140810792619,1079.168976810148,1078.7924859045884,1083.9667565505843,1079.6810242299173,1072.8091102462383,1083.3691626474572,1083.1896127181187,1075.5976795537088,1075.3062671606988,1072.3994448440249,1084.936481429115,1082.0347945762007,1076.0315191775271,1078.2425278760395,1073.38542942573,1080.499215163921,1076.23530615392,1079.1005165929303,1079.1210823793733,1073.7803461730666,1069.233876013466,1089.4349556649584,1081.6540325031096
1030.1912460640513,1046.0073581426375,1049.4546151485445,1042.606794518249,1047.9507572057753,1044.8756713703635,1047.032999185177,1054.611740664989,1049.0208597511562,1063.5544090553396,1050.354204534474,1051.4004375986908,1048.894421544857,1035.8911255474354,1045.9409578437796,1040.137734866869,1051.108305981601,1045.4139756497327,1053.140253657848,1053.1720442152312,1052.334262300113,1045.6674559794835,1043.125898552851,1042.2162868879232,1050.7345472829845,1060.020215168094,1049.5101338640422,1049.7904126452217,1051.9959227759307,1056.2424848244434,1044.4142312612246,1053.654770562341,1050.3651605195446,1043.4056539191843,1052.0246715979981,1054.9242887229566,1057.5254639782586,1050.605711684165,1054.2080878602808,1057.4159984601492,1054.0593160114183,1053.0613965934663,1050.9377483402193,1044.897767885204,1056.4477151376232,1041.9503332933407,1051.8080732060016,1055.5456485636853,1049.4304766598273,1060.0042814874403,1053.6499048490816,1056.7853392177856,1052.5009678249428,1056.585580364146,1055.3752643561672,1049.4453111805549,1059.205231547853,1063.0926410575041,1050.437834168795,1052.53228259612,1056.4734069366302,1065.4931736963697,1056.253586286704,1050.9063682282574,1045.9718653625812,1055.2678660723207,1061.924549154612,1059.588407700386,1059.0630360261268,1064.0695577481986,1060.7545777321923,1053.73540969923,1063.9870816862501,1064.2545105119207,1056.2753576861048,1055.6934399002969,1053.1899328557408,1065.216587018263,1062.269842260759,1056.5485316467511,1058.3950586942703,1053.8944963228257,1061.952972724854,1057.3897426489814,1059.4071926327686,1060.1616243719486,1054.9431380697297,1049.4002834819842,1069.4667717973293,1062.1522267446064
1011.2466977152408,1026.5525811761916,1029.503159887589,1022.9222947307929,1027.3701786901972,1024.47668927832,1027.5606616816833,1035.348879795102,1029.622882366976,1044.5708774426082,1029.3539065890384,1031.2894790759478,1029.147185827985,1016.6373195139087,1026.4315911966848,1020.7041621249172,1032.1045907039204,1025.9454787780799,1033.4053804883351,1033.2410348640967,1032.2800048221948,1025.7693470264817,1023.5186413884081,1022.9009326968594,1031.2407980413413,1040.2561035151066,1028.9967042285396,1030.0834906075318,1032.1000656314072,1036.8921355208702,1025.2905479589167,1033.6547568577114,1030.2848428923442,1023.8821248574967,1032.8484788973185,1036.098523848352,1037.9679942010741,1030.929084411912,1035.2880273131807,1038.5883276757013,1034.6381150789339,1033.9230141436399,1031.3249894692995,1026.0995351381052,1036.3971249787821,1022.1625259197361,1032.4665260584463,1036.7331416248824,1030.2761769586793,1039.3776629877752,1033.8265618927755,1036.831651223134,1033.0038151110732,1037.4107659325216,1035.4962195150567,1030.6982419865324,1040.4035709837717,1043.9854822598238,1031.666814847221,1033.9286988325434,1037.7231659097877,1045.6305366319864,1036.3608681580652,1031.3669768384032,1026.8281645166767,1035.8925053001653,1043.8532492998656,1040.2804780459849,1039.4918570726484,1044.7168997489246,1042.0421126827207,1034.206467799999,1044.4275977843113,1044.5614373005803,1037.1377993194849,1037.233275525613,1033.8977115578002,1045.422966133723,1043.1128814008305,1037.5209873169613,1039.9021988558816,1034.8142442322849,1042.2549176845823,1038.7155909144446,1040.761962610827,1041.0678741178021,1036.2810251167616,1030.8938378924547,1050.2853831980644,1043.2705934926703
991.8493212649261,1007.3348995747459,1009.3226514640525,1003.1971421917342,1008.2378149228666,1005.4979682050617,1008.4549166178725,1015.8849540270735,1010.2523505275994,1024.7326620522533,1009.9067898879039,1011.7139341405955,1009.8877704925459,998.4143784163758,1007.6887127338878,1001.7654773651411,1011.7896799313976,1006.8243715861594,1015.0479448328684,1014.7334644826246,1013.4010311316346,1006.7400094428173,1004.037583151002,1003.2404511160163,1011.7549405077533,1020.5691918408601,1009.8414660506609,1010.2012337041456,1012.3826983914801,1017.017397596412,1005.9102219910106,1014.0025127290127,1010.7634612320854,1004.1818147560512,1013.3709279080628,1016.1517370334245,1018.153772488822,1010.587928138559,1014.6823146738748,1017.7470603553485,1015.3779590999338,1014.4800513833903,1012.2275536467304,1007.0298083894471,1017.3265128077269,1003.312954333628,1012.9446366475437,1017.0326108405867,1011.3067482349611,1021.1461472529091,1015.0728481321879,1018.0516573455466,1014.0393194855827,1018.8957342718398,1016.6330241332383,1010.5991816835485,1021.1496925077307,1024.9384053116773,1012.6787229838463,1014.8388962658502,1019.343351697932,1026.4919618917645,1017.456873346665,1012.8849556690471,1008.2009155939269,1017.2473575714853,1024.6587402349476,1022.4691334346238,1021.4815606111956,1025.7873558780595,1021.9150633348046,1015.6709587290655,1026.5839537006966,1026.0374032562045,1018.3714836898939,1018.179881412036,1015.9191866900886,1026.8845683328698,1024.5417759094908,1019.6613718371701,1021.2581815052795,1016.690846264264,1024.1231372601521,1020.1560048478353,1021.9587971906794,1022.6906080570407,1017.9607809222821,1012.0675002844869,1031.4063211336793,1024.9538243083844
973.8362535942588,987.8419641703226,991.0616484184865,985.1936213407289,989.6677200391038,986.5926244571195,989.3432036406375,996.7726544403662,991.7150800287842,1006.4801710173459,991.5580184160426,993.2069871679091,990.7698060907834,978.757666992295,988.3169303259456,982.7942631398942,992.5587333286412,987.2579842341562,995.3368191844273,995.9498305479665,994.9549921648759,988.4038524275638,985.9290415554311,985.0162689187802,992.7293541567691,1001.4935777171544,991.487442305146,992.1975294055104,993.6529339397733,997.8769821015259,987.3334348173447,995.5303283552936,992.4378374286671,986.3368747491099,995.530765512926,998.0250562726224,999.2042857744327,992.0844038807669,995.7275097279758,998.9688247184084,995.8856513869632,996.0657101743858,993.8776620253107,988.0613766086426,997.709989493533,984.2976677200394,994.361785005516,999.1826542427602,992.7202770930122,1002.2649632726102,995.9273615691374,998.8250928152746,996.3470534379708,999.7632520179341,997.9009822172023,992.5913305334087,1002.1616144579747,1006.4647666425512,993.8300601774946,996.1785015350739,1000.1206760425072,1008.0327177803189,999.8076694664111,994.4928276607917,989.8355974742193,999.1579067174131,1006.0659179932431,1003.1961902474886,1003.0202347840527,1007.8661813199124,1003.813055915724,997.952643925446,1007.7396363662873,1007.8588654114228,1000.5661588300826,1000.1534422818114,997.6794264540971,1008.9392118107381,1007.1404938999726,1001.1817116258015,1003.3198462488375,998.7448506696861,1005.5725892698142,1001.4180233629058,1004.1642339673223,1004.6187040272242,1000.139577607055,995.3849825161036,1013.6692313075743,1007.1835508240364
954.7870729705354,969.1234775425925,973.010566991041,967.2041155129755,971.2802555548946,968.4452699075532,970.5261193884968,978.1195740429503,973.1170028946302,986.5333245843552,973.0151982000963,974.4487675541418,972.7343448087531,960.6795359253289,969.3721296929224,963.9696324313655,974.8142059495731,969.3519653979142,977.6153026062335,976.5102623094836,975.7013762057544,969.6521213771426,967.1393265926876,966.2204178785781,974.230434566302,982.5514600790556,973.1012648603137,973.5561699832059,975.1462947505834,979.2568341213456,968.3299280749605,976.7562366162532,974.5246450335899,967.5078155372444,976.0455990753794,979.3573280533291,981.1939893054442,974.6538216849599,977.1697820322491,980.458892966706,978.3059808460762,977.2875327292264,975.5224297404629,970.0101808716744,980.5009201265194,966.7048295973646,976.0983296472077,979.6983750086587,974.1611132393137,983.7290494272517,978.5606415021906,981.498742539844,977.9374505222676,981.8974899802541,980.0993529692402,974.5547838818538,984.0672160637023,988.1969945697641,976.037899134351,977.9175705344179,983.310747544814,990.4327784221938,981.7113894730809,976.8253571131512,972.5374243297343,981.7403832791869,987.8626933846396,985.2343282675007,985.3605684563264,989.7752867797998,985.9489266204445,979.9762894521238,990.0127541064829,989.8997715104007,982.5902827446838,982.2965403943052,980.2139029156947,991.0119087537614,988.1330386094501,983.3221709968769,985.7765717876385,981.4313567324649,987.8221775510523,984.4980819414083,986.2187197210673,987.6219379910223,983.4356388375795,978.7072494094372,996.5127035765976,990.5209292505994
935.9091185583115,950.5714946819829,954.2387175539883,947.7871315605125,953.1919070793211,949.8886559139511,952.3826731010935,959.989287766963,954.6453728974616,968.7171849772907,954.6994462638239,955.9125076861375,953.9132210924105,942.2648324301955,951.1845407478369,946.12735032315,955.9179938653621,950.82459825532,959.0421703725025,959.0357073359181,957.7436226734644,951.7440140139857,949.0761306303367,948.6445137312104,955.8909921197527,964.0751367659905,954.7161913640489,954.985937353416,957.167073501989,961.08699526082,951.1818727369406,958.4934714488678,955.1950162311515,949.1588692732738,957.576561176092,959.737424047751,962.1870260409873,955.6654189909956,959.2654096129587,961.7149120832916,959.6696289272919,958.7660112121602,956.9694522316078,951.4063249236871,961.6875650705429,949.2023705738188,958.3322804169076,961.754237996903,956.5283174846818,965.9758948782022,961.3171483351272,963.6418241111932,960.0708110973284,964.1371436121852,962.8134039877021,957.4053158445191,965.8116795420816,969.6932034483565,959.2295841221417,960.8558065478301,964.7146251995229,972.6389519350652,963.7957844713363,958.786102996664,954.9715519354135,963.4682856803951,970.4698106140158,967.8846880888408,967.8366281933244,972.659590688526,969.3409782306362,963.2611104223878,972.3644813912323,972.4152360482091,966.1770628920889,965.8208616190872,963.3753560621994,974.5181272505097,971.8209263784025,966.9794601068892,969.325479983137,965.7110167150157,971.5722672289745,968.0687356226199,969.6064333134588,970.7490005070334,967.0909152274459,962.3069922137626,980.3488970144135,973.8921897485094
918.8775314652961,932.7618586808494,935.5801585112341,930.6521044535608,935.3096514105132,933.2866519609385,935.0112474684602,941.7424614502129,937.1084857302557,950.0900660288994,935.8443504740048,937.5652505800125,935.8928655399387,924.739572284589,933.7821434620367,928.9499416861486,938.3243534285202,933.1867763275823,940.4702899866194,940.47092427577,939.3511026590428,933.5368699276593,931.4577021496589,930.6450710424901,938.1598195180032,945.6274626432195,936.5563658488909,937.3120515589354,939.7439013075133,944.1229459071311,933.3482752327363,940.948022586675,937.833376456138,931.8566266331877,940.1404259583936,943.0995081243095,944.1711428765042,938.2412583655281,941.1752677547452,944.4990662772533,942.1568325186591,941.2928289537034,938.8426137933719,933.9584626226361,944.2262750493173,931.4797496213415,940.399913948162,944.8399384097689,939.3126833675233,948.2959635549493,942.9912581681406,944.8593470628872,942.2207107953681,946.1561720528551,944.1832368075711,939.661805803018,948.6208647983767,952.3272863575245,941.5248579721347,942.7763436823393,946.5965216154513,954.7433205158591,946.4999101494268,942.022152483327,937.9187768417287,945.7451225849135,953.1031724327719,950.941267080426,951.0255789601432,955.878960835122,952.4295833650476,946.1172400221095,955.7614853160038,956.3582417628439,949.8508429023299,949.3124340631063,947.3688186446233,957.6630122424491,955.5865203774227,950.6109236351721,952.637856590568,948.9802781018151,955.4228914236782,952.5998123646249,954.1427381654756,954.8843564641788,950.9526796260647,946.189947008781,963.9138992611648,957.2735327263787
900.3657933314158,914.2935029565871,917.540534338521,912.995321427723,917.394162352322,914.2625820355905,916.5345178493043,923.3872114657698,918.6285117293845,931.8330077813921,918.3720110266086,919.5859560990176,917.9645955798168,908.0576226886341,916.1941676130169,910.6179377429136,919.9510309581256,914.9029922462352,921.9536354562196,921.7883224717867,921.7650744994193,915.4625977350297,914.2102249316214,913.5837182223568,920.8079787015455,928.8232983423904,919.2344203192105,919.424917371858,920.737339059368,926.0015050875751,915.8396130591736,922.7264737582303,919.9036841243966,914.670477853735,921.6700915213393,924.6919716796411,926.6032869551897,920.7018982143462,923.9156560413335,926.9223769118776,924.0014894944198,922.973430897115,921.4100513139068,916.0369169497238,925.7712041503695,913.5585518641941,922.4882553503211,926.135268021456,921.6916677420708,931.4136040791815,925.6490068292496,928.6379846487066,925.5098424087834,928.6174434698236,927.0005980208599,921.9783724151474,931.2094838601091,934.7159025659793,924.6238883617983,926.6421477674008,930.4947756794263,937.9757491113738,930.0212037201469,925.3472291257362,921.6785155592361,929.630393766162,936.4593029046968,934.1443689874974,933.5699167738743,938.9587191385282,936.4156639683453,929.8587718478934,939.4395828204215,939.339121348682,933.8294331921956,933.6145894114023,932.0413183741039,941.7840268948636,939.3156106949026,934.0656112731671,937.1659898649714,933.454504777551,940.5028716627903,936.1192729323249,938.3469610647771,940.211034781783,935.4749124137306,931.00157643679,947.0713170175069,941.7137445425464
884.3960155895553,896.7764205551853,900.2415731794762,894.681719876436,898.9102268477718,895.8801592111366,898.9186529011596,905.7149803867723,901.3452095951069,913.7037605146825,900.9946034104591,903.0564266109822,900.8399015278105,889.5516147029535,899.1215735522738,893.6368310272474,902.7645784053783,897.9661136810582,905.2971528362315,905.0290465665453,903.624144987155,898.4535383903608,896.8056206092192,895.7180882766539,902.9801628535766,910.8157053156493,901.5560471494747,902.3947905508286,903.7843760440037,908.1085850470503,898.1695128406496,905.5652360431818,902.8702172724114,896.4942318721238,904.3175579901144,907.2604545120407,908.7664967747468,903.060792431737,906.378181916767,909.741998563501,906.5875384299244,905.3107603149748,903.9064405219982,898.7892646514662,908.2484166220723,896.2548947526924,905.6866470365171,909.1934315876289,903.8603250884954,912.9553807239987,908.635627100157,911.1710121076893,907.9680113227704,911.3996877217064,910.777841170155,906.2198768947047,914.313757688729,918.1853557844782,908.1984149583608,909.6110069002857,913.2846263863165,920.6915346562565,913.8834427436559,909.6103824312319,905.5970323461034,913.8001823145079,919.7573083774705,918.0780779853761,918.4401356670114,922.4698698701242,919.2441452263192,914.1601287183024,924.0897495637172,924.0849843188195,918.6522377173833,918.600949745451,916.118255945912,926.9586842213401,924.6629426446493,920.3022731085384,922.0242950757528,920.1348139247298,924.7764672123058,922.1298643205214,924.9486930559555,925.9055759045336,921.6761758691517,916.8816001537226,932.4109094446893,926.2077674182711
867.3935570405492,879.73945425575,882.9200692490875,877.3682763339526,881.5565282439512,879.8428219660997,882.4389323761865,888.9069158680333,884.6761632972028,897.5466128715002,884.1811059282735,885.3612803084733,883.6148840269299,872.5953202459006,880.8715893116492,876.8870314644884,885.2654610136556,880.396379084343,888.1400478263637,887.8379148737922,886.8165289554919,881.1366237878536,879.096858756087,878.8977391451859,886.0579330389252,893.3662657749727,884.4931977863988,885.1382558067039,886.5208645850366,891.1923949905008,880.8523647197416,888.333915894827,885.2538289782468,879.2377165086718,887.7983746556547,890.3610568043003,891.8019876082232,885.4217003547751,888.7552944769328,891.9306225967644,889.4775364685006,889.0508612025118,886.7451524940951,882.1007760279375,891.2054814562398,879.8983290637866,888.6418983129724,892.2594708414936,887.3619873329117,895.8395730823618,891.0769257657183,894.1383588567055,890.9583031959442,894.6743922893212,893.7141837821033,889.3426536863691,897.8998349239647,900.7357921575989,890.5431270140974,893.10833632206,896.9889409157405,904.8315512565306,897.4299731837306,893.9960094416255,889.5431110239218,898.1077044768846,904.6012880290003,902.0365179877375,902.5533075083698,906.956764994411,903.8764945607633,898.7493028571172,908.4071292894805,908.7819148634594,903.6020714604301,904.0565420496996,903.1046328604326,912.1110192083315,910.9339054261144,906.61489829833,909.5328597102417,906.1436784595672,911.8667062627695,909.1175980380398,912.2099061029863,912.5142819983761,907.5468971597362,903.5470520308285,919.3583876754633,915.4883084746134
850.6315756324381,863.5452739685811,866.1363975702399,861.9165407431806,865.8393787999256,862.3646041443186,865.4309163947022,871.9072365991897,866.3350275614948,879.335384370902,866.4192886326472,867.2349081883617,865.8676867047666,855.9379929653932,864.8758095327295,859.8779345604722,869.1963531126671,863.4751544966986,870.6485855753239,870.8173421711349,870.4140935473552,864.5572860312732,862.1417177429349,861.7922446585484,869.1306005799461,876.6209642612406,867.3535800059826,867.6329600321105,869.9007803781973,873.4354567298087,863.653776890887,870.3687667038101,868.5932280145722,863.1243313095109,870.62279366761,873.2099858282098,874.6180478626214,869.3471751335659,872.0964715172521,875.2427911349897,872.7028123987878,872.2974984786084,870.2200376153356,865.2491253781853,874.6074516664459,863.1241893980585,871.5104801079032,874.9947296194124,870.5542692664558,878.9631595868929,874.3841105146488,876.8206525083464,874.3925999837435,878.1511091525773,877.5101875303426,872.8571031098991,881.0644512174122,885.1317545651805,874.9846137119206,876.5703649009812,880.2183847859104,887.8545139911217,880.7415189514585,877.1156848002697,873.9240902096143,882.1487471389736,888.9228634704976,887.0023524672685,886.9688567659855,891.3058136374038,889.582088540123,884.3135939046765,893.1785306348737,893.7118039791495,889.8389455494676,890.287590843966,889.292337136637,899.6855239858793,897.9781492853385,895.4157124968837,897.5265097015557,893.2962449415523,900.6852563753197,898.0070009530285,898.9349490503135,899.7438693755166,896.0274133280628,892.8780747911168,908.0100279378952,903.0825340515086
835.0382475941847,846.7508795128801,849.4965161733418,846.3247981272183,849.6580656395043,846.6484547639699,847.8244521062851,853.5651685514866,849.7992268680563,861.9226437022347,849.882216644503,851.3106491613706,849.3304927648513,839.5684388208771,848.118084412777,843.3225472677433,851.8139694573833,846.6783014829247,854.0680608866061,853.8325424447463,852.9204502210905,848.0992365816073,846.328533634978,845.528370289422,852.2443107521764,859.7099030275991,850.3669397250796,851.4998857453598,853.4047129864654,857.5534221689915,847.7364056106909,854.5879921477341,852.2253325750668,846.529158472052,854.1658427384591,856.4308134652497,858.2076028832874,852.2646833473932,855.28754037643,857.9054658709883,856.0570886562863,855.1909351865946,853.4413701170121,848.7957272470952,858.4645310217162,847.2335265766538,855.3904157653174,858.8296815733916,854.3178927787595,862.8057992964028,857.4945664095303,860.3183210161313,858.1972295529755,861.7053711159007,860.8434722753437,857.1749649586048,865.2789559055624,868.922509586373,859.121712979064,860.8163597524655,864.8506930114266,872.026946987506,864.8134156086035,861.5628193492333,858.1799161723917,866.6192876222345,873.2622252980508,871.1466531967867,872.3641445452182,877.4337077057944,875.4073724136969,870.7476256127705,879.6648999121054,880.8975738368978,876.1572384534876,877.7022443725297,876.8778409858137,886.9626595811619,886.4742322500425,883.6953047708615,886.3419392089772,883.6926476801177,890.4363002428723,887.3793551138139,890.2494514127125,890.1815698738466,887.5063158051297,883.7834124662794,897.5540210911348,893.4719819972335
818.7253731816319,830.6837473295091,833.2013631906367,828.0645115723611,831.5217643593836,829.2477374841546,832.3341210391945,838.636325783205,833.1053417251424,845.7984099656442,832.7663273053299,835.1749478938685,833.7688989746185,822.461358452876,831.076481936913,826.6885008963012,834.9718151178154,830.3025796721905,837.6364183704703,837.507136539209,836.9412047501404,831.8078528699716,830.0175020925981,829.057311383783,835.5764384344147,842.8224396718934,834.5521592669835,834.7077833535973,837.2101337338721,841.2026194088043,831.3851946999304,839.0122019993922,835.8349045870108,830.8174160740732,837.4715176137012,840.2930631595879,841.9346348354733,836.6834192506191,839.3506089234384,841.7326425943291,839.5366340351103,839.633668485652,837.8331103281447,833.1753289108578,841.7688931837375,830.5090292806291,838.9871131645336,842.2000868191103,837.8285884034418,845.9804729764427,841.1485872540043,843.0159628749407,841.0168390206683,845.31629791639,843.7431469043054,839.2427175349808,848.6610834966842,851.820004334169,841.9508796889553,844.0632016991799,847.7017297246749,855.0973552284216,848.7318492555913,846.2230160176038,842.0510022514541,849.9561950380285,857.5377764351274,856.0026335511616,857.0399444361101,862.4502072680881,860.2969249257889,856.2982842351374,865.8662276492232,867.4769183423488,864.2014836140423,866.291995898055,866.9012076551148,875.9012782320834,876.1662102129357,875.7448701071083,878.3570104998472,876.6282506209587,881.5751961845717,879.4055888750437,882.551249049634,883.395538203786,880.3883515122217,877.4949979779755,889.9031046356909,885.8164865979107
802.4756965721166,814.582398181633,816.1774726660896,811.7868444274592,815.3203126894781,812.5769048066245,815.8914220863336,821.8191005697358,817.3467739996494,830.6079113394826,818.6598192986958,818.7169484227121,816.6735038716148,807.8623928607052,815.3519456614222,811.469391759665,819.1965155842031,814.4236638807475,821.0050519146681,821.036365133887,820.0658211560477,814.7546517562095,813.8197306597236,812.6704039361266,819.3356631711573,826.2005977793024,818.1927377155343,819.4057120855823,820.653790872735,824.8172271197342,816.0231343565,822.0267015064829,820.6011612739572,814.6028018693288,821.9335022069394,823.6818623007507,824.8334951383208,819.4531018354605,823.2982346885702,825.1519563510889,823.0369197596548,822.8897165540357,821.2742795897781,816.6320582171915,825.2272467636626,814.1161875677776,822.4706422745986,825.1580977888901,820.9640487766123,828.9418820664688,824.1398849793378,826.9860183684997,824.0459347943848,828.5875464960113,827.0876112030325,823.6551752078238,831.1847674139517,835.8716320315006,826.0363136613846,827.3961116271943,831.1978048337746,838.162017207621,832.0386148252863,829.4036361374128,825.4432807781651,832.7305427911723,839.6603098633885,838.9920329344849,840.1106037780942,845.0935104138194,844.4303608212523,840.3086483560173,850.0986556746725,852.0959897134152,850.2794356396538,855.5199333303636,860.52449325324,871.9505103685423,875.0879289081407,872.6989475262784,875.8640988391033,874.8836014906093,880.5584377831328,878.4098167735087,881.7725976764305,882.1274870522421,878.6967705297184,874.5791067683836,887.9920414617769,882.6990820930729
786.1076874282921,797.4302138325162,800.2044761316334,795.7288960124871,799.4620881971954,796.3386151526098,800.2850222514849,806.5672674875378,802.3554221556657,813.5922820161524,801.9679455174514,802.6989638925846,801.9936075303399,791.9535235317726,800.4251710922995,795.9006076384076,802.7803237546118,797.7656853434295,805.0318065452931,805.3345018399324,804.4889160694129,798.9782450726252,797.5342411637233,797.2460374118922,803.6909482810162,810.231698426673,801.9084256102475,802.9044942985882,804.7112203082361,808.1470593963721,800.1576116356454,806.3567279958124,804.1121822144291,797.7007775808994,805.3801113737319,806.9463126675254,808.4841280663287,803.5255312501176,806.4946087298285,809.447093090274,806.6074091351123,805.8029657952369,804.3781870914818,799.884686331287,808.3295426133506,798.5137080671522,806.1742811979265,809.535801320529,804.7225424346175,812.4990674486015,808.24350209171,810.7696409151172,807.9262390440203,812.1230838304286,810.7888312217287,807.5190300455339,815.402193412759,818.3120454258288,809.6495074791233,811.5028680871079,814.3935361187796,821.236498343948,814.9768097313812,812.55049139023,807.6971464215834,815.3775676982531,821.6697129884733,820.584196920914,822.0305208731103,826.813504212952,828.1143783118314,825.7917229333634,834.702584590806,837.3058857932505,833.020610295485,833.8722538856064,574.6906875765608,584.2694545508056,595.660629803812,602.3975409480666,608.8358571112614,618.6646535327612,627.46115981183,641.3678896525461,654.7017676509385,659.3708669988617,640.7217746978397,637.5978331076783,646.0260850884289,601.8801811220981
771.155968648573,782.7176691313019,784.5423358845948,781.4797954634515,785.9813186833279,781.1718721917314,784.0652653408924,790.1258471361069,784.6032560319986,796.9756925341254,785.9202687292282,786.7846055575609,785.7162860463687,777.0908747374502,783.8654549921935,779.4911369741732,788.185629104129,783.1214484029607,788.7445749638615,789.6304122751488,788.5225389099387,783.7173536479027,781.7039708575936,781.0977844368398,788.1232760085691,794.8688685234057,786.5995194727743,786.6159132260519,788.1775914350648,792.0453611430607,783.2825716734106,790.4637559136901,788.6606189634031,782.5356506105749,789.2790417196834,791.5682097245068,792.7924881640361,787.9431817173132,791.0564840880389,793.5181579439233,791.7078779297921,790.4839166626571,789.0397587330394,784.4973231378286,793.2091733995439,782.3594150418909,789.9009884082958,794.221943231747,789.4366159794208,797.1098083335091,792.1458154178553,794.8876036400707,792.4775580342334,795.4498368296445,794.6825119818009,790.4810397035326,798.0446239766217,800.9236501756533,791.2892517674564,792.9999513908992,796.7089564849884,802.8855109825782,797.4586449161919,792.4061101101657,789.029687506072,796.9344650448793,812.1260125465847,811.0189489799241,812.1409643826208,811.6268426844027,795.895874608295,760.4086158848335,709.4395293426318,654.0451144034098,607.0046109240054,573.9607410516713,515.0124052423646,506.88816104633685,506.52984640396903,503.5614768415594,508.0017279234698,537.1704201482067,563.4426830563842,568.7016951610257,567.9336709546747,580.4205555053226,570.4765645711357,558.7428145685485,563.8235716669539,461.40239584372915
756.8587706501471,768.3568214598363,770.1824728170623,765.9453098490557,768.1593034038873,765.704934040362,768.229444080548,773.8722931871908,770.0364769345852,781.5048043792831,770.2176635442296,771.0398534335981,769.1992061214961,760.9150175864451,768.4024073466317,763.9206165104898,772.2039716790724,767.9468115908966,774.1073445385181,772.8386059424023,772.9700793158255,767.6502574745224,766.2392060731582,765.664490728172,771.9998874520484,778.5797355369526,770.6608632673338,771.1238079180545,772.9760653040771,776.5921050661658,768.4522385324381,774.894029705655,772.7689981137937,766.9506808989963,773.7410115807407,775.4407064850687,777.57717817702,772.0933336695548,774.8119961224694,777.6050588645403,775.3080268074215,773.9983446268293,772.7488853415994,768.5690015819913,776.2347338650443,767.1341690322542,773.9612567121584,776.7019198266224,773.211351772618,780.6040563612229,775.8942665732512,777.6495025247076,774.5821648149691,778.8749897686197,776.9915384756144,772.8487408403415,780.0439886080839,783.5783741996321,774.1858872386903,784.1161641993473,787.7805077678446,795.046824468841,788.6643446432471,784.5933640513431,782.0959909462423,790.8627552523486,796.5557192297938,794.6114566344959,790.3353889021796,772.453192737096,711.5804210897471,624.03049046699,529.4378905184477,481.42856248590147,456.31701758653986,443.9542394136594,438.1977596356632,435.9626950005065,432.33594439049716,433.79801353769307,439.1107524219811,446.2645400549497,466.41535968819545,477.27386295436594,483.9597317193077,498.92590887505554,509.3073879349242,501.5478763107603,475.7079577508426,342.1558226869017
741.3181209525791,751.96696251007,754.0337090262691,751.0884327065737,753.7710932006879,751.0761751738668,752.7635664424329,759.7724738629241,755.6319211417095,765.5996432943388,754.215219253307,755.9431825819242,753.598117930672,744.7526213881456,752.764207085717,748.5347747661563,756.1999176358312,752.7606505160026,758.5630105242623,758.2559099218215,757.9792676539529,752.911913312245,751.0287326799535,749.9892620061986,756.0396038180857,763.2843798958598,755.3367621749688,756.0260852295681,757.9955193315072,761.1332408609787,752.2460531478309,758.9386999853435,756.9866549936338,751.266366309983,757.975437908825,759.7387935572337,761.8906501358751,756.7767409886154,758.9485163960516,761.7792179871625,759.4925585602823,758.9789980006112,757.2556157623858,753.2580820170161,761.389619029566,749.9381224053708,757.2675422273383,759.807126208546,755.7370066388412,764.1084600062812,758.7858437757669,760.8057148718103,758.2649256355259,761.8714663714776,761.3684807703338,757.0188501342633,764.5461913802732,766.8448850428884,764.01624184927,767.7443550625923,772.2364666744943,779.6800825814909,773.3615069668289,769.405952824865,765.9292547985588,774.8498536077506,779.7398067766643,776.5278382710958,763.2093954013976,719.2469761857509,628.043766409232,524.5711577879359,455.10656520649513,415.0984544565881,393.94117465063954,382.26425815585327,383.25639928423396,383.02454281761106,385.89560745029536,380.5728719392143,383.52170170772206,388.7254446388459,388.0384229298525,398.5299240757749,404.5299761067083,415.1629180283469,414.19114765272485,402.4181936528336,374.57713301477344,235.4848182651633
724.7085734719002,737.1145291931101,739.5212454193951,734.9557636387834,738.972990026065,736.8419726176497,738.4460722827422,743.7901674116373,738.818485495258,751.6249938077245,739.4864220554399,740.4593566959034,738.8630316819222,729.6772112497533,738.1347830320511,733.607570910976,740.3226602212409,738.0398285896496,743.5937094734194,743.9547389912456,742.3296265939545,738.1486693301218,735.5523963457131,734.5346094648008,741.2457032390579,747.1808386715193,740.1007262828956,741.1831739441454,742.4675894132687,745.5027070298056,736.3492283476852,743.1511694862564,741.6207459195216,736.3339037668287,742.737627282807,745.0781496578146,746.1132279748764,740.95735305693,743.9667274029529,745.7192330320531,743.9820953937527,742.5431515052632,741.3385503077556,736.9920237990373,744.819651272356,733.7281619381415,740.8002025377592,744.2351816765387,739.203323869231,747.2718166816984,743.1292054741112,745.87157822903,742.9545240211149,746.2019493072243,745.493236066953,741.6311062856608,748.7726240528383,751.5964043177127,749.6977051535342,752.9715968837681,757.229863217853,762.5404166247546,757.1095159681099,753.4626783199933,751.3923423475491,758.829625318867,762.7354532708795,756.343839508825,732.1560303433386,667.0703861044893,553.4223308931756,458.7923494411928,402.9258607507343,371.3107390866765,353.5155438101387,346.6497412752738,347.1115991122809,340.3132590614452,338.1989654767618,334.71596193352997,331.40054628525064,326.14296878999437,288.4774138855789,296.0199315926399,312.66665316222185,301.61076371574944,274.26011273905124,263.890211328445,226.0196749459351,167.84591479534132
710.4726689450426,721.987246338817,723.9327463693681,719.2309537549157,723.1140999861065,722.3355502926519,723.354553241881,728.1358111806197,725.4707216087886,736.1151307948859,725.6226244954258,726.3337511975851,724.5480897393121,715.4963140777387,722.3426575897835,718.1659344538074,726.014690207799,722.1842655609361,728.0958954022863,727.7393740402835,726.9462323481729,722.2842039631564,721.5322745898585,720.4456716290257,725.8494786395659,732.3636750088414,724.4673060808459,725.9489739029663,727.3091039996616,730.0896282883232,721.9936541558174,727.8700680966922,725.9295432189421,721.1439479439067,727.8690137585448,729.3069399843498,731.0560872825376,725.9891421664588,727.8556661632924,730.1592108638621,727.9451175046826,726.8768883344959,725.5550784278176,721.6033084090409,728.0332653812617,718.4948374812801,725.7616817866951,728.2712252529682,723.977643878437,731.8424698151225,727.9023108956125,730.7152227638106,727.93335459242,730.3834456437461,728.9290361156745,726.2925501183389,733.3251919895887,737.2675913612284,734.9742550354964,736.9866195077437,741.0649684325934,747.5129520043062,742.4481313806479,738.7127701567938,735.694400814989,744.2855528252209,746.694582076483,735.5121415003538,699.2433275755425,616.7119438721157,499.47597076899746,414.73137477635186,374.1915818655536,341.5410037535889,325.5774378573614,316.6726198586514,312.9090585411539,307.3728531584865,293.95972637717364,284.38092263917696,282.6184822841431,266.1822276199069,253.29350148154484,268.6516055805046,251.71698827203622,230.8057506171223,227.08819306737948,226.52469414690236,175.17096417154949,115.46634329485933
696.4457919314783,706.5480691943945,709.2417736706267,705.012510193987,708.0509470251053,706.8088817002553,708.7613572031779,714.6408021240836,711.076456191579,722.3521503463911,710.7583603273275,711.3214223165637,709.6561382151835,700.5459801864716,707.8962459035447,703.3305379720442,711.572043314462,707.2044153663055,712.5484103961722,712.9608879048925,712.4057139184418,708.6256956762646,706.0835866593156,705.0867662787911,711.1668214192208,717.3146626743828,709.690570119653,710.3258139110147,711.9891836943783,715.3498261620316,707.1254372590344,712.7545550483402,710.6254631903452,706.2606682320047,711.7497888480102,714.094837742091,715.4911086743149,710.6497772472384,713.4295856829646,714.6711617044535,712.3169558261494,711.2367485303412,710.1923442043917,706.3549690200904,713.9421268372392,703.5391391955377,711.0348821831423,713.392948138736,709.4116107603219,716.7489278963976,712.3185774435234,714.9747379806954,712.8109548193038,715.3429661574477,714.5007903737505,711.0298758684647,718.5724334373361,724.9395186489069,720.3364613755252,722.0028933795944,725.7511107709092,732.9240334608471,727.2717000961892,723.9334107818012,721.0429187896797,728.4139755715269,727.9355430573983,713.4206629299046,664.0927784002573,565.3145108871955,457.5771039382332,385.93346257471757,347.8464065522268,321.62895370524615,301.3132248443706,290.84740583283286,282.1721450887306,275.83778594115023,263.8081858716841,261.3800173918829,239.16647369772122,218.23896011427192,232.42368193351058,231.74256622404445,216.48793594538844,183.06438637529425,180.9292934618836,163.57990257373766,132.22392927534193,87.28211753355437
681.9998716457109,692.1129327123391,694.3061421764538,691.2607542049603,694.8233795304413,692.6625137303064,694.0858315278675,700.714922456128,696.2591500899456,706.3235447647116,695.300817581537,696.6390306078089,695.691935087821,686.3844356922336,692.9155071811566,689.4559166681915,696.9751470728237,693.435494636601,698.5859467709482,698.1173019759229,697.8796393041666,693.0147373512887,691.6605553449289,691.032311426221,695.6968983368532,702.4388400103347,695.5016988275044,696.1799394224422,697.5535128728169,700.7558102371859,692.2752900528039,697.9784771958867,695.7149212584482,690.1751826385893,696.8728061677066,698.4661593725488,700.2978784626488,695.6818169013317,697.7314566218338,699.4587978391938,697.7115161843539,697.2030205468441,695.7100308975623,692.0814671215634,699.3405836402608,689.154698672763,695.6945146171024,699.0283076508173,694.3059403535622,701.6390660499319,698.252889623996,700.0276196632731,698.348152091079,701.7232433003096,700.5722463555089,695.9269463270425,704.5783334109964,711.9732346757174,706.188502971565,708.1804893049001,711.1803198195786,717.9772606477906,713.1924713574848,709.6857398584176,705.9926895078291,712.6909720103682,710.454135738049,689.1181474667688,627.9100943327433,520.2349519143802,418.2647899404739,361.988913918666,323.1349329023331,301.2374281141344,286.3010658188131,276.2840752637782,267.38968774475103,253.54990545785816,246.67749585910033,229.1669072261886,230.22028424010725,216.67812912504505,215.34481077541375,195.81975024177953,179.73360822782885,166.53395792186305,136.08550197370744,105.98757061318766,93.64658233525053,47.84839646874206
667.6478401893008,678.9216451407028,680.7574106600985,677.2007510934452,680.3783297422526,678.3199801755225,679.7444128701017,684.797607423647,680.7655848592104,691.8494537208497,682.2929968066211,682.170483884773,680.8869096317222,672.8340963991732,679.539418514429,675.3516644941843,682.0652388605668,678.7667803801199,683.381771968258,684.2666954712699,683.6731558038003,679.0966005532631,676.7654502965289,676.0261154361164,682.4063587721413,688.3458822828355,681.1742186792744,682.1816677820065,682.8394676435992,685.0153773900247,677.0026609684302,682.7298723576249,680.5697183609631,675.6334837697464,682.1233344815888,684.1542259093826,684.7403072205478,681.0109077787793,683.1021387716005,685.5022251868801,683.6267870409574,683.2921064131583,681.2498321155272,677.9099085824395,683.8379831609717,674.1207746386382,680.831627584351,684.1505621533861,680.2323680617986,687.3167687461545,683.6342981797933,685.1176623830911,683.5880643706106,687.0641243730578,685.4504276649076,681.5352981528772,689.1524512385696,698.6664836602845,691.5978724584029,693.5042167627961,697.2060682116712,703.6320142001482,698.0558322244468,694.2889902907896,691.2256165945929,696.0590328482905,692.555256997647,664.4900304549057,593.8277791844828,477.68857629946046,388.26428056408173,341.8569528288212,310.71632665202225,285.40929326393643,274.2905288070474,261.85886530482094,253.0199723434575,245.36631013076473,239.69778187760195,237.18678802924308,225.15482242272756,207.99211132147676,208.13119402951813,189.97455509826014,170.32433816597234,156.66414522838744,167.499238796632,146.4682230425209,129.88430457882274,76.73151250720171
655.9760278641752,665.5185978119856,666.3079613088479,662.8837739929924,665.7831038766434,663.4234507066923,666.2363769490837,671.1963444084536,667.0917633994403,677.0369429441397,667.1402082247649,668.8571703319016,667.6629602110505,658.7475627088259,665.4297036888564,661.3981440010665,667.9211559400801,664.4260263937628,669.2153019290134,669.4921207669867,669.3041442288247,664.3530631620027,662.5430656143518,662.166991267993,668.0712269717856,674.2104676641237,665.8263941082599,667.0528172003494,667.1853814865066,670.6608803350147,662.9033616593368,667.9759450073449,666.5473037797342,661.6600758960627,667.362136579381,669.7329317517937,671.3164330951387,666.3314548321537,669.1140166645332,671.4098935644207,669.4100234425082,668.5867283694006,666.7280708240195,663.0444191883661,669.8901119298497,660.396010733166,667.539305255738,669.9121697974804,665.8277440671385,672.865910955384,669.2235066736181,671.1161912494221,668.6564269222894,672.4308689816074,671.4327067634782,667.5373565834483,676.5604194228869,684.6580324552733,677.4680483799342,679.946888715153,683.1484217042713,687.8903331749548,683.1140377952138,680.2393445680694,677.2471033458845,679.902226728701,672.4778490837613,638.5561895675887,554.575393846953,441.84030655383543,368.5979101566442,325.9800394231305,299.45595251277183,277.4722017290026,262.0723037565287,249.7474315373497,241.98185855006,236.56587965970152,235.24573235588096,225.71954990943743,230.94285971074672,210.6014025629238,194.48732904249803,176.34060005705305,180.77407993794395,172.02580164627787,169.98291982352686,172.6469992387479,140.44822045286156,72.43561085083407
641.460456146254,650.7775880520352,652.9248795381044,648.6956883335536,651.7320194900116,650.0926936147346,652.7303385583964,656.7238727269727,653.3206397663793,662.7988488825137,652.7278704284709,654.9538885544832,653.9304847454625,645.1505634832134,651.1649766138778,647.1812983318712,653.9820179116899,650.8662889975838,655.7407234505055,655.4499941433087,654.6508922387399,651.4774261823605,648.7015202586978,648.550074221328,653.5681591940717,659.4298501724077,651.7684121086165,652.6673181632626,654.0804940362846,656.2996500100318,649.3959625485764,654.5028572464734,652.2927113153202,647.7613071523622,653.5645508141919,655.970216944314,657.6862669010835,652.4730988342833,654.8593357229119,657.4994489039977,655.1736977794632,654.3844222809305,652.3971049867324,649.2726175546385,656.234381536958,646.7046711447083,653.4847297855738,655.7991663471463,652.168353985943,659.274841195588,654.6255010202696,657.3068528306836,654.870912849587,658.4557682967685,657.1429838662989,653.6083957430886,665.3118484495152,670.833881263301,663.9050609779846,665.2192177974797,667.6613158341953,673.6405174029107,669.4273089576271,666.8042098947359,661.3405687642518,663.1377797266699,652.8403619506465,612.7557015906101,520.1987359044473,412.10293897119533,346.67967221796647,313.31120967103703,285.2783551214698,268.90541178600995,254.68339168344392,244.0353126320953,240.21529706676972,235.66252754328252,230.0205796503452,225.5965141356091,224.01573047692003,214.36171070375534,197.62239264124784,176.7526898520308,179.5437894334212,187.16112223281507,181.8898685987858,157.3555239225424,131.4094499657364,68.68223362143374
627.0669661736127,636.9325155184589,639.4273087427968,635.2776515059222,638.4217147948881,636.1026457693848,638.2557683181458,642.6602349408173,639.6498301696487,649.1735849757841,639.1175701420394,640.5860436812526,639.7497524388336,631.1338735949086,637.4490182903318,633.0291610012652,640.5775559819532,637.7297197205196,642.6750034408167,642.314566976812,640.6473465220076,636.7105384237233,634.5563431902743,634.5770498791562,640.0250966820696,644.7493100876355,637.8125777710624,638.0157344450669,639.9719488688411,642.420089033911,635.413447226623,641.0358065281671,639.3939860435809,634.3497099853813,640.2071706823722,641.8595344405181,643.4669364718528,638.9821192126807,640.6096310192753,642.9064469297019,641.2848330394306,640.8283758436811,638.9011056580235,635.3177560891517,642.6554217565373,633.6355791848438,640.2215247062242,642.4955284580753,637.4325831435048,645.1754853235333,641.0923606461105,643.439173664106,641.1539391474265,644.0770515491477,643.5045483660878,640.21139769872,652.2649068075486,657.9036721819401,649.6203386708743,650.217508872759,653.6592920981547,660.0813038618642,656.0877640068351,652.5092595620972,646.6214003186025,647.937923005096,633.5369067246769,585.4017577515763,487.7724956388372,386.558808507315,332.43948763332594,299.6001147801528,277.8146970379302,259.4649762328635,252.1098648779207,246.03468811779757,240.6427406254908,227.68116719821987,227.4265024085946,217.0352667877629,207.17265609946625,193.49100777056458,195.6451456748815,183.1364897668598,169.5910097807109,167.7222742235646,154.68503947767542,117.65129152938162,82.73424063734534,41.90022240924379
613.904142696687,624.002143860294,625.752417180309,621.9776277480744,625.2959639120837,623.2551620375519,623.9483829099291,629.0448731226517,625.1470064932772,635.9736719766919,626.349929972621,627.0279314817625,625.8447443861156,616.5975891936894,624.0199547371903,621.3259755393323,627.8545989933396,623.6412620504103,628.6873197503278,628.1828791375673,626.9817229733209,622.6639154893894,621.5290187176806,620.6811315084813,625.7581883553746,631.4203667684926,624.4123768503729,624.3780831065103,626.0983420179822,628.6840020078511,621.9458293391563,627.1978287449118,625.5132595816038,621.2423001501927,626.831375288631,628.2287331455974,629.1588456024452,625.1247504371976,626.2957467385652,628.9024106249275,627.3138001614738,626.9475471168564,625.5502341478879,622.1165982348092,628.5840073820798,620.0580744425217,626.3924707052564,628.3562118829561,624.3948707017204,631.8001225684155,627.7080235988004,629.2659729821102,627.7092008368637,631.0008949460301,629.911541320997,626.6475226964321,640.4134497344269,643.3383827493534,635.6694734386309,637.2436664487592,640.8421694652408,646.7926417003166,642.1995699147633,639.3366646124865,633.2037636791877,632.6474306119376,612.7155004516225,558.2890114190183,455.5880509912401,364.1963433240433,316.94652834561253,289.76791664199595,270.18635724150744,252.5860497414022,247.35111909128435,240.34338673328935,233.07563614550097,223.60973445936065,214.32342630775585,204.1078273343063,184.7423928589111,180.24123492886304,178.63926696658618,162.8112644362972,154.5147053766462,157.60000796818485,135.32868232741978,110.48639599851906,86.08422540792206,52.816203022967365
601.246922405969,610.3691059179413,612.316945173155,608.2050336097187,610.8039346390361,610.3255853830093,610.8850525346817,615.6608707228419,612.9682326827041,622.6791586296016,613.2413789586778,613.9309063422132,611.7477975153819,603.9243674480055,611.757500899237,607.8038233995612,614.3488877519306,609.6180679981253,614.5862770071241,615.0726843604053,613.7785711107439,609.1008286883247,608.2756637824854,607.4156091846608,612.5505122890104,618.2769440187897,611.1945931305412,610.7138431097972,612.5838381207714,615.9719007549721,608.4659808869166,614.0256483289024,611.8157868628533,607.7535278968738,613.2777202965307,614.6881421412209,616.1319034762942,611.4977786495842,613.7211404353857,615.4293870170519,613.8288118787341,613.7329176338247,612.2919325410729,607.9616895299861,615.7268258655907,607.281829656902,612.7968343711728,615.6252866812384,611.5275104160488,617.8931300929347,613.9429888261907,616.7996417472449,614.5503913978381,617.0665662998849,616.7018306911318,615.8897769739682,626.8189322642311,629.8488361269792,621.9774054960425,623.779452053673,628.2956119666029,633.6577475734133,627.7560405162393,624.1257133904136,620.1897804300258,616.2388091773107,591.8267478909995,530.3310485838548,426.3971755259243,347.83282557322383,303.98550075286045,277.24907234404736,261.3911279892008,244.62055606555023,235.41476776951689,226.65608301415446,218.63578753992564,210.7747251610956,190.16320824120658,190.23353001403973,184.9996007937855,184.9111947540271,182.09481031907137,167.90205774077234,154.73217542074954,146.51426046229457,147.25658534013692,113.42855134094562,83.813634695785,53.76668040079008
587.6336418861601,597.7026466411413,598.7587454433099,595.2248836152779,598.121524736187,596.1910822534929,597.9685173102615,603.3100856748807,600.1585541061884,608.7137213757168,599.4037775000003,601.230864825321,599.7803658985845,590.939389703023,597.7488782333727,593.7272401677146,600.1666439508913,596.4891728314461,601.2326158952284,601.2834837477558,600.0851853955834,596.8670603596357,594.8981440372953,594.0213700772582,598.4301920572115,604.688619705841,597.9555748758505,598.2172460428336,599.3397376947386,602.716214444025,596.3457190654593,600.3454702233906,598.4334739390745,594.0387120725334,599.7693880328677,601.5730441756793,602.8997423233601,598.4842922066852,600.8406497343088,602.4951865719166,600.2033209984501,600.5943500335409,599.0905156584381,595.6249672246196,602.1781757545498,593.9490012346201,600.1665253506511,602.2685993704661,598.6336357787414,604.679995364706,600.5980518331713,603.5197045332185,601.162108737535,604.581997388984,603.6863366637382,605.2001561480241,613.204173068286,616.9555241318118,609.6933125706898,611.0781988322535,614.9898261874837,620.4718329413283,614.6279351895718,610.8169505443102,605.3445897333402,600.4559656374388,570.8572568500261,501.92293554392387,401.1627827798886,333.6381002636637,295.33251583444013,269.1999376166712,253.99462582424925,236.5678650677793,223.8249971667927,219.9170186281469,209.98070484031697,202.15753805856903,196.85502288290118,191.37757534781102,193.0408335125487,191.11465049080115,187.81334079131247,172.00141105320233,163.39594679238067,144.95809681099726,132.0220084761665,114.59443260926524,78.54808484018933,48.37092394763349
574.8661324180958,584.7334807416688,586.1999743950822,583.1325906236721,585.6731594863207,583.1271757744174,585.2256784457205,590.4249150586468,586.590832405721,596.3839505253005,586.5960392763278,587.7114828439798,586.1982535977105,579.2602924380045,584.2811147174889,581.272248108519,587.12097443033,583.5070259160252,588.469036341619,588.1084136416698,587.5962423234408,583.5183019388927,581.0803632806942,580.6874506439223,586.5276930748854,591.3268495864726,584.6363977541813,585.5088075328517,586.8783949731547,589.9212252971759,582.5680942461453,587.6773709085247,584.9928520505595,581.1634542950544,587.1609558261897,589.2209507206056,590.1534568978365,585.2444046799815,587.8988887392283,590.1614564368326,588.2924488161283,587.946695998779,585.8826032404843,583.5285814215656,589.7745207659049,581.2416063973368,587.454707573888,589.6527684712418,585.4387019679439,592.2353339095449,588.455166210908,590.7727899791836,589.6960793456154,590.8011981269211,590.5726224775875,593.1020448299679,601.3504252183019,604.0710715865617,596.870300013513,598.1020090108376,602.221150204036,607.1445448884065,600.8330897320913,597.1709060233338,591.6080504982494,582.9667576852593,546.5125628712775,470.5390075410994,375.8246657119075,316.4685402549953,287.94591618528807,261.6341900249285,244.59484270372454,230.06676018554012,222.49243865569028,216.0312020020356,205.68328697557737,202.31213324166333,197.70409997427205,192.34665213352068,193.37603064407668,193.04109015741665,184.1813983437413,182.30283440991104,147.24815749346283,129.96438919195887,130.84735510198652,123.22247641925493,103.78080384021821,71.73437485855415
561.6076646270309,572.0556215834363,573.3815337918537,570.7099797032103,572.7386915197593,571.275926119651,572.6049365497738,576.8185148527177,574.3262324837389,583.2490739475863,572.9937479022343,574.580424891921,573.6028252606394,566.5438177094296,571.0104404496525,568.7336272193497,574.5671703642756,571.0642998531762,575.7576763877083,575.6293852589364,574.2772894795046,570.4939564781951,569.2505210240093,568.3845619689522,573.4728075103511,578.676624184979,572.6222970362945,573.1464027880112,574.1246940272509,576.7192235756668,569.6252852372284,574.7461073889643,572.5770550728157,568.4953319818331,574.9712782743842,576.492849224801,576.5448588124627,572.4090553184695,575.081192335136,578.0508323398802,575.5675319468064,575.3795372847198,573.6384485851495,570.4683175847016,577.2812849826734,568.5176233580595,574.5033413337309,576.8807109031949,573.115772486924,579.7392166643023,575.6254693732818,578.5607924137253,576.1297900472721,578.6350223775103,578.1209510292272,580.679163030988,587.8087850957894,591.4566992784864,583.6056257913646,585.9160619024457,589.7673244945568,594.129782890005,588.4572437938804,584.569126659156,577.991477823822,564.7434741756043,521.1708401565129,440.67702144828553,353.34005455779385,304.41789270894213,281.17103210841134,257.4195727091796,233.91875896270622,223.0619544724765,217.99669428175991,210.08216162771564,206.42682767498306,199.14089507411947,195.03102609169127,188.66741787054946,183.49384580942026,188.1838911074468,180.6730208986511,165.13451432910057,150.1663497322127,141.23753348734826,133.32816934536717,121.63331653868403,111.12643701601115,55.50507649165599
550.4731572912928,560.0946382378696,561.4620372644526,557.5654490287961,560.1142098296034,559.024262499469,559.9856022330413,564.6326209718134,560.9272020568174,569.8069315234176,561.958748559317,561.8965828798354,560.3548513721037,554.1354837751047,559.3632750762102,554.8421888408585,561.3844931889657,558.1644806056228,562.7545904364961,562.3384715434144,561.6647097518539,558.6872103642655,556.5741678527758,555.9668579911832,561.5183191346582,566.8183381595161,559.9273505324678,560.1579452749946,562.0463474849147,564.3626818914037,557.2192296926374,562.319372787113,560.3175467241417,556.7825185238505,561.5826231137054,563.9243729301844,564.5412847465783,560.6760701805664,562.7718529744955,565.0519075874992,563.2915635242983,562.9672552943923,561.2242483293127,558.1928384315171,564.782385237491,556.2645705483618,562.4250384691405,564.2892870455563,561.1109579281136,567.0649905368354,564.042846957611,566.5124885143689,563.0012045320008,566.2866337998995,567.1923701498587,568.8000331304548,575.9671713874311,577.7931453209737,572.2399324155933,573.5089841863083,576.3781717123439,581.7652983649222,576.4478219323317,570.2005819083222,562.7522964910108,546.7568712481888,494.6237442890919,412.7591448797687,336.183340480861,292.7735432187856,273.2558564540886,250.99166403434364,229.23574434879174,218.55072161651978,211.84825392851073,204.48632134432637,197.06560938381207,192.47759251594076,190.79936074006932,182.81070463691455,175.7611013206131,162.1568629387763,157.51995481515414,136.11327783722564,138.3074793804344,133.68747170463146,124.85735247716877,116.40688314410595,91.55190752136986,51.392098569236474
538.7365404294572,547.8834308436066,548.9591123151689,544.7104914481183,548.4647769856483,547.1705126309752,547.5977627015478,552.6995639528662,548.7027771985908,558.0990047265428,548.9824796502307,550.2951011301176,548.4866116891527,541.4337783376578,547.1626176678454,543.1067896807627,548.9575761157884,545.6595145798716,550.4308015375293,550.1819600309267,549.2655539087576,545.6817201417372,545.0450903034393,544.3698418671072,549.2857179938562,554.3368066139542,548.1415601728645,547.8744730727796,550.0423631980353,552.1601524511663,545.0732467542697,550.2109571341491,548.0727916614829,544.1671230518365,549.4338896730264,551.0640833210781,553.2266043422039,548.7865156132314,549.8558566472708,552.9831002530615,551.224289972856,550.0396959180504,549.4262532290928,545.9294617343554,552.2448986509709,544.8716752282292,549.245135695452,552.2245018297343,548.5981714177165,555.1955581729228,552.1605412226751,553.0821553661583,551.0001845862186,553.0579358824208,556.7942394366444,557.5696399601342,563.8522492680048,565.3455978809741,559.9905878877852,561.6578615178045,563.9934281208389,569.8446473265957,563.372847538005,557.5033009315636,548.120785159471,531.4056255207744,472.2506495845691,386.1730368130591,321.003857277276,283.19822914856024,261.5792638473432,242.4026028461019,224.61818524137996,212.80331950893628,204.53404664793925,198.9867949764156,191.5800073703089,188.47905886367832,181.6650992594375,178.22579620306075,167.98672928153124,149.55503997255238,136.08625005597244,133.15268317126274,124.67218539973516,121.62831287795773,105.9761419045783,112.44974295130633,88.18323701241623,42.84875290398853
526.0356474416204,534.359861079999,536.7337477258017,533.823856407201,536.3972915993221,534.4868494840166,535.8136994810492,540.5741900821395,537.064267898047,544.9269792414542,536.5742117390406,537.826804252694,536.1529982886457,529.6294613217394,534.7501344164326,531.5589495940578,536.7120122991984,534.0332317456633,537.850181230462,538.3656610165443,538.0250787256236,533.8346178821157,532.8766457734899,532.693359599982,537.4129535031981,541.9863694180098,536.1860216946721,536.5009609293692,537.2069897684108,539.9254298801208,533.2168526964725,538.0188244454033,536.0250552045808,532.5710966230084,537.472343754935,540.0797156393361,541.1544562516336,536.7888555028787,538.2572796034964,539.9571298484927,538.6934552399042,538.7363573758332,537.4823241132765,534.3483959788185,540.549050501808,532.193791024294,537.6414495352557,540.80036826094,536.5750090349586,543.6591296144428,539.563397214738,541.8178905246332,538.7041372799514,541.4879326959689,547.0837080586118,545.5195849232731,551.14459102806,553.5631840206239,547.9628362237448,549.7524217829692,552.1610587313007,557.5515458100666,550.6201420065607,544.3982560653284,535.3169971917483,509.5872542742975,449.0018552779468,360.4583688060987,303.4191386108874,275.2753964140895,251.26580162909192,235.89625000593207,218.62932876124452,206.2465745873434,197.0575619436694,185.1396087144586,185.19807823434357,180.56557403983172,176.68807924785548,176.40465047456152,171.5235067077388,152.90802737151856,141.10998273783096,126.1314467050185,109.75989588172013,98.75279509142403,95.65992377868258,87.21629649452107,65.01518979104908,27.785247777320972
515.0518034842516,523.4009479659378,525.4968173481491,523.0502902113069,525.1165965716656,523.1180511864635,524.1504829112594,528.7031469183856,524.8241616348208,533.7491709936324,525.6280239113469,525.49921839555,523.8625662407934,517.4668665333081,522.7313839346522,518.9616410837873,525.7459052462021,522.9636330687333,526.7849494410583,527.2841353131747,527.3393782086854,522.2965460962753,520.9026373010552,522.1338313487392,525.9659048245295,529.7379140057154,524.0464232058872,524.425698595794,525.4770864709436,528.1840046445567,521.9972963025443,526.1483446796855,524.9958196217389,520.7389781507985,526.044377412335,526.9306342893589,528.9957611276853,525.1839056747644,526.9045635259989,528.0383213377571,526.6412353327895,527.7146192380993,525.7573200564565,522.8728728032437,528.2693096760495,520.4020096311388,526.0232077547565,528.2395340739921,525.7128873013551,531.134067504486,527.5868342582123,530.048216755806,527.3797416783584,530.5338218014184,536.5199301943377,533.4139899950185,538.8657550338587,542.7621633070246,536.9533877780847,538.3954375562139,540.5220760318701,545.020498783511,538.1895336059212,533.0368336763332,519.5028255808717,488.9192304715473,424.62605105436046,340.9960772576058,290.35438919916777,263.0670704755028,243.18968869742568,225.56421222692208,212.80813174241567,200.141547466864,189.93202283716153,181.46364069030048,174.85014153648692,169.39348492318857,168.73674603944147,161.4177279732027,156.34356377652233,140.4178173843147,137.7117228627228,136.0941315370409,132.23806979009214,127.11625922895273,112.12619464794447,94.82505543280126,71.52548735148257,42.60985292489729
503.50622280148247,511.66742601622906,513.8869453683654,510.4349310201747,512.790691336416,510.62025908799006,511.96477502980116,517.2258083738768,513.7044057738018,522.8772714961069,514.0599451734017,513.6756358616271,512.5205180725553,505.5026188135933,511.3344776935342,507.95346181867495,514.2273034173967,511.6007168450042,514.9986555167475,515.4812207271947,514.951435294014,511.1012482380952,509.92983887264404,510.1942977767433,514.3291320038796,517.7323508834578,512.4027915180269,513.269748637368,514.0488257633111,516.9488600341775,509.9797081175221,514.1813464233662,513.1984698534909,509.3860057241036,513.7914571626708,515.6208392353614,517.1199660054714,513.7522553387827,515.2569079654805,516.7432146073227,515.5833940927992,515.5833566022301,514.5875528150917,511.06165226890533,516.8096869143069,509.32965696004163,514.5655669752526,516.8975719913874,514.4987001433875,518.3192388556257,516.3876951101378,518.8510961946348,516.9493532530522,522.534497054174,523.7948128011514,522.230579327557,527.9484094654443,531.8918648314161,525.5283928735788,526.2936579924708,528.992856024723,533.3856124499541,526.0333491773578,520.2316586560244,503.9290345723022,466.913738808468,401.7679943162311,320.7605394014323,280.1726915964328,254.64974394697398,235.60373113705828,216.24517878474447,205.26226681759024,197.84379166836365,187.6736244952443,184.20092520673464,180.08542071081578,167.1122016005028,159.7237898425726,151.44108032968134,143.68960573289425,145.44149006904905,133.01836502284394,138.3970901831094,133.45847213674668,134.8810817129881,127.98486286278471,110.49722424946685,96.87282395367335,47.76264227425245
492.16144075255426,500.9715157365228,502.56736676404597,498.9371321175436,500.4929521680003,499.3305076997956,500.6489631793931,505.75379546562414,502.87340037192024,510.5817161277511,502.0233173932029,502.7531246249302,500.4818493034151,493.7576407602733,500.0384732047171,497.43901270793634,502.41508860655404,500.1068663500819,504.24397453680837,504.2513831690057,503.39376309034174,500.3411773264342,498.26595818780646,498.1136672815023,502.67728243888473,507.16356409393325,500.9906670109012,501.6558064499384,502.71437105728774,505.1551474792156,498.4637620248422,503.56731407339345,501.7692407229095,497.6649386203165,503.2301879518696,504.8021616747751,505.5765540839575,501.92433028523874,504.6418102098764,506.0618967270387,504.32048063002,503.71679436414047,502.9741427720208,500.16438408684803,505.21328670833697,498.31831591733277,503.37573170869547,505.89587581921313,502.1164760724201,507.54875894184676,504.64258039774273,507.370493940655,505.5772624071974,511.19651465680994,512.8181693607191,510.9428688794926,517.4463486122659,520.2479296315358,513.1864671118013,514.9897537938749,516.7494515960435,521.0041262033027,514.4552393152791,505.79803784207667,486.3709409972442,446.32846138783975,379.44469335407143,307.3126719969478,270.08496510054187,248.67840021721858,229.10582496923385,213.16351575562626,198.60870390423023,190.32506640780466,182.91516616132301,174.65640247959254,165.49318630776432,153.15876436318996,149.3928385442884,149.3394632342287,137.9934507801713,123.30480578584344,106.70170237374988,113.98069251921952,106.43069710779868,113.6281099486721,104.8673672738397,100.65586589307355,95.53358556185646,51.207130304784016
482.8342218020243,490.2872953913405,491.2116838414493,487.5579922464246,489.55009207849866,487.64236838745205,489.49727913745096,493.92313997416477,490.62804961594196,498.38551416635005,490.5892958671108,491.4436702137607,490.01097559472464,483.89018605276755,488.903143830732,485.69066154069833,491.4374857453588,489.00317040787576,492.73695949557776,493.16609691929324,492.8273753589947,489.13687343923874,487.5661372931642,486.55723868778915,490.8989659156062,495.9401998354537,490.27603116167165,490.87162946453486,491.7185251325673,493.7418008367745,488.8324531697886,492.53528211275255,490.78196487357303,486.8033867072981,491.49419933439407,494.07365335942535,494.4282303503573,490.95830362190395,493.4697980002497,494.27433411613873,493.50642803118626,492.44343210721564,491.538971329448,488.8009324416125,495.00600846337284,487.48013953044347,492.12847777460826,494.0380499856935,490.8533613434369,497.0900623065361,493.7706451388398,496.3550139523411,494.51675859520566,501.3572667154761,501.5901589616986,499.83958535670877,506.1977989974773,508.9357696473069,501.64579613357205,503.40794567377617,505.85024527806013,509.799454626706,501.63473879986196,491.80710637918133,469.5252930181542,425.20243477957865,354.4558748176418,294.40956511092253,261.62260726948995,241.11050824147114,222.10625967099296,205.1722151379032,193.8750047910689,185.14360337283895,178.92938709681223,174.98872497480667,164.11671265247705,160.1593161171842,157.85622180978802,152.35911610865958,144.81382674177746,132.58167170383715,119.77234165326435,116.79882316260836,122.82428255476464,114.66238886307148,103.64819111753074,98.6967574521247,89.07741314291228,43.070820296324996
472.029778507161,479.2821685841154,480.2301100281452,476.2747388167434,478.12425303673973,477.3182277905857,477.97566480888173,482.12276631361084,479.2899965843637,487.29723664829856,479.64212813304556,480.29049829894876,479.41201321378975,473.0414420542533,477.6060254624742,474.72640381685875,480.68472137228156,478.52559300319376,482.3563568929983,482.3892490255464,481.71824654022527,477.5528993115606,476.37804607487857,475.5932690331659,479.83437466876876,485.0820675229009,480.05402876721183,480.0071230805763,480.9433478304063,482.9198632298092,477.83883616715576,482.5425386751977,480.08879516019033,475.6703649982569,480.56512062871985,482.56440981509644,483.16918290740165,480.50952027397716,482.0598026903253,484.2251461260327,481.97339350212,482.20840944909236,480.3304243397606,478.45758338117804,483.941114776756,476.56793152191705,481.2975055760341,483.4252459228572,480.61776506933717,486.1198740442541,483.3078473035918,485.34026870006574,483.74043729502023,491.4576524785334,491.4677367577768,489.9598406611271,495.56745655734466,496.84210820906173,491.8832808939821,493.0891385144014,494.0309679538847,498.6154777431695,490.18484500488034,478.3118490254407,453.7174068550833,403.02819993256884,332.6860486197754,280.67701500368776,253.6054636617405,234.38277084883325,216.01621693786956,202.63467044703987,191.49945485863125,182.74283033523272,173.3212089157604,165.38411758435896,160.048886844154,156.08825006294865,151.24132214277768,140.77899248130134,138.34115403204243,134.73558256090715,131.47021452527886,124.41992405709023,124.56760272076399,127.86927841000079,112.00048470006327,102.03390004803286,87.44547630862661,47.104564029712186
461.0331556446174,467.7146482160835,469.98934276532214,465.7357709347429,468.37705956436594,466.505637318741,466.8190901012819,471.0848082048867,468.52982583981316,476.6910698342131,468.9931448501123,469.96548110856605,468.7917913808199,462.81524479324065,467.65636677578374,464.72145507537107,469.6460429534295,468.0417671020122,471.097282714494,471.2583967451465,470.8805169347331,467.11231678300277,465.3221672219127,465.46723243828916,469.4296186044894,474.26114876625303,469.06528220611875,468.70527948058776,470.0333030154715,472.5722818195743,466.74200800822473,471.87983957790794,469.40404177255596,465.72354831356193,470.7212818949065,471.6451655883018,473.3039928754628,469.31976667882964,471.38263534305594,473.29487795347114,471.36408426198494,471.1062384362933,469.91810924145557,467.73425727720013,473.1087561048103,465.84950418788327,471.1791542432656,472.65040171002255,470.32255343279735,475.08743277965544,472.52813952465317,474.4769011847657,475.2404005827165,481.01632303933826,481.0958666185065,479.77250402025487,484.3527490890147,486.41977819527875,480.81159730068356,482.46138882267013,484.20254296446706,487.3739777119872,477.4502935018285,463.77403406603185,435.8063388698047,382.2018811258547,313.15442332717566,270.1510037587671,244.05012556458954,226.0255128489064,209.32649094264343,195.0741786788985,185.2757293140144,176.53330141263382,170.50967090980578,165.59664647975129,158.51460862505397,152.4781180664806,145.08393553889695,135.86024152405523,134.184084256762,134.17627262514392,136.05043460743607,131.16293092835676,114.78927831748992,116.66252850799496,105.24768688700915,105.83050711772735,109.19080382936733,59.323465083173055
450.5408943218522,456.7892907638645,459.2110614145042,455.73464494054315,457.6204789648614,456.5989686677488,456.1512196779981,460.4031272926261,458.26901011789823,465.1503997496554,458.46186749449134,459.34534739255787,458.3981419327543,452.9794115891015,457.520718834749,454.505413353817,459.7342132215638,456.57488505560394,460.2144529061207,460.47878693229364,460.6527748005844,456.61456198691553,455.05231160464405,455.2069092295939,459.14135995107966,463.253377738685,458.4281178648677,458.60924714123735,459.52390672291654,462.33721375421925,456.15203793849713,460.03022052856187,459.4108591131046,455.48039465670723,459.7198741962004,461.7419683342289,463.0075353763312,458.85369976823495,461.0427264308655,462.97212524209993,461.47449213353394,460.25558835535134,459.77892712611106,457.46236167729757,462.57623813871095,455.892868800022,461.04410311507445,463.01827184664603,459.8775244525582,464.6007024270003,462.0002840487958,463.69801056746365,466.22892139045433,470.93507780148525,470.6833086967162,469.41396885372757,473.4483366983684,475.20595550682054,470.05569425156983,471.5852589470346,473.263240724342,475.9948874276543,464.57027826733764,450.3804688835916,417.0891724770791,360.5738833304249,296.5048835406825,260.85524526460006,237.67345516742856,220.6932456904831,202.26289979063475,191.17636509325482,178.2709321009854,176.2234961134491,167.84398992892173,161.72357484996053,158.09884121550002,152.6656066565366,142.88562598599287,138.0689318739166,136.1004857170048,132.07083021086697,130.9273136126313,125.64226088212001,118.75944150242982,117.32800880107511,106.36134327888995,102.12516840261044,93.43268190374823,46.57434843548057
439.06256040086527,447.0237089062139,448.1072683762286,446.476883495265,447.7957098263592,445.7351262568054,446.8296473596816,450.34530921751326,447.36192953020856,454.7152718604439,448.07000908862364,449.27274609742045,448.2294185312275,442.697854476655,447.6651455543552,445.15317850031715,449.01058956496126,446.4324473205351,450.65440291727697,450.0920832573808,449.97316638980175,447.0312721245919,445.11702693467777,444.93617085732535,449.3744050184799,453.5145250139885,447.6087217928753,448.90673462098516,449.41030992244055,451.8364274406208,446.0622357155906,449.76045763217036,449.5720256363383,445.84127541436743,449.78314427625634,451.27088603354497,452.2432277276134,448.69260553603254,451.1414360354381,452.6042965989769,451.12084152037096,450.4711775552825,449.2628476326113,447.2342116006091,452.8152563098786,445.89791054668734,450.8280205350175,452.13836000046035,449.7313343713447,454.05983278266746,451.63245113586504,453.0419546437156,457.3463065196185,460.46071276500925,460.67205366103036,458.6545252602306,462.7273936181768,465.4121046671344,459.67680295721954,460.29421236354057,462.82941218461383,464.4938856304994,452.34567380750406,434.8884757375459,399.3993980499545,339.283668039405,282.42133472105826,249.66071780155053,232.02730095971413,213.87985415616603,199.27198829531972,183.55481920829018,176.2206915481179,167.24550877746984,163.04790730278816,159.29445281771203,156.487718115351,151.62144884784468,146.67808260687494,141.31251106322387,133.41319145777751,129.42612463614321,123.72736524604689,118.56477997823335,106.862915856454,97.41520725090025,108.27904077576507,105.74211975998202,85.85154998877971,53.30158543322779
429.47105990506134,436.15391561043197,438.7246156454626,435.6505396174551,438.06169441033285,436.3312570144155,437.2809472197893,440.1210637850973,437.1902256635399,444.56383744179067,438.18970405907606,439.13824704391976,438.52039383029796,432.6124248733203,438.0527430208061,435.7938508303823,439.26288806606976,435.9051076797482,440.1216973979413,440.3728717955058,439.5074009971782,436.6293008661848,435.41969988477945,434.69924714050757,439.1306262679988,442.9822551234452,437.86186927419067,439.11215237978377,440.0306559897035,441.59758400303895,436.48066480302447,440.0625480346852,439.1555944784395,436.45289334344653,440.02092667409966,441.3627071019852,441.89036339070816,438.68259208028326,440.8813138749938,442.54242854589125,441.38841935661657,441.2581787665171,439.65151601670146,437.1910562115924,442.6628386709113,435.7520883956106,440.6307686050002,441.90975893138443,439.76249090539574,444.7065844638442,441.95467682180197,445.0275890022687,447.39089064307564,451.0663489222648,450.7655513162103,447.50164362832766,452.9852677737856,455.5332711945107,449.1415708592552,449.1253859007031,452.7562815939568,453.90036583815214,440.3312053848622,419.72335206406586,380.83157430844875,321.7312320992254,270.6138603456598,241.01882469413655,223.37161928072166,206.65250995041376,190.91478775677942,182.01111944902505,171.84564849430805,165.95095137587083,160.53844039727892,153.97394295244155,149.05818180386012,144.05197267790487,140.82863820399163,140.3790701115592,132.92644604222457,120.23347424414449,118.63326060305722,115.66209756098125,112.02795371255843,106.14530462619796,107.4318218725643,106.62252593697417,103.29070596213388,69.32487544788647
420.04834188718286,426.32348077718,428.14692209091226,426.294031131145,428.78911009315055,426.8623076039299,427.4196338112622,430.53311598822523,427.28307090129823,435.0777121549641,428.5644939297867,429.22778825501376,428.7323550802734,423.12610814414097,428.550654790148,425.7982440454302,429.00540436998796,426.35997656302646,430.1528924192716,430.5527558063795,429.4892494338899,426.589082451964,425.8232706165995,425.52083294468,429.333448625833,432.8783457836523,428.7852972937628,429.13313830763144,430.51856078169567,431.59434784041923,426.5104435093138,430.4611026448124,428.733241547335,426.3917052573474,430.3792974897686,431.3279261162247,432.5410946324649,429.38804475446176,430.75586216576767,433.2270014689222,430.8559117134079,431.6985603793159,430.0375746017406,427.14060439199096,433.05387119118996,426.0222046082178,430.48533904786154,432.6898992131884,429.9078514590993,434.4359749081803,432.41505414562266,437.6851149252375,438.1510423861926,441.05958825995737,440.98756953252933,437.75701605936206,443.57021602135416,444.9158906260878,439.44228487697836,440.15721480758526,443.3305545836384,442.5793331611715,428.04547129452726,405.2687155931855,361.89837902016035,304.83707547775265,259.99990776853775,232.09673764685007,217.56913323989045,201.16856530042148,186.45500388701257,176.47145994180008,170.31927789250975,163.5109734308114,156.56096530807596,152.0053121832095,145.29650889692905,140.8039524083091,137.34275690327624,135.53695870750624,125.9930755339293,122.6651078742734,123.43564127802262,127.11743458143674,121.29985259662975,118.67711778524726,114.68929735128796,101.7426416717173,101.15229922347883,69.45211850353367
410.6300763939102,417.3705971193712,418.22203935086463,416.4044027523891,419.05533309202434,417.003090311749,418.54419183842197,420.8920041514727,418.31537488998475,425.27008571929605,418.78606419300786,419.68134439751105,419.0340744448822,413.66351260160826,418.7792944898444,415.1437930765892,419.54037305785073,417.45009220864443,420.61173802456625,420.46180750076695,420.0816480028588,417.5643241191364,415.96551054029027,416.7251874208444,419.8501578548078,423.64109953577946,419.14431956340326,419.3406070885883,420.66330258266345,422.0825773946451,416.9189996153691,421.08975957894137,419.5461757986632,416.31362372187135,421.065424894952,421.8334632405337,423.3250055640355,419.8524720943553,421.46541201747885,423.4962597521171,422.2500344500993,421.51499902003155,420.486433776354,417.3743819716888,423.1327717945228,417.1187946924674,420.9845541457712,423.484907013595,421.1285142318714,425.16028896919573,422.94093893741984,429.48378211780573,428.73305421048013,430.48404047293207,431.0276319270367,428.9532466752241,433.50358867755614,434.7271493017916,429.8278635368497,430.9600333525407,432.2912778992483,431.41018023136115,415.55372485139554,389.9388318019094,344.7932903610875,288.06334479164235,250.14032120356,226.91283050406096,210.87503266748183,196.009506491324,182.19857270039165,172.01535038176914,166.42823056330812,159.31015770118876,151.95003991028284,145.83105059984103,143.69368319109245,137.54868964500307,133.97147270863854,123.82234248952948,122.48330446627828,116.98854559201509,115.74443051232252,108.8366382895935,108.78919741885518,113.51587769352028,110.46726903957652,112.08724799478598,102.6040329595395,63.85358407085292
400.503779290075,407.91072707162766,409.02254841369046,407.2153983666513,410.4365357469496,407.7089455010309,409.5546029331183,412.26940704099434,409.1577111481477,416.32245120586595,409.62934404298636,410.87663031320716,409.90850376802115,404.24541380794795,409.9197412843187,406.3425721512651,409.9344544172493,408.3942174836702,411.19974941796454,411.5765783114386,411.06027615147644,407.7182754429148,407.26507421879955,407.55877626682985,410.8617438209974,414.72483922497696,410.0081267603353,410.0412288283157,410.7384060245543,413.39588427865425,407.5333916806731,411.71802182933766,410.4375344836251,407.1454275506287,411.7597872569545,412.9240304064772,413.5359328244726,410.6446057943745,411.61319346150276,413.6778711146607,413.1690406230748,411.83942282918207,411.52109476154675,408.21784266451596,413.4288055266931,408.3967317309387,411.846104202544,414.1725664575199,412.02899139305254,415.75832867380547,414.00816009458896,419.9055899277816,419.4293450473253,421.1058943496884,421.4387283132011,419.9156745517832,423.2523240213524,426.09676792434743,420.72885373507296,421.794400300133,422.12213862054506,420.20023286389375,403.6901209307896,373.37018437487654,326.8891823945089,273.63878119854945,240.91454194064445,218.20476705389046,203.20104999627748,189.8016512986517,177.8378679273208,168.3494467586621,161.4285591880966,155.24320676705435,151.2590868222662,144.76794653478186,140.51749110213905,134.01761200139518,131.02787508229912,124.75383884898213,119.455671551284,121.76187274501774,112.24531834805568,109.12958891062966,102.94384723134372,106.30950124735794,107.74766390940512,100.38507187779084,90.25096279711421,58.70389780685111
392.36036051832775,399.23646837982443,399.8026891954275,397.53584402189585,400.9702984094736,399.3752468501287,400.37329028429355,402.8578972106534,400.7619755176213,406.7601539338344,400.5566719653282,401.1293300628797,400.5849264877067,395.06348556108355,399.99727127577427,397.348865282205,401.2407603083497,398.8937889684292,402.0839309589405,402.0840281685549,401.9320398854465,399.53258907163814,398.78735518524337,398.14699373790705,402.0283972615803,405.60527270667643,400.75125268996294,400.6881769198178,401.63959969093116,403.8052831437696,399.10853340595344,403.23178251282644,401.79450568426597,398.5798259084875,402.2490607746527,404.4356444502941,404.41017287481856,401.67960852166624,402.80381393350444,404.4279698422531,403.8378639602799,403.0355456202692,402.8276178676481,399.52709108807994,404.72916109095786,398.8501739136497,403.1249992746951,404.8392183746335,402.6879637331254,406.6904626662436,406.19146690980875,411.2775914543151,410.1301260374949,412.74990605769403,411.6622671287592,410.64373723291186,413.94064094139003,416.6923285873374,411.9302692855011,412.0214759550679,412.0582915955017,409.8145850311234,390.2932573651017,357.7177057626359,309.00645266538044,261.51187064137787,232.81445833069287,214.58330630155004,198.57513837116957,184.76908931600215,172.35735519415633,163.07422670565015,156.49538857468858,150.1424861959088,142.84573322733814,138.57238745560164,134.7556119753784,131.66254951181187,128.18040231093588,123.2897762872462,120.85881507252066,123.97897699974232,124.77671079459013,113.24159753954267,112.85161523273236,103.20799210863534,102.72648491477945,94.68679158530722,76.54490742328473,41.91242242112386
384.68421236562904,389.54751713786777,391.1225594550183,388.9057632659965,391.1227793949918,389.87946756932615,391.4853004901867,394.6620346009823,391.7463399735438,397.9071248401876,392.2610482849938,392.2230126072006,391.60738180070945,386.43566914495614,390.80165210513815,388.67509150715796,392.6441594692069,390.00717344065606,393.400455065945,393.53202056268793,393.5158227120358,390.4880952826216,389.77446686674693,389.3170116310619,393.3891097647245,396.7758626231982,391.6433489293495,391.81304126760506,392.91671523782776,394.9276285986454,390.44417062328245,393.74254126222803,392.46089577882645,389.6487835471262,393.5771469420941,395.31046084116787,395.9061189423084,392.31453990996147,394.13090748102076,395.8549174938737,394.30175466623086,394.7399535365728,393.35652432692126,391.1298073431288,395.31556702466173,389.6240355103168,394.16168362973673,395.53813132923193,394.3603545724489,397.63174923184016,398.88083452576444,402.5347450879342,401.1218515546645,403.7415560117893,403.12867010875556,401.78787649300244,405.4335707742874,407.94300066347586,402.75555669629966,402.4366896193964,402.118765652383,398.9690165394275,377.8120647628494,341.8678216403955,291.9743026334326,252.47607958614785,224.25687861749202,208.89348540642007,190.82675444936922,179.7581164728381,169.72994024096224,161.71841820489422,154.64260312217576,146.48900464566447,142.4233801402959,135.61264742682314,129.00936680324034,123.74481001772152,122.3142668013128,120.73022969106914,117.55689551584686,119.95783991423383,120.8683227275808,119.07165381432024,113.10858796552661,107.885745919456,104.55548853365525,100.66038032966786,93.02744966911365,60.469983049645776
375.42728357940865,380.99372353729314,382.74910334287364,380.2465807895071,382.15723715243274,380.96329202690646,382.1044479876254,386.0243785068981,383.27844356039446,389.7127677770338,383.24809749855916,383.81488273718946,382.6155620796185,378.358455466688,382.429279767129,380.0716680614524,383.8920011307239,382.1096612104853,384.84648159753675,385.13368387108903,384.7707607622562,381.56968901485334,380.81479062821535,381.12037565838153,384.3616514833748,387.76489549117633,383.36957121645787,382.847812837992,384.2915032000263,386.29648442527815,381.6277143001957,385.00741433940624,383.5175185197129,380.8753053094172,384.9499316680935,386.6758789198723,387.0199141821693,383.81755141254877,385.42442164436176,387.19329675774526,385.19002531505134,386.104329902048,385.2302388577307,382.9939208026103,386.7221455702814,381.2825915884098,385.5447807974656,387.38467396980496,385.50275382913645,394.08514557671236,392.08788395164174,393.68362157289454,392.31599599315814,395.18893324317077,393.8660368932356,393.1006473837085,397.0705361104911,399.0846822039857,394.2223834580781,393.90931071259416,391.5689896535744,387.2508404640364,363.99348207579914,326.95058045732713,279.32738722275866,241.01300467500405,218.0617983746796,203.09117556809983,188.05989198382233,173.24267000492975,164.14189519700105,156.39517260488938,149.5523342681583,145.097694156132,140.1800067116031,132.8674102409503,126.33091004899246,122.20545543613555,121.41567584659019,119.27491006991471,118.65242242058697,115.48393662081612,114.57781240401386,115.00432496766159,110.05002803850964,107.86032421129532,101.08975284717569,104.41758027554891,90.50211578751437,64.42176346918052
367.2294733053912,372.65719586841766,374.3424320238212,371.7065196443388,374.2063526303068,372.08732196410597,374.3509576928099,377.3745783243077,374.95019651975923,380.59051781617427,374.72563037440233,376.3205739885114,374.56822223275907,369.75674121966017,374.0339789379832,371.1735062566484,375.958517662006,373.8104084001945,376.7711772232571,376.7263034377557,376.0319544446067,373.51981857080546,372.6934416118633,373.1510669161369,375.8710627204219,379.29101873376914,375.0915390375242,374.9274950051841,376.0003225244994,377.6373543655323,372.78876401446473,376.71287758540393,375.04364403490104,372.7934797080927,376.96519639514025,377.8956963366411,378.8444401590089,375.1898777315643,377.23229937122005,378.8375646636792,377.3046815497516,377.33921711405975,376.9133718809804,374.05914126812553,378.6438906667045,372.95401359390144,377.38393904666424,384.029492593389,382.05818223275423,385.7273811262721,384.15068491154926,385.1150211355485,384.0536178104491,386.1347592857596,385.7235919838174,385.7252207123782,389.0033038156308,390.4181472796334,385.5418741718363,383.8787872435794,382.4816035594631,375.97430307639814,349.6286336884739,311.7416150564338,265.59360222097297,233.4089824320573,209.19767551096095,195.7422638618215,181.9771528005689,170.31589305188857,159.92953967308196,153.1135022404086,147.50391317403844,143.4802124127863,138.17139490917654,132.00783648740185,123.46974173163386,118.49902750365244,114.75905782057902,109.40679035593108,108.94595011220294,108.82995299386664,110.03707223543819,103.62238644031987,104.43219389448124,105.86937860490103,98.69910696766203,93.53858153409304,83.18097043855623,55.98045925568437
359.5393242703229,364.65167800147736,365.6442470417699,364.6939014992566,365.8967020696991,363.906078637412,366.23553916636433,369.21981038626063,366.77515498531307,372.03009869793937,366.5902585989996,367.6346210909087,366.31470319994736,361.8256787402782,365.9489888661512,363.08317834446376,367.9031906339863,365.5208135510101,368.39941232872735,368.3466575866664,367.99448362747563,365.5991439198349,364.63980125513143,364.5388787493692,367.63056581837054,370.86579764544643,366.8021381289014,367.0725639584405,367.77551528454177,369.2379046675391,365.07915338620256,368.59929561057976,367.2166512979434,364.77248691895966,368.7719145382958,369.6850923621536,370.1098519922195,367.294976896571,369.4865040024172,370.41318255421794,369.41444398006166,368.8471733385961,368.51140858331746,366.1068871091584,375.3216780385986,369.69242952553776,373.91672454974577,376.0413815418774,373.5303159233908,377.5695626932615,375.66236059495986,376.6609330203339,375.9843313884942,378.00985104557026,377.9642665413184,376.38114714041086,380.10371496076976,382.01389919751745,376.41431990095157,374.9880484149052,373.27677486912944,363.57558682971035,334.5138185066117,294.60301068536756,252.89283828886835,224.04515966759777,204.19842309876276,189.71672693186815,177.10905380921056,166.35267875547325,157.4217609009839,149.0385476016286,143.016820225869,138.3142223350122,133.55154108469767,128.48196895458247,121.67989717098472,116.43600158367737,112.43637864018463,108.38203796682376,108.824808418906,111.41523743222204,106.90156073631373,101.20349851080611,101.33704055919482,100.650576130495,101.96790428924771,98.49519506356917,87.42355845210623,63.00605607070756
351.9557508792625,356.9625412724356,357.6139312048929,356.91826403218073,357.99259833957836,356.50315730842294,358.0404172866776,361.6255926707169,358.2255110045578,363.5732156687529,358.66893687739093,359.4151235482109,358.356384470314,354.1963337380351,357.8166325779255,355.155189956932,359.860735952565,357.50361473253446,360.3266250186771,360.48431577965334,360.26414441581096,357.2033937757858,356.9301145652357,355.9039241458609,359.65786170069015,362.5637380736761,359.60682013847946,358.90895922280856,359.85472285222636,361.2704105094412,357.0666301258302,360.55904443746493,359.498473213825,356.9653390581461,361.0754090887322,361.81244365821686,362.13176318414975,359.9525758254458,361.0157854391145,362.72246794819404,361.7845000995046,360.7959229489517,365.3102196330981,363.2632019699597,367.42679150577123,361.7305583454788,365.90792820465134,367.7422578658331,365.53955018516416,369.05570520866894,367.65295151435953,368.2118422828681,367.59405581471486,369.94852952043584,370.09282539154964,367.8967973361882,371.59664357928796,373.7326182045636,369.19929167133904,366.08397940477903,363.01758884942774,350.80902951686994,321.4258146325813,279.40146137128005,239.64522580063465,212.50322100067334,198.6522383365449,185.16587134259922,170.74195506480194,159.32787768657548,150.91865311963474,145.87404881102665,139.0366725571633,133.21878200098786,129.2883595434367,122.03150013745072,120.49703925977703,118.93606245450843,114.72102674607892,107.70544916202913,105.43722586996688,107.02577980566458,103.43776736899095,102.33221354360495,96.94936382793048,98.96586623615507,103.27552255429187,100.39581943972938,83.85231869408577,64.8540824630946
343.9795155123491,349.78583515925783,350.3211590851716,348.40958850175565,350.68518087890226,348.9423522054147,350.6913645015009,353.3437511636237,350.33733876037655,355.9705469634794,350.8578665483876,351.87476611713186,350.5231894623725,346.542959236805,349.57556697510336,347.4827359475891,352.14330505574816,349.5470833121956,352.4495430368067,352.7482629200099,352.4532723006666,349.7698404037563,348.72223429507085,348.2340649202045,351.75534085016426,354.85435840570995,351.39650226805173,351.3215638150373,352.3441401264729,353.21082566092974,350.06068978009785,352.59363042152535,351.3160611068893,349.8062569934486,352.8076812482279,353.99799681740814,354.1516898223645,351.86179643057176,353.70652738784844,354.86255326261016,358.2130538016949,357.93648794402725,357.54883665888747,355.5109209922575,359.3310197289459,353.85600217890413,357.7812089830411,359.6221459182043,357.383177589647,361.70191510972927,359.8386858661814,360.49066680590977,359.70283028349144,362.13562153309726,362.22357744548,360.0371492398718,364.152383447835,365.1683999412466,361.1057732526965,357.4633141126349,353.34964102045564,338.3398778850589,308.207630901778,267.0538671810544,229.75498010912102,206.28782981119397,192.04330366529607,178.9324921693906,163.9433131314219,154.0247094375546,147.36434706112377,140.78131934427185,135.34388549019343,128.1828680043873,124.65216417681334,121.56716908183807,118.86541699297129,117.66786823941527,113.63140457579406,111.86187131304739,103.44584282446293,100.35687727063424,103.12328437902075,101.9456627590427,102.57397783320907,101.46638331742525,103.90827063364127,102.25849600449811,93.72678155663046,65.32561918925063
336.25514446958084,342.1151218924549,343.008766105235,340.9650750764164,342.8793820387134,341.5483408838298,343.18001105907655,345.8187807199325,343.30807004233833,348.49753574467076,343.18037348292097,343.8044099206497,343.00470684513135,339.2386430326676,342.1242893814315,340.5279901654962,344.13000661641416,342.01136373407576,344.9286909065798,344.8573919292767,344.8585972606032,342.5491352214349,341.2593738544261,340.7974874289711,344.4063027176923,347.34967949095903,343.9552885088092,344.05731167191266,344.4014136512025,345.60386230705086,342.16705529783616,345.1020796986192,343.68178230415305,342.7260144337074,344.9330481627497,345.8456249943942,346.79342699313867,344.3576029507849,350.86949971464674,351.63038479744796,350.4081745789791,350.5318527705155,349.75893555570565,347.8997973073312,351.6878317949797,346.38375388203843,350.447040005882,351.96507611288826,349.99043872665044,354.31284575744877,352.1621545714952,353.2076045894362,352.5749982720794,354.24712695232023,354.53115527924155,352.4230967889392,356.3178890965466,357.42284279399115,352.4864356497928,348.66587900209885,343.31636447109025,327.39550212323974,294.67920708697227,255.27504205234195,220.7591169500522,199.81809721922843,186.68021040423233,172.93628346223826,159.84650048686237,150.04603656227928,144.23758122388423,138.71118737962547,133.68451030467523,126.74678104679406,123.85390369121598,120.66914812787975,116.53435950960392,113.72420347179524,109.44695812885361,107.60414453820614,105.31238501333121,102.38955752284373,102.33926453699496,100.07678875252041,98.85226769503016,94.22948871971603,93.17384457103283,93.69054513593164,89.9619769321737,60.00465548158281
328.7704945885286,334.6164802146729,335.540010807413,333.75574769144424,335.4802369848302,334.5420763578974,335.37775268557374,337.64672971566023,336.24723595802675,341.3239821782373,336.13166844800895,336.590543611663,335.7815710423685,331.71663497264126,335.0275082890403,333.5902209730182,336.96659259631525,335.13438417690895,336.9797897869351,337.8214747117198,337.7037947825656,335.5176230124245,334.37963866969835,333.81142935500264,336.8626150930741,339.90209265686354,336.5953692978365,336.69165444740963,337.34087937355685,338.3220919444055,334.82989457496194,337.6172779641525,336.9049263779758,335.5950146811198,337.53307852263674,338.54131011676935,344.1125006191498,342.1798131597388,343.0440511429206,344.33929231047506,342.9511977947762,343.1495496016493,342.119948299086,340.13317439649984,344.2671203478438,339.0602520283408,342.7357056686458,344.2380028764865,342.9385885632792,346.7239102044427,344.3435494655211,345.97297720823144,345.04211467054023,347.28588814294704,346.67632963037903,344.8569027559584,348.7329492231847,350.10012868742115,343.76153029045537,340.3541984207091,332.7045497005708,315.9356935049182,280.4928168994965,244.04734279412287,212.35444086881793,193.80723945612758,180.79817626588488,169.41292259950083,158.46070281611216,148.63695657296958,140.4650226039415,136.36680513353764,130.6516356807047,126.23777509498696,121.17724119186579,118.94552625225828,114.91080580775814,110.91357935509062,110.08926994989376,105.59966095667066,102.92964420897461,100.62424753671439,98.28777089690313,96.62098672139642,95.59804270128132,93.12301008635434,89.81656867281514,86.30144381867943,81.3544487480108,59.11537490167584
321.94327266804754,327.079942080198,328.6261503616658,326.64906397163014,328.53464243152445,327.8909149905986,328.18296385235715,330.42129143004394,328.63155706416023,334.32311063470996,328.9877362677526,329.163745183532,328.77710980783195,324.46837940463746,327.8303963084292,326.5054617629058,329.0778693510866,328.0889258392439,330.2589276479525,330.54869075536743,330.93403202490373,328.3240434321122,326.91286590208983,326.9143976829384,329.5235415889706,333.024976013974,329.4609391095859,329.72778212509314,330.4263051989736,331.4601857362831,327.4157687404408,330.6729366417929,330.08302916108005,328.0322909434642,335.24284413892843,335.69374988279327,336.6047014332313,334.77832542692954,335.3270646070087,337.32568964862395,335.93247669937404,335.4026772941196,335.01777895219817,332.8212455633149,337.12279397712854,332.4939371192833,335.60655536592554,337.0123800034987,335.74876363032837,339.5080644470417,337.36368666137037,338.4328652169117,337.98581744622015,339.9003113466714,339.1011538013932,337.8938662691332,341.9600807156787,341.6161340734082,335.79107873141885,331.76232506006266,323.10477057708255,304.4267463701642,268.54100856001645,233.0174930526782,203.1629069001692,188.94928846859935,175.68860814302403,164.84712931174715,154.08915029991434,146.5085091083636,140.21908790402304,134.33356227333869,128.9774204594086,123.2696605329735,118.81617575125205,114.14869626806075,111.96591253428329,108.69169438915128,103.67927302906322,102.99827007160262,101.2062434191355,99.48460118791833,100.01430495159029,95.84115740327495,90.85802804262634,91.21528557462311,94.78171974362657,92.09044333883979,87.09995800855366,60.54579411317505
315.46302964568366,320.4132903774529,321.5855885495055,319.88447945061733,321.61767349189154,321.08177289944314,321.05360932108704,323.6642112665933,321.76297274583817,327.15471768104425,321.67569733692056,322.343839044444,322.00260538001436,317.7160011040696,321.285273127303,319.1025376789064,322.3733510774224,320.7623473674402,323.52897461254037,323.8892238948568,323.66931955202034,321.3286660230221,320.0755131347699,319.77703002469394,322.5347091261739,325.8362580615459,322.37988361042267,322.68515514996983,323.01164518157907,324.98287220421065,320.33011240004925,324.1870363258672,327.7200606325694,324.74750109173493,327.9739798717127,328.90656668975475,329.6103232679974,327.08599091014054,328.642612760341,330.15432227368075,328.81486315860747,328.55556662492995,327.81705367013114,325.9880568224836,329.3252499396832,325.59244794201055,328.57541368907476,330.374404107041,328.97225531014396,332.4868867305965,330.1233653187072,331.75853534961124,331.03247848448746,332.3551947251976,332.4908645125497,331.1997882290579,334.3326030198445,333.79999730845884,328.4774608066819,322.8159007493969,312.71520480643136,291.628965985034,255.13031731487112,221.6655650318619,197.22635522112293,183.5137693044267,170.9267559530157,158.51832920834724,148.6731098297329,140.95819711547304,134.66714067546124,129.0216282206102,125.30674028077556,121.30984908355903,117.04140477444088,112.61085728115756,110.4344784283153,108.04887022104619,104.6754014221168,103.82413860391692,100.6073629705748,98.20907637484851,95.15380341340854,97.04527541184841,93.81098822606397,91.98386618376558,95.78764693425141,94.96113604984937,78.08665418720177,58.88101182068602
308.92453652827606,313.18078380211693,314.5934759862103,313.0032956813027,314.96201273238574,314.01342083266405,314.06537125867845,317.1915921166673,315.036805908414,320.372146207735,315.1865359915586,315.7461127273402,314.6032692703705,311.459245860786,314.8622188251272,312.28370657338775,315.7309010402735,313.97968511337194,316.5574323218711,316.9834665097564,317.31297663420986,314.57052563035836,312.9467615376041,313.1143761824985,315.597124072374,318.76059935479526,315.8221455134664,315.93854957002117,316.3185993646911,317.9874791911373,314.0092002572741,321.51751791469314,320.4865734921644,317.74877522229144,320.9466957409649,321.99038771048384,322.8111380615035,320.21133080744875,322.03932963690136,322.7365765181494,321.6078074132622,321.89906543358563,321.0987625105427,319.41735138320695,322.4519631371605,318.48802699347823,321.85920866654266,323.84712689101406,321.4766169796283,325.8015677985872,323.1355758580772,324.9598701986225,324.2236883418579,326.2959721970105,325.12053875994326,324.17020823771037,326.61248836916366,326.7535220040193,321.03918536992796,314.333500228976,302.20878180409204,279.0731681619783,243.60449459092095,211.818629783393,190.10924914529946,176.71536448943593,166.22791487676477,154.99880941879834,145.68235456990766,137.39773238343452,131.37393782903214,127.43355310607531,122.2300251888479,118.5293516853866,113.70825885345096,110.72250150853183,105.66826792152882,104.25453805246468,102.27250662118327,100.80283030091157,99.06605341952121,95.19796647396277,92.63106931110032,93.89127443858428,91.03425245947068,92.1832902719754,91.20684528135,84.05481355403018,71.53332008984233,44.849564025483744
302.5604803549183,306.57250069879075,308.0887026737399,306.4014404412903,308.4195155851076,306.5113245802331,308.0879596353246,310.7261199076182,308.94664602060533,313.1630478920033,308.9625847548902,308.8983147109945,308.2067775967458,304.6323607081909,308.49005009349474,305.6649201586527,309.10108480696175,307.7956162503694,309.73162147884756,310.1277050123253,310.85221813149644,307.83185730442113,306.9528999296648,306.8515639299134,309.3749805582046,312.27006540862413,309.2666629549007,308.77653926588073,309.6840421099453,315.5234573621571,311.3209502125638,314.1198543756361,313.50775925632166,311.8029006455031,314.2031979229665,315.2069786662132,316.0865520371247,313.6033412922928,314.92025857474533,315.9883190108391,315.2136470569315,315.15783533449746,314.5321936216219,312.26810234384874,316.14178747111885,312.35921319834375,315.4321010791773,316.41203084538887,315.02358872395934,318.9664465721221,316.2171123208947,318.7300383586475,317.48872902782307,318.9838715041115,318.94882382700376,316.984697876655,319.46432779639,319.99777216437883,313.2193411144597,305.77882136143694,293.1746587297472,265.8146200150062,232.95991941905098,204.831371310621,183.3744859846479,171.63096991962018,159.77301245585647,149.90022136632305,143.19172017569852,133.81434003414782,127.73803596774508,125.57201694339784,120.04587430920118,114.43153439454026,110.78262892439449,106.04670537530934,102.9788841271263,100.68483700726021,97.15630355204185,94.22290169268588,94.47130431646592,95.46291664160088,93.67518949401922,89.16814218325284,90.31038898322926,87.59747257582283,87.4243197847632,87.54789920336924,77.19735420973133,60.12056127425711
295.8951929959829,300.54191009736746,301.9250009355073,300.1525158334892,301.8668179526663,300.2576151345589,301.94011828550106,303.84940807151827,302.80583313047765,306.4589878173946,302.83713027339587,302.5232902816179,302.0505701711082,298.23031343078134,301.8468746158736,299.42682707152534,302.61750360032227,301.1569651117412,303.3924719959984,303.88183082648413,304.105988802644,301.1269057620323,300.8117800401178,300.6414465193282,302.9688642285283,305.4620324511571,302.64276247265894,302.46060777123034,307.3333025642492,308.4750942290852,305.3009841565229,307.3727459392398,307.5998535649815,305.2591678039078,307.51673898957296,308.8675924319128,309.4554905716055,307.1762867703406,308.364623995307,309.3500793030449,308.59073376309095,308.9212569680731,307.614405481058,306.1986852108303,309.5481654111409,306.0361911507171,308.90611478730375,310.231608525503,308.9255066979056,312.1391372157639,310.28530117005863,312.18888288888166,310.5546783210134,312.5555530657418,311.4850294223724,310.3958660408703,313.04371651676917,313.6881121381817,306.4587882471,297.00760810226296,282.78924229937974,254.0439163384311,222.6837497821583,196.72772498396262,179.14390526060524,166.22155413738707,155.31427231775913,145.521523806381,137.46741034332956,132.3649975035461,126.97403083035583,121.25465699482136,117.03796705981466,113.73477090093549,109.81737077984202,106.2237404810141,104.07390825870992,100.80283668025662,95.27079394587416,93.89915958600153,90.59634785847588,89.3203144315113,88.9887848290021,86.98800560488742,86.83632173245985,88.13669092966906,88.55356796060185,90.85862482412801,90.23385803916676,79.89453845628118
290.2256974061321,294.1524887613147,295.45219314010404,294.0402110087201,295.17494834578747,294.59515343019206,295.1723638820022,297.5713276081098,296.63305031526363,300.2893330598288,296.3533154866421,295.9713501170091,295.7092747468544,292.38015009172904,295.2314148198949,293.5078905429064,296.10180722216387,295.1879969378919,297.60267316852554,297.7556279091021,297.45846274746503,295.6008965945267,294.2623334224085,294.27597982525674,296.6291343368063,299.3653129614965,300.30405794554787,300.1108818026222,301.0333841710939,302.1948722522077,299.23519452353,301.29587069339595,301.05123037508145,299.27352815060084,301.32260337979227,302.61797114932887,303.03729537215924,301.0720806875257,301.9369926738413,303.204585232591,302.24791738171416,302.19597966896356,301.47758563439317,299.7601830195105,303.38937153743535,299.86834744741094,302.48237934935497,303.99397670115394,302.3985624267063,305.689963764373,304.1267571482576,305.4520757025121,304.3017420743342,305.8073777350531,305.59205892992765,304.65720565058564,306.18962306628316,307.0357667170813,298.79646805687463,287.8868574749932,272.3593201679465,243.8692993110917,213.35638212495425,189.7946217161781,174.1980697062435,163.3222146431702,152.055824411237,141.46575356767704,133.2748809556806,127.99790691778061,121.83120380712826,117.53281341605937,112.55334413073594,109.27502156443374,106.27618473353125,101.30209289410789,99.5716669482938,97.27941547252885,94.60000323907464,92.26204456815532,92.58085092263883,88.30787899853641,86.3117402859579,86.74512691813415,87.39140853666339,86.5577118992956,85.91766138150903,83.84987028264239,81.37486376962704,67.37715842770048
284.05445081283307,288.4436691932829,289.8179940782627,288.10883444638745,289.12777493405105,288.92929673027135,289.5207573663038,291.69839939784646,290.3281785870424,294.43919417213004,289.76655052910996,290.3076329219413,288.99337057663354,286.3190185655032,288.72874874467425,287.7103674524488,289.8406147357862,289.08599802738536,291.0645995270568,291.51695483134995,291.2632357955982,289.81946059165926,288.3620280800041,288.56187696816824,290.56684091287667,297.3825227510438,293.959848370417,294.0106359622395,295.1284145766703,296.1124708362902,293.0314792315946,295.2902625980833,294.5988341281139,293.00156084676865,295.1860545939602,296.2521811189613,296.63012274333056,294.80652260694814,295.646336150808,297.01284362460933,296.01273169469476,295.87764890667603,295.5680440835629,293.5898184644706,297.19531306810876,293.72564154073484,296.4769315134591,297.46163043934735,296.52413295125035,299.54919899789786,297.64062842188554,298.91694206947176,298.150323880906,299.7204185212859,299.0318134335353,298.37622505092594,300.1059346721881,299.4920146561514,290.4788696542356,279.51355494650244,261.838857866262,232.45917596646004,204.53043525974638,183.52480002022776,168.883890868054,157.827152372656,147.47539037270593,137.75428019696284,128.72618441655956,123.23768219923373,119.25897787272329,115.91301584979159,110.70708545279085,105.91074925637444,102.57032018307252,101.94640699214487,95.99611994034954,95.15504816377933,92.6435025577273,91.7851069875599,90.63001005833274,89.62359091963204,86.76556414522865,86.33974283668424,87.39847626228794,86.96041839670261,85.47722567315678,83.59012418124631,80.60729229283989,67.80967377047072
278.6610433691475,282.93827402715874,283.52523296166936,282.102866994004,283.8678541533723,282.6077959792322,283.80370523422965,285.70704452250897,283.72248739267496,288.1602828334328,283.82865648318676,284.7914969672807,283.0942570402386,280.3477180719671,282.86018940384344,281.8928841021345,284.1448215935809,283.3545192465202,285.47231548700194,285.4089735440319,285.73717050455724,283.6124801794014,282.4919271342822,282.31001377971194,288.39371376933167,291.2365635178293,288.17593591552435,288.7070816375958,289.03637421624546,290.1320590901178,287.5381307805937,289.3882006593694,288.62942176866056,286.82438224311164,289.4489806165049,289.8981991154572,290.6793305813146,289.04816921210727,289.44535166585985,290.7154294530216,289.9194523959307,290.48467598381063,289.733520585205,287.68668229659687,291.44979416945654,287.4684441601482,290.618076810138,291.67346012227944,290.69646675689415,292.9965649467176,291.97114057805646,292.92792720636567,292.4064064523822,293.37279357484823,293.379615124611,292.02689389573106,293.81527230443487,292.4469191448674,282.1603699433944,270.9771166247784,251.1437001166263,223.11655665693107,196.80906038935458,177.53691530418016,165.3043796507935,154.4474979944522,142.53837355244073,133.61248685567588,127.34725712676855,122.00359092176184,116.88168909422605,112.72208833989366,108.38173489416755,104.99881944286996,101.30032777793109,98.82526899972703,96.76014987385241,94.14538483340759,88.78207329018456,90.17503078233976,88.61118514902239,86.02388645768877,87.22776880470194,85.0541369024898,86.18358858708733,85.55846268569404,85.18439713333638,84.45754160323766,87.32417631339526,75.70913331653544
273.0321798978878,277.63264316051055,277.7047955932428,277.1495178659599,277.79854693835387,276.614225893409,277.6510751780924,279.8931250992412,278.0740506019196,281.83046813762564,278.0857482041188,279.3850219777632,277.49028572634126,274.65515225404573,277.0786031905261,276.20173571362346,278.65296597738393,277.57411381611934,279.7701371961832,279.78149154475597,280.1198831571932,277.32157940774124,277.0527506591039,280.34301970067423,282.6481079945185,285.2788260884002,282.2733221552085,282.84028761787914,283.29893244764685,284.18739944637286,281.63595896178396,283.53207111201397,282.7675135852565,280.92382279728116,283.6180293019825,284.29192219764053,284.91612697757904,282.976765242313,284.05748928396883,284.72483040035246,284.4919895255077,284.41924916351627,283.5708783984689,281.96177266344097,285.47227621890175,281.3522859010049,285.1459537318938,286.2204674836799,284.43378199346455,287.14487935684326,286.16465163309175,287.13149919130126,286.5907756519935,287.6223181132711,287.534879516707,286.01990170867845,287.6272282874946,285.21490333809265,274.1941704595448,262.10091253594277,241.09261493909455,213.00835605185432,190.1131053130755,171.87741941352832,159.2637350840607,149.73125243701406,139.58420057964653,131.25172294930937,124.44693726771241,117.59781064824831,113.96284604151172,109.38068713679762,105.73926633439741,102.80916203382078,98.69879651110234,95.07066121817496,92.33116001607398,90.28634039869554,88.15517406263217,88.35807890554987,87.38013212381155,87.32093497825839,86.82322945326824,84.29648420193278,82.48220648604492,81.05872224252877,80.16382488126136,82.91534931771206,80.07625643682185,65.67082100783473
267.87037986232195,272.01267430799675,273.0324247017587,270.827201873951,271.86880365206474,271.2291634983889,272.0619612046258,274.24987315026067,272.4868976200907,276.35910846472296,272.19463714363684,273.7632097264431,272.0565427737467,269.2588386295725,271.68017355751675,270.5983523760723,273.2762221536614,271.77701542214885,274.34641970520244,274.3713501416243,274.1144431435037,271.8322467426663,275.1213624802527,274.87991546010664,276.9484679030879,279.0822232754496,276.5737763220059,277.25642575785866,277.4322316914518,278.8184626413919,275.9753555700092,278.0059748823401,277.28094573412955,275.2454535887509,277.6763275272991,278.5515150701578,279.39177806875665,277.1143953516953,278.27313356456034,279.4771547904257,278.83820627646975,278.4566694210777,278.3480013552042,276.4631668438901,279.79673493358456,276.00516264172586,279.9096143416513,280.2298009117523,278.8623229216091,281.7122335863548,280.6402744893451,281.71786923137824,280.42248509956886,282.4690073712445,281.5023315255139,280.00480512370194,281.36684989301324,278.038100132855,266.32651821766746,252.70031892522388,231.1296671098537,204.6795996107726,182.71928378803887,167.48184260652013,155.92219733210564,144.36056822360982,135.63279975045046,127.19258804709476,120.53176779955656,116.01480387618439,111.07612788436525,106.39844239454817,102.71246067834483,97.86668284059469,94.922300176304,90.44204783684211,90.38718306614972,88.2126891868573,86.78277057578994,86.83275173929145,88.32848218009855,86.07218404715434,84.35163252368848,82.77322536402745,77.69039114100975,76.9200199082198,76.68297325249414,76.15357482784442,72.6461727683887,61.15309477140365
262.91735133966364,267.2117679121112,267.4289088637669,265.1082131169398,266.32679395181833,265.8151797071175,266.64339460856394,268.48948037082465,266.97656776200427,270.90766970079346,266.5182378918567,268.0734330240774,266.79888902740214,263.8073959532758,266.23467221616215,265.13102988899175,267.914974891172,266.56967463470596,269.1231630985054,268.8058056837929,268.13908979875407,270.0870760552176,269.95662519408967,269.3561485104557,271.3869914563964,273.46720343135115,271.1690222233787,271.5992191869947,271.73139180521395,273.3189169733559,270.7806797116014,272.54997952858326,271.46980978116204,269.65462314648386,272.2123648159904,273.12963714740346,273.74348697256795,271.95861718002976,272.8666750013321,273.9806046016,273.46732558485763,272.83879241678693,272.58785401152323,271.40759797818487,274.17828871829215,271.0335352703767,274.10966596244475,274.51467113778887,272.95040183285977,276.39372023381287,275.1951252335212,275.9473120457105,274.8354087270504,276.8503483372079,275.83872483969253,274.0530596457822,275.14637371507376,271.0527716909497,259.6503174654097,243.85515262546846,222.1716783951642,195.05566034855482,175.62248026158548,162.3754191391036,151.0503519576814,140.70320403706526,131.18645615768762,122.5234293600962,116.67589458203504,112.97203055894956,108.93939697230591,103.63380020570865,100.32048409854893,97.14275374404241,93.10804187565543,89.83592506945136,89.4228090310254,89.09660499716654,87.12647017201357,85.70536814401896,84.5385217379028,83.7955917393176,84.38667082804277,82.0003736662167,79.9515110952581,76.63465733028038,75.44893132371307,72.83824137913274,69.63832909677812,60.66564442646297
258.157732423785,261.80838645315185,261.6005238132404,259.6262318795017,261.2743943459729,260.2938354411014,261.2552418139738,263.46645361990096,261.71578799521643,265.4143637327837,261.4869871367169,262.11177159900814,262.04822011241305,258.7740952813903,261.11780998345733,259.63061078628783,262.70829651021756,261.5677774546882,263.74369588417125,263.3277260135084,266.5714127263418,265.0240144173571,264.7854355718785,264.007637787374,266.1282919650501,268.0662414913303,265.5864206091764,266.48009700919084,266.6949703444705,267.84749521973714,265.2273826237039,267.2979436546903,266.11084898297815,264.5144465257918,266.92137573985354,267.7656601523875,268.4774722551405,266.4772544601599,267.3009322675203,268.50960485721265,268.27736024777647,267.7510658335012,267.1116934202457,266.46185670186566,268.91225472835123,265.4393475651589,268.49634734876787,268.8226423571302,267.5856182661042,270.77715178380515,269.7705075022883,270.89201911488385,269.75881268274446,271.02671353383136,270.31912324718934,268.7071461840497,269.02158132405197,264.20003284247633,252.09718167355376,234.87963470776893,214.22556634718603,186.78986659279292,168.49117638761228,157.203675969544,146.64220483516462,137.79101535719565,129.2501469799648,122.44828240510037,115.45435403671621,111.09073189160783,107.12561695535805,103.49715208501492,100.04761188075359,96.70145785695689,93.91519932057692,90.50806593798579,86.89451251086204,84.06583004769324,83.10291282511783,82.31459866624905,81.08574081302002,80.63346772039769,79.87437840175288,78.68495575103519,77.55351410272088,76.74377056869845,74.01671459393522,73.88760415145529,75.18304432140319,70.29974319996953
253.10721845929655,256.658896919115,256.17456184353574,254.8715580795811,256.53892494641985,255.0344384767824,255.8178059641286,258.25953858826233,256.4658392646675,260.0252747815951,256.67320576903177,256.8877945519478,257.01623803014076,253.6489850035235,256.3927219588921,254.8873018625685,257.22736719063874,256.5958836328245,258.47031460740624,261.30941877279935,261.36818520462754,259.6934369491325,259.3398583787716,258.96039558470915,260.97635376721695,263.2011196691461,260.42857850271537,261.26717874854944,261.41783762822024,262.5911025325751,259.9483328145136,261.9223984932139,260.56309755622016,259.5464882919636,261.6325073890257,262.5680523383803,263.04882254829585,261.0411070270906,262.5037232901463,263.15417474191617,262.8395127469136,262.53078963701927,261.944665512858,261.169757053438,263.5249509123842,260.52737709073256,263.3235535332913,263.97893483014417,262.5785021956908,265.56582231028756,264.2859662756956,265.5331401352898,264.93835684340814,265.54287758316053,265.0520686946645,263.0287962413036,262.3331042265238,257.7296455572836,243.75155653833676,226.33632689045317,205.03464668491662,179.92786523980757,163.36913071513877,153.5267271543103,142.95774087121129,133.25210729491673,126.35777558650751,118.89134582823148,113.60818867442548,109.62809128867544,105.35155082755631,101.914121578177,97.55355486749043,94.78863619721602,91.00708569454939,87.7180515726542,87.42438135703635,83.99940216189563,82.18003817252934,80.4062067350909,77.4582131078445,77.11305750776978,75.33743380689997,76.17185618739929,74.30455819407737,74.98081824860225,75.3404408055015,74.45162869142634,74.70920393640866,66.25938202162651
247.9175741964875,252.05766328907518,251.1030674962642,250.03348413873218,251.59145982219616,249.94855385253666,250.79931216845452,252.93742832715077,251.5120785677677,255.30753566797,251.48513187000597,251.75068732001003,252.0271574038983,248.46825687288222,251.53216206217635,249.96559002393235,252.44144871386504,251.30870388259768,256.71305056297075,256.39828640338425,255.84693027886473,254.71707391616712,254.03334190817966,253.98929757336342,255.85072583232338,257.9746906260683,255.25143791751736,255.8579618251521,256.33861699918685,257.9815109288239,254.71650940392888,256.73239153720044,255.6306549996398,254.50945284884935,256.78255096567216,257.6250857211338,257.78453300593725,256.29831905998196,257.30043098751713,258.079211899969,257.74741126240764,257.4579703311287,256.7526834938867,256.34162522026355,258.2669954443306,255.46323458338819,258.41432148609243,258.81824814190134,257.49775071944003,260.11983001715254,259.1539690907852,260.70842021177424,259.6809781078045,260.22307505790496,259.9597234257486,257.34751489483887,256.3296537018014,250.86961757678878,236.00401614606696,218.45330186228747,196.76270061056246,173.3505323061265,157.42098987956663,148.08169186106355,139.3348139559134,129.15670731627029,122.71708572975837,116.38202880787067,111.98626659557478,106.69429981568005,102.87187341816593,98.56730422039944,95.81564859103851,93.72375498384177,89.30789107792049,85.88839220742778,83.39634110719464,83.55096925479295,80.57571910762819,79.27095646301261,77.87500921605032,75.85206873302545,76.05904421124639,74.46977246385539,72.69791006371126,73.77701020745016,73.26180100519075,71.79142724399163,69.52490356284571,62.19258420631244
242.47075087197206,247.22982057558633,246.3947217339897,245.11975450592377,246.34996900756065,245.36101252359285,245.81399125243274,248.05680018968803,246.38794371434628,250.58149384206982,246.59707846623883,247.10477111212413,247.04292928763826,243.7069153098082,246.69033926152383,245.393216768747,247.38509856668307,249.7130661334238,251.89312668735684,251.30982528998535,250.9611933651995,249.67463406019752,249.0418242464455,249.12544231087668,250.90911856889082,253.18354467786867,250.44889013502595,250.90723741268053,251.64937121139778,252.77825576522568,249.49323704778132,251.88616298293513,250.58083832616114,249.64528073865483,251.93402865160536,252.41504788366038,252.96120324657275,251.24495470709272,252.54971748724927,252.61977367022462,252.92526793468562,252.6562226947848,251.90079051747543,251.07464931577886,253.37077995318012,250.886073588524,253.2743194578168,253.62430280102276,252.43216639348518,255.52667923830788,254.16254535693005,255.8057287788961,254.45362465096332,255.0679051498278,254.61922062983913,251.43524913518254,250.08433560744402,244.2573775280873,228.18219132158947,210.38680906069615,188.7062375446683,167.8314348173317,153.66896631760417,144.73700503086658,135.00321687295332,126.16653596271914,119.24618189771037,113.57601510050911,108.24110079233391,103.87727966115524,100.77405928670153,96.36744459975593,94.26418284280321,91.73237929264151,88.15095811281746,85.09342131505608,83.87572022101774,82.38186166247233,81.16792132670734,81.54475776458106,78.87793248729842,77.71289080931167,77.58482333942352,76.61801294406321,75.18836263785573,72.71093595851856,71.84231770656064,71.45984268126553,68.63002794464505,62.35191973933581
237.69414993658768,242.29690753396457,241.65602695349233,240.67126362286618,241.6264218015907,240.76346363555407,241.2168121364433,243.17687311449254,241.72594421173457,245.57835079113295,241.92904473095845,242.32191284205075,242.0658379174997,239.4486653581566,241.98577944359735,240.5496062090871,245.79943352468425,245.11579537686828,246.78231220191705,246.56281669767387,246.1010617240286,245.03499921555203,244.00638003054567,244.38961186797576,246.03444130566447,248.6132009288591,245.81990628758527,245.6654529060024,246.94380042871808,247.3756005745702,244.86177531352402,247.1295682957632,245.82944696961843,244.64440867796108,246.81913062926478,247.43417552429216,248.2829780351245,246.30100099827152,247.59221669955875,248.25119835536995,248.08329390752135,247.74212930620422,247.1750762374974,246.10059798663704,248.58232224827145,245.9406567663435,248.3736800113206,248.61031022312,247.5886217527593,250.696672464514,249.57860412474326,250.87062111288284,249.35176114587924,250.18724769173647,249.65810701812498,246.21741118953364,244.13915433211426,238.13196863461621,221.00106887173015,202.4204455114483,180.53170792784965,160.68636362829366,148.3143652445303,140.68814126301547,132.19437882953733,124.27984426278032,117.00276755658733,111.73094738695993,106.20382058637843,102.72443887259226,98.55886598095634,95.68948430360048,92.91796253356625,88.8113768259032,86.94130556383068,84.7642725877668,81.97500153292346,81.4133646296274,80.7035710365936,79.64107306789917,79.04804632113253,76.42457745599977,75.79963076862904,76.02079617278318,75.86247951891097,74.59746129071276,71.61967638767908,68.97472328480711,67.67761423237101,61.54030083538431
233.3679391433917,237.40181046899238,236.8274776834612,236.29427748465574,237.033849202381,236.15213480853288,236.85780615719833,238.35445843410977,237.05738517443442,240.59471329693906,237.35484919701756,237.74670787766078,237.4628178606466,235.02478024374784,237.39888181699516,235.7309102490506,240.92998951309198,240.39270074340502,241.88292867051618,242.10272362416723,241.32187742254573,240.4052286658482,239.3295224608387,239.71265123784804,241.65954017420756,243.65162970812625,241.05613580527242,240.80412727945145,242.04427650254016,242.81899152022564,240.14235449264496,242.59493086891973,241.1374475678756,240.0943172046491,241.9385821642684,242.94733948507806,243.38485816664527,241.79522576978354,242.73174007314478,243.6621576103739,243.05677511233208,243.0846799712156,242.35041935349616,241.3610202996682,243.87500333805303,240.98833446342994,243.38630180047537,244.05662293627938,243.30219852623213,245.84670304847327,245.16548045392162,245.77558181644562,244.3115327719032,245.47827585710377,244.63655035240296,240.29935395469715,238.37404029193567,231.44119545658418,213.412262316258,195.33188971060736,173.99938633876272,155.2352859049853,144.5169769511958,136.12621687399627,128.89179426378757,121.02530136499598,113.66186462336441,109.23563293807392,104.63213089975699,101.1635920967331,97.72261949056023,94.25710392622534,91.85905912985562,88.92979970341158,84.9644209445298,83.37329288092295,80.56077593813683,78.5254828216638,78.58226251543654,75.83851619718676,75.47536062418419,74.83754754706929,73.55510165256368,73.5680052106381,71.83873481660038,71.16624172941742,70.61337679339373,69.47524793611164,67.22087936616758,63.39967739834569
228.98397594324146,232.36604978199205,232.70552093944548,231.37182804760957,232.61224351268845,231.88995875971355,232.22241176959997,233.8007940159993,232.34172392367358,236.12931027027344,232.9117851224025,233.19953891429023,232.87570383570105,230.83611282332842,232.74560017120464,234.44613416351265,236.5370576658157,235.7889695699704,237.32954435929457,237.40073754414595,236.66129436732754,235.81897162232121,235.0737881576041,235.2263323794431,237.10151762252224,239.11196311583123,236.41110914204987,236.30625553879113,237.37050709103707,238.22925643058173,236.04193652378254,237.77135384373332,236.55630603294932,235.53451270937717,237.29335971568364,238.37514338684454,238.6903936602894,236.96876604854904,238.42936936843162,238.91221822738166,238.67711890723797,238.47955211390354,237.8020867465068,236.8158877372472,239.60616552568612,236.5428797190245,238.66651153320387,239.5893827164092,238.60605045141799,241.31535929576214,240.35876811009328,241.3743864104151,239.37720785489117,240.91200249598646,239.68131686000433,234.7580709307988,232.24013318911582,224.34361533282546,205.94730946020965,188.4322700574156,168.01574523223206,150.0228412625152,140.26791479071605,132.786609181455,124.69125585391366,117.95838398981563,110.62291769444828,105.7567508826221,101.9743370641253,99.21035075527192,95.47851616290696,90.74977715955423,88.7549207286591,87.15559701334693,85.12981764190091,83.19435418174159,79.91597404187193,78.86086580310042,76.88254890873532,74.86865388964317,74.31399769967395,72.98761565379954,72.74578030372662,72.05251553672083,70.2536350409473,69.25701047349114,67.81332504438681,66.43573148347942,66.2055679538693,63.5157682253403
224.35091361833818,227.6439683279599,228.76786358297844,226.9552410612953,228.48415218960042,227.00749894554474,228.089802971276,229.21347628637366,228.18182229463878,231.51845356882313,228.51609454926736,229.01209735140955,228.2418296351381,226.62681809124047,231.38406005042904,230.01805221619853,232.28951161696432,231.33443521315758,232.80277819119598,232.9740985071188,232.17166299057558,231.24691068017884,230.78554913290895,230.99613702832895,232.56169169110328,234.42922465738027,232.03667053659,231.9305292522564,232.8248630728235,233.86609815638772,231.60176912048257,233.1871653181248,232.42263883228577,231.05753736143217,232.7855440344407,233.85948338178517,234.27713844004253,232.61955849138565,233.9481013143973,234.618220788711,234.54646856573962,233.9876842786808,233.4186499858304,232.5426980977575,235.10230375462518,232.3181740722027,234.09163675653812,235.19863207272218,234.20816597972495,237.20053061369012,235.75477277399952,236.63004002932576,235.09932636089732,236.13795528486742,234.58239928749632,229.79393456798516,226.11015346375424,216.41732273544076,198.62008378532798,180.61227510745456,161.45820008141104,147.31345499429509,136.29605542878235,129.19136803234684,121.38387162891765,115.84444676453158,108.7076435928264,103.7742508152321,99.97076987204754,96.33505208170612,93.85080444982138,90.5165982362508,87.00928473280952,85.2703992636154,82.62230283041437,80.4909796530524,78.60787016349869,77.00156524857887,76.0481384361975,75.00000356237527,73.48335365703481,71.48017480049364,71.3553850108159,71.14271074957387,70.13289498409863,68.3504704643899,66.83662888008125,65.81290311984058,66.442973250864,62.69811446088399
220.57529139412108,223.25600296906248,224.6294331744929,223.13829447257288,223.98635808604047,222.9054216091358,223.8903131905771,225.04840096537365,223.99504908328944,226.91288450098327,224.46059218934195,224.83404941711296,224.14336277261683,222.1523314092004,226.916481990654,225.64030971850107,227.93932713070947,227.0298146548403,228.22642575704057,228.8319164673952,227.68376260083735,226.8484363462991,226.47856247876334,226.65807836773618,228.2255090461665,229.95032767707826,227.6765924121729,227.91639956117828,228.24777495037503,229.46449098994609,227.26458283540956,228.66188981810856,228.30909123830565,226.68456983212798,228.55387680191598,229.45347245583355,229.98923294232216,228.13351591118627,229.47825741482544,230.33852319557914,229.75214465534268,229.59326643433647,229.11405956875004,228.12101635355256,230.93994685227764,227.93982126826825,229.64976237868098,231.01951926045146,230.02816698690322,232.6300671476736,231.27893383152374,232.161017249672,230.9294274027711,231.62183681293376,230.0603551912152,224.81499056002937,219.8243121794337,209.39841407493338,192.03935369648744,173.0736327200449,156.2092924594447,142.56702417555792,134.03481055973262,126.01082298455515,118.56778174182409,113.13753903235708,105.79731248553878,102.13986948801896,98.1596575026449,94.78378568666483,91.79884591124362,89.42987701684716,86.72830147880153,83.6040620263286,81.61579644076664,79.23578546892196,76.97200630166795,75.28941261270357,73.38686007865566,72.28534778938487,71.38862053981701,69.2809575504868,69.72224148179528,69.04666605682094,67.9751867226204,65.46093591473961,64.73040237308253,63.531666881413315,62.381103097817636,60.44362200050704
216.56101508896487,219.0030964839526,220.41408092434799,218.67137894971913,220.0028998302935,219.1043043810014,219.70326569378744,220.7165321886506,219.83820310893907,222.55416871471724,219.9824867065727,220.5517242892706,220.03032529692908,221.19153605916821,222.75940674209744,221.448634534692,223.95150467132746,222.61955126652194,224.0532895749151,224.51944775784202,223.57145262508195,222.81111569313234,222.27658191557964,222.4564627379938,223.90304305870526,225.64139736745014,223.78482549710918,223.49774378963744,224.15047612049298,225.12440041015864,223.08969854515814,224.28958160211346,224.11197217926232,222.56522434464185,224.34216333956056,225.3100329089547,225.25123556059506,224.2275594936074,225.28123338788137,226.05875531961138,225.40690084306343,225.52045280985317,224.77501252773538,224.1381343963834,226.52403091327062,223.68211198594145,225.6421436936854,226.65499415974477,225.86585434461585,228.2592457313563,226.78522692414242,227.98289851303608,226.21444071989887,227.09345273308847,224.70549241569037,219.31850002800593,213.73061830769225,202.1603594273851,184.52356008854636,166.85751661673316,151.91367890136695,139.18461604130604,129.80413729217784,122.89572779217998,115.01613094821754,109.14928054212619,104.15264849541842,99.86277354023095,95.62547794351462,93.55661195083461,91.33351157497155,88.49592640223108,86.44337813847329,82.61249825732412,80.18902234714879,77.17039487204397,75.26073918672975,74.32693752609278,72.04507464988099,69.40575345787396,69.4842483342309,68.15634033384875,67.49385271167968,66.852709745388,66.38412539999102,65.05573075769853,63.41797609959823,63.05015287826554,62.46167530411598,58.93836859483037
212.35077356660722,214.8525998510414,216.10546610695414,214.6461001216713,215.66985296214168,215.13396121145885,215.5245670881387,216.57089162941247,215.711545683297,218.32330714572382,216.14953733736118,216.48861021952675,219.14531947961757,216.96851541597582,218.6441799565147,217.4519976989683,219.34653167583295,218.65991438566766,219.84774641509793,220.45804059072188,219.5366113243856,218.70791712122016,218.35143599321952,218.27288176191576,219.80695303408757,221.53021294017637,219.45267091953335,219.4059959179027,220.15108472778834,220.89686899566433,219.2678720063462,220.18214474020695,219.9699176431728,218.51199096496302,220.3681005183689,221.0387193905918,221.2366139058596,220.0295495224718,221.1121316762847,221.63788686400514,221.37862073098188,221.24449509023552,220.6381446845912,220.02207236258377,222.18609938921358,219.52385976107857,221.67468900117652,222.36437673806452,221.7155064026498,224.104869363927,222.9118989345917,223.94850914198886,222.1204369440064,222.47365909131,220.0706921485469,214.09022515149067,207.56640926643828,194.93456719999025,178.01384933651536,160.42826646445045,144.86997682482772,134.42887020056455,127.13433127164548,121.52784658766303,113.15303498809901,107.30553724305435,102.48006180472521,98.44171372820216,94.06597174561058,90.75131775995976,87.92234916522268,86.68600053048034,83.53096796419503,80.97417574302864,79.7991279420879,77.0416482587588,74.81074998575842,72.8371529171949,71.71700188799959,70.39279967155191,68.01346310350797,66.27219727576453,65.6193366855991,65.59826585641018,64.03164133935358,64.0832731226396,62.52820661660323,62.188179235695124,60.28728539435582,56.69762798818092
208.5004230785138,210.7425577442003,211.99061604057383,210.72995407528245,211.76716147371278,211.08343262442807,211.35851067389447,212.70076102937756,211.6466424848799,214.33954564485109,212.07113446665574,212.600183590121,214.85425661765404,212.77593156942316,214.56584525089684,213.55615847527432,215.35264217656547,214.6764127881206,216.10809511206597,216.45285352331166,215.7341445726656,214.6307369735405,214.0354029586183,214.43156959466407,215.7789864890441,217.39993618461907,215.40492773402627,215.468063577831,216.09211895048466,216.80545508600574,215.14462184890985,216.09094743715661,215.97997152873265,214.3762665103841,216.43207213704036,216.96759664363262,217.3957465000584,216.0867847775628,217.34453905451866,217.42474233542268,217.60689597423394,217.05392298281456,216.80718804130117,216.1582947581829,218.34294170132026,215.73906402103827,217.9228007071358,218.33546754378986,217.81773987172525,220.33298011919416,218.8095289940677,219.51494602867027,217.82228600951274,218.1414282848086,215.60150657185588,208.8393679943853,201.39225288584078,187.99092463482702,171.28114635846478,154.17133661436537,140.41925097160257,130.78887932049574,123.42878546297919,117.50262501285226,110.4696143803592,104.37684903476215,99.5661579367258,96.25191748638781,93.40111172529464,89.03425385150945,86.23890791850943,85.41122373931957,82.94904708991584,80.70582387778018,78.94705841302,76.68824244815025,74.11775796044627,70.57725786057277,69.47925251014782,69.0207057973508,67.84627171969493,67.16956396966312,66.04128358395636,64.50992769023517,64.30297255207452,63.091052439656515,63.27823100723987,60.65338521089302,59.57053610951245,56.56668470784256
204.31315201032626,207.14379843819685,207.9836667633075,206.9852410796826,207.73802493224386,207.3360887660988,207.41300616438636,208.86753788624893,207.65128999438025,210.53028703198746,208.1816400527795,211.6211143260762,210.75436083745092,208.872108611637,210.86516725011435,209.63226187283647,211.39721310831305,210.67448436638452,211.9588295745199,212.40814872819547,211.78250170832564,210.6243071978411,210.12380259394456,210.77114173095495,212.09211891793734,213.15785128014727,211.5300618410284,211.83174522155647,212.0216831790003,212.61854386141354,211.08054055724958,212.27179294329198,211.95739489999946,210.7082183393021,212.4815771626833,213.10860714212137,213.6380774427945,212.35251504273768,213.4756680346147,213.65662890316545,213.3911001134819,213.21786022089782,212.86390949801645,212.34496929649353,214.27165513589276,211.68706537230025,214.06578623875092,214.2945359948645,213.84862671044917,216.33083843815157,214.73320997031183,215.3411063808219,213.93724787681808,214.00059077412678,210.46059284763854,203.6242534938673,195.20400130465464,181.29385721692483,164.04235572828426,149.025723096213,135.65789568555897,126.69685931770614,119.83330524971143,113.90191927963907,107.50641461322404,102.27364469761456,97.61647136013778,94.31615114283339,91.2703296693315,87.75400100649767,85.38677372058436,82.64166063737021,80.6901639293203,78.08983910960774,75.77358911820102,74.68513212303695,72.73187460432023,71.62563704826711,70.65313404489302,68.81696428215463,68.66113589216339,67.05044005562155,66.37507391734992,63.82794733647285,64.71821391200358,63.72574562251066,62.66040929952237,60.98341841816241,61.074518083805856,58.28753411144205
200.54880772027147,203.22292365741157,204.47304051332517,203.21280722835175,203.92543915260478,203.67759205965692,203.67608195912376,204.9438138574434,203.7075301627758,206.922609392926,204.239675272888,207.72560369641124,207.0009085993722,204.8704289038549,206.93828901009326,206.05724343737168,207.51752598887902,206.8783098352395,208.28074201345862,208.2593929895299,207.94449714094114,207.08155018014398,206.6714707780762,206.89868636994234,208.22799751880314,209.29334983771176,207.58257994686016,208.1796571838465,208.22318839016046,209.0383706703499,207.3967608171024,208.65589560838978,208.1223849628088,206.94653068444552,208.49974398983602,209.3406814821241,209.52614787308775,208.660297186725,209.3050354494288,209.9030983257502,209.62508092260077,209.28704997909867,208.957450017965,208.37229891054372,210.4520908963386,207.9556121810159,210.48150628701418,210.50497570915797,209.83945066091462,212.35346014439583,210.88971407052327,211.25756393322004,209.955737729574,209.79416577413363,205.2870644022386,198.26108264711172,188.8504491934198,174.64884037718312,157.64471981750222,144.01539359780065,132.855148429503,124.003790443127,117.28013702987359,111.47578350238433,106.24936597664542,100.24540918126326,95.40260541712694,92.84929571521195,90.07661890713501,88.30115848430505,84.28059818976563,81.49890088132143,79.22273954924025,77.13843478842928,75.28568125227135,73.3661950828433,72.11265295902932,71.30672150119004,68.46167072159695,68.17254877144077,66.57481497049787,66.04150872757856,63.386293554797476,64.10452907195234,63.49963809043762,63.0799554583051,62.237102163484586,62.15299621641457,61.52416186080688,58.92975394454434
196.81988006044102,199.7286693979057,200.87742841562147,199.8999240987937,200.39467197890147,199.82649228418254,200.12619833716803,201.40310357311162,200.19945178527328,203.04856593716673,203.42172150444992,203.77164766383257,203.16528783965657,201.1344449888979,203.2607414318246,202.65633974256681,203.7290986016798,203.37310691510936,204.49018810058797,204.58349474691056,204.2324291961712,203.33519379229392,203.17648760305204,202.8550615467353,204.2738385136689,205.81278073292629,203.76067374168736,204.32338310466233,204.400402556739,205.36422819946335,203.77346512797303,204.45969540733697,204.3424074448196,203.18880139552894,204.82687580442135,205.46795386482515,205.82529560589697,204.9995101485822,205.39567827906708,206.10087259498724,205.61463973649995,205.52358058995253,205.10301752286713,204.7449994583643,206.90199297864044,204.36934359879626,206.60803648561588,206.90598200610057,206.22324663523696,208.3905916028174,207.26649674542992,207.55880165697624,205.66226205389248,205.35559421692497,200.78674462232115,192.71409679903448,182.77019448966533,168.89930713074324,152.5356984722866,138.31357662500926,129.1502849029304,120.81642671499817,114.23992925646972,108.02645184992173,103.37842216076648,99.0932917740884,94.5992535871254,90.60570424937514,87.36921523382415,84.77724464133289,83.31216380843794,80.46377878214527,77.71139865644105,76.02393559536782,74.91416522026246,73.1531970835489,70.95186031730837,69.75605209045212,68.688699275349,68.64110981687746,67.0044023033856,66.5941817009908,63.88902086810295,62.96142654341765,61.60488546055412,60.176942650636484,60.64684142835995,60.65961482722097,59.9368545590394,57.34298617215661
193.51908050287992,196.61017282409534,196.79406307364843,196.3613597177185,196.82247842761947,196.05536440788578,196.46219386227196,197.98310853181223,196.56033611068412,199.42785428486152,199.7886784683557,200.13090288473418,199.65382759873293,197.59117697397588,199.63688674357846,198.7500331978413,200.2269980902859,199.27960375088819,201.2170080308207,200.99361704858163,200.53690811352763,199.635546178425,199.28876758818421,199.20176488415666,200.45891925007552,202.19355217147185,200.32818552455157,200.34542139892616,200.74513438581047,201.6657765581032,200.0450441109572,200.92209954689542,200.80130188978922,199.49726100315885,201.17439836087019,201.71243530456192,202.2582166540318,201.41670871647986,201.66272540860004,202.29833251922548,201.82801884951417,201.94117926178197,201.5491420658616,201.120072242309,202.96550805117764,201.03400628342823,202.64695661575914,203.32194733225057,202.6905310452869,204.3279856376837,203.38783761077903,203.50275031244465,201.8257998181629,200.94219601297323,196.0650900359054,187.8456273987151,176.53207805434553,162.88068527718676,147.37096122835484,133.76677159541785,125.42209387525149,117.57015347178223,111.38823796779828,105.38375918505471,101.30790857347687,96.54278838451819,92.49701988309046,89.27327248335621,86.10366289147514,83.58419399689667,81.62910280693251,79.58073129809507,77.09222362258862,76.07846469739273,74.17354088946325,72.30652882523226,70.46923786125045,68.70700052818773,67.75758888412925,66.90242198982865,65.44505888651214,64.63044105853002,63.37371026193322,62.669417886637085,62.8053868357793,61.852527180137,60.791031260152856,59.474209882752454,59.27993892494438,56.96161052699612
190.3057178016778,192.65156676547278,193.1676337672493,192.6801040882772,193.40980623388205,192.7031991060411,192.51559921458514,194.44267066875332,193.0704507008022,198.93670672645172,196.0000509527266,196.45892683948355,196.01096437508963,194.0883394247774,196.15762554916014,195.19453660211366,196.45160198474238,195.76014757353042,197.64208255582844,197.60952180208992,197.0094777858433,196.1592451778155,195.7862173580148,195.87811978439163,196.9146033621034,198.4257099692051,196.71654168214695,196.6718552406717,197.32070051250165,197.96415742038587,196.30794950611835,197.44946014238178,197.08443691136202,195.92715261525873,197.95953001166347,198.19424818790574,198.42468669524862,197.78256571460892,197.90894438431067,198.7143539148276,198.16550263861907,198.60270349589007,198.28980877541676,197.34505842745773,199.42278656041125,197.46379283259344,199.00405023548876,199.5224509541407,199.0521041233201,200.72158696654415,199.4334965633864,199.63935342539753,197.8936375009405,196.21033888764194,191.39946875536057,182.63556420657582,170.71767959724352,156.25195664390915,142.2990734764663,130.68008313137116,122.23809121207911,114.93991264947181,109.53626975850388,103.71954130170603,98.68324773292134,94.83719325624897,90.25087919885162,87.85457390154245,85.28198186925617,82.74351990297721,81.20791195497158,79.19801237500401,76.60940372462777,75.14480264126557,73.2486944287778,71.26261908683865,68.66905012882522,67.51051374185177,66.78257132281702,66.09421887629183,64.51188153687276,63.092665583414636,62.080781223209385,61.11434279528704,60.706541969998,60.27569621626523,58.856828621516165,58.58701560629702,57.68791650114633,55.051458468800725
186.14583198747656,189.25971918439896,189.5294067920572,189.2448569307235,189.6934240309405,189.5136396497638,189.02293865401262,191.07878920583735,189.67549245966566,195.5091106534775,192.50175417795398,193.00936590718126,192.4599965984855,191.00890356030706,192.58482822479326,191.50694999909857,193.17171966066124,192.3530345060583,193.8669042951581,193.6653109032651,193.48801595552334,192.89851838615982,192.4254881607798,192.44838060869014,193.34834058530896,194.79766059890267,193.25703432427198,193.4374223831452,193.8114292970831,194.69517287858528,192.9757299069402,194.08741712052117,193.70119769081202,192.39905219251852,194.55944761299978,194.8620810309909,194.7162420378215,194.18027124269815,194.2055634775345,195.25561391766226,194.74795236979676,195.42370246127336,194.78456309374235,193.43014721280994,196.21536531695858,194.01495242534386,195.54253795346222,195.8311330694579,195.7622502715066,197.020105976817,195.91033067306282,195.88984734070027,193.79387771006625,191.8937845707475,186.8158593464616,177.15355968091262,165.46768876001332,150.49488477212984,137.3611598694309,126.9452196550232,119.19522791830077,112.04649036420496,106.5150636510313,100.36409279106358,95.33658294748885,93.35064364831618,89.68532399696396,86.25103857695491,84.0013368736473,82.33937270192354,79.77719445873896,77.19566897104046,75.41633347024303,73.57684080598212,71.74731297957166,69.90295758686928,67.88088490898781,66.52026151533501,64.93047025957978,64.56842930097697,63.203099157917514,62.516453712159084,61.1360804058813,60.953700014479836,60.43875119770556,59.690680062486685,58.98749778929554,57.62004288621702,56.81182886477486,54.77511101957338
182.6512840788937,185.77841182663565,186.2318757830915,185.96665808451405,186.58143187370607,185.9619843720765,185.61519838624488,187.69867015726513,186.29872606765136,192.23630246058144,189.21530215510037,189.66396505745445,189.0655383916994,187.47570080207103,188.9287541943888,188.296987600103,190.04156357010513,189.3354473345919,190.6688193158957,190.2968401048714,190.00791913457462,189.61462665111057,188.6369469806299,188.93025379852511,190.10955516099853,191.37490392110473,189.6430531050014,189.9514319287965,190.45351846361413,191.102356182863,189.67084373873035,190.58193935284896,190.0161293926235,189.097711770899,191.17999430199288,191.26882779719236,191.31725760617636,190.46783540977333,190.97516113618897,191.94425674291043,191.65181693175478,191.83140115001547,191.09270530290743,190.22240606721695,192.79859481039003,190.27247590904835,192.1723188558221,192.5936388134294,192.33155841788127,193.49907116110924,192.21573180111943,192.26859192242208,189.71138988619452,187.34836492152783,181.79798495506796,172.18196993070265,159.66989976087547,145.12827095326412,133.48025047175352,123.5724415911302,116.72898912001591,109.00643000186136,104.17091197982283,99.0011046415171,95.03165119553489,90.92353712844636,87.97641546529015,85.14895985109001,82.06674159721207,79.87497671684304,77.82175124842983,75.90451329041484,73.25377213327202,71.36859320166647,70.17449243930513,68.44305657172312,67.42275320646978,66.10987396431005,64.22984884653422,63.12103927581028,62.93504889669601,62.286584807063235,61.331701744772545,60.165550461082965,59.65470182353715,59.20869909425164,59.08833930737114,57.49796232126166,56.69074987950856,55.54288507005629
179.3865991301592,182.35856989278452,182.75089203258798,182.66057507646647,183.38938637036537,182.43250283181735,182.04534886733794,184.14989463831566,186.21803250659272,188.68145722048735,185.85428895736197,186.36230791721655,185.95163742160082,184.01024786761252,185.79684945506037,185.26891889595456,186.5285243229313,185.7837380368454,187.090158094054,186.50966660266192,186.79713721855828,186.18986647317172,185.13183202934704,185.32257358955485,186.70109644611932,187.96283606995553,186.3773171292631,186.65421155038834,187.12926992243538,187.6271518356665,186.43080965555598,187.27565933720862,186.55431531533122,185.69800959170252,187.6512547053658,187.82347353823528,188.12933392089937,187.15945319320807,187.86628362504584,188.6095098787949,188.39391902664036,188.0656799561998,187.90509592841622,187.12694544504225,189.4288035124059,187.33765559551182,188.855008094051,189.3428027130412,188.88550629441727,190.01604719384673,188.95669542343705,188.5025366159723,185.98978257389334,182.99295833964993,177.04318579929063,166.2896497175669,154.7743964526064,140.15643812052267,128.81162939628277,119.6265404183376,113.04036055910173,107.25245325798649,102.15655580676135,96.81115149301974,92.20894944523575,88.83957086862044,86.37110173097211,83.16018875515074,81.0546391525998,78.79969778539859,76.8387799867775,74.79175902608615,73.19652103964593,70.93201146677723,69.2110114976651,68.12123199328276,67.19806008762349,65.40303122138924,64.0709370319072,63.48232466828794,62.603368336577866,61.56297207998222,61.208671752038214,59.34637030230659,59.786382010893384,60.01621154163567,59.21191269300137,58.80079644625233,57.27191563597223,54.599920261578866
176.2868682807402,179.18147990743606,179.49573019949025,179.27060629715868,179.92296868523803,179.35700227883612,179.08102109009653,180.57225732205214,182.99379677551732,185.27658783859314,182.6869173784349,182.88664517414415,183.0053681714297,180.77161404387186,182.36536475405651,181.79024478135807,183.31298347803067,182.73996019859445,183.6083630853109,183.26985041229446,183.63110579438612,182.696826343187,182.00536877707864,181.95628724250273,183.38001825420483,184.72886337147398,183.11997733894728,183.37146014474527,183.6778556929796,184.5156715729694,182.90508760386226,183.68547044272543,183.5501255680242,182.6904022962598,184.26541430796325,184.38596771527295,184.8667949264637,184.15060219165824,184.42313183077667,185.4209460733058,184.88080846775333,184.66172381725508,184.87192802887466,184.20228619903727,186.21013379668088,183.95269021202787,185.5208199476581,186.00356352964965,185.3431667790869,186.65454995204007,185.43322245721762,184.7724160621348,181.9025176727167,178.9199874713444,172.21892295492577,161.11573281988214,149.66355437957245,135.90583334994997,125.54934315631216,116.83933257085016,110.55883567729329,104.03497801688137,99.19062008339567,95.42910752254151,91.40321974637489,88.30711619681487,84.79908248002619,82.4996380010621,80.33647923367491,77.30197666676266,76.29121223634462,73.61719314326443,71.88041777848383,70.69795434214235,69.04137313956015,66.84423116568608,66.86700802689289,65.67814774282068,64.3789825454467,63.20929123894672,62.79130831803017,61.84063303603556,60.88874806014733,60.11665097668194,59.124220514495015,58.29771433633616,57.49081252692435,57.14223423377488,56.782948045354466,54.06516933908558
173.0695640714705,176.03613873600702,176.54573918171647,176.03397072295078,176.85052356964192,176.14778008443832,176.09812451461445,180.66632174836965,179.86163092659226,182.0770193389784,179.4840374663601,179.51863066143974,179.61210431065828,177.5864754501217,179.46959645533448,178.53440352357015,179.93623930938415,179.3518722500744,180.41311220919297,180.14568432522424,180.1343118889862,179.53922785064276,178.87333895311295,178.89798706801494,180.2195750337735,181.63129148951097,179.85920686773707,180.27905952289325,180.6036131092823,181.36131261090122,179.789265819987,180.68353820266483,180.44680615171345,179.7040446593018,181.18504999377998,181.18725835880218,181.7302899632664,180.87338378619484,181.3145454680632,182.16310326837433,181.80056194378983,181.57859283985633,181.7297425713308,181.25215410519877,182.94038066240958,180.70566717929015,182.3602645427683,182.87971054965237,182.05424577103415,183.427879480097,181.91726881774653,181.04356274127971,178.14438801543614,174.3842815519414,167.48145066399746,156.27878171687274,144.92650331318654,131.829213927395,122.39195596576315,113.75824149207098,107.8176728909429,101.37065403719913,98.00764655380931,92.92462403650637,89.20338370007391,85.80563757320157,83.52008000156147,81.62946866797675,79.72708521586947,77.38125631912948,75.52531578105497,73.38844696848827,72.0202913470799,70.25529260616008,68.10855902966347,66.73357643561613,65.74804185835431,64.420782418916,63.37443016408785,61.81225693648559,60.98100905095661,60.42448101729013,59.84559033133073,59.11915697317216,58.68418095223357,57.94315562483999,57.15835075867131,57.039613182507644,55.90566323798046,53.81845410178406
170.47905677952346,172.82520654488044,173.87611458332506,172.81616797809954,173.71275491741935,172.89974175740056,173.47788880944984,177.16485458583873,176.68663292258123,178.70817069320506,176.43010229891857,176.42134964230846,176.6165412931091,174.5161574019726,176.44056608690184,175.5858911997302,176.96018195245165,176.30885797834875,177.14809193470845,177.19228209557363,177.2259526529394,176.67419377895462,175.85361253311282,175.8736872029444,177.09421279866328,178.30856466426584,176.50266064685616,177.1341874789674,177.57889568955503,178.11129821597999,176.43751855820062,177.5824763695491,177.29591889391017,176.38483194333594,178.3755143227656,178.1707256829643,178.73791668332953,177.87144539332976,178.1165290679772,179.00365146114476,178.71241829632106,178.34094492069391,178.7311806054167,178.28411810269358,179.44567109694924,177.6249434798323,179.13249217380852,179.68911203090718,179.01387833162485,180.30576886896893,178.55725592379827,177.5420321925392,174.58590101988557,169.70433230921967,162.4935435553505,151.12398043986315,140.07531134970966,127.5673326764768,119.29914333625233,111.44768013842416,106.02307798253634,99.08301912716921,95.35740141929944,91.21953037323978,87.6286068672952,84.49314969804452,82.0999716480704,80.75596705352827,78.97474049231683,77.15500798879292,74.78559521290241,72.66197972994172,71.40226821486374,69.18549874420478,68.07251155669012,66.62199690138036,65.15746883014418,63.769489762743,61.89675480667953,61.36758127218329,60.478471724581276,59.69676485978464,59.240000522948485,59.14969444610949,58.70689931496855,57.652349065765264,56.88295010485093,55.382626078794026,55.108179265602466,53.53743488196767
167.37856378036545,169.56843145438108,170.9108958951447,169.67646660133587,170.67561296938595,170.31291804499983,170.09220391477183,173.9262567695065,173.5065067472623,175.51130351924235,173.2131552481661,173.85017455525076,173.27695217057374,171.4243921066122,173.3284617403107,172.4537628548492,173.8284991136063,173.03390033395985,174.0557343240853,173.94506588493866,174.13048073134084,173.6038560077574,172.7006068323802,172.77621307285267,173.74948127972206,175.01872960324934,173.34440070939888,173.96596075391378,174.40229348441753,175.16951295302883,173.6074035263498,174.57643224908267,174.01114834506845,173.2551927200699,175.3581734736506,175.03979458857376,175.89578060506187,174.78148465549225,175.02542677924737,175.8617826262691,175.4826023285649,175.436582272472,175.87388788674284,175.17876058892105,176.31640457393175,174.64724848267528,175.9847663844184,176.8110241168301,175.84372506754562,177.12653126880784,175.10223640892704,174.14466968036524,170.32214164088907,165.7564507256886,157.7020575376276,146.28288281574638,136.09924377322005,124.08498792081285,115.15815890889148,109.17878427710151,102.70869796274565,97.12999431264028,93.46107679379365,89.69983785756733,86.57113263590317,83.5153350904806,80.94401864203336,79.2684903281038,77.38158121979228,75.42741057023336,73.85482007069224,72.74016490007949,71.1606185346103,69.36728443318528,67.04714968909444,65.5230664191644,64.79803339549935,63.458435057274635,62.20496730572125,61.67660224847686,60.310429858746375,59.38559321520378,57.7272495845929,57.83547181278856,57.733478751872546,56.62271016972819,55.902718875881256,55.01828895430839,55.17140854607843,53.53830710348628
164.67930973612422,166.7651870468181,167.9770428981239,166.8984638372797,167.937967617208,167.33856635273645,169.77051827885825,171.11484991870702,170.42540986391032,172.47065884705594,170.24205424356555,170.614386908517,170.16851331173214,168.63570070731922,170.55816545060625,169.3031983854247,171.10902414393806,170.0852575004313,171.06515715589444,171.02506143396388,171.32060071078993,170.66666053279553,169.9026767011207,169.88602565338763,170.78917160750385,172.04797832598305,170.58479042383112,171.0335381732444,171.40326921982125,172.3224770854374,170.37614780062466,171.57318633838653,171.10369563346626,170.6027622297502,172.18768381657787,171.90660501044272,172.87742254675774,171.8659554455417,172.1708266508825,172.69303448277697,172.43732009212735,172.60449858335855,172.84957198694084,171.89222927693652,173.38761937671208,171.5260814398939,173.21331656965947,173.61804376466657,172.6417156537249,174.08730509515337,171.88024471752135,170.5811425533577,166.35198857699297,161.81308162062928,153.09259372576108,141.92301642085724,131.367569569671,118.93006556783716,111.50366057320996,105.6735221689063,100.86813784634587,94.93672662154636,91.96195696304142,87.60495624496242,85.19115407203539,83.01100526108621,80.35489661935604,78.46923973777287,76.71131519040789,75.20172570766526,73.72203020575684,71.9325370294756,70.19385468659824,68.96850704216172,66.71002759542442,65.20116291257001,64.18158324366767,63.01526283102469,61.63184195555812,61.200358976133344,60.895383849718534,60.13597044136211,58.507355792250074,57.17116462822497,57.36594055010678,57.486649109981705,56.500656619187254,55.24321765344317,53.91592038680972,52.300837089777836
161.6320739367417,164.2106347016282,164.98652872155284,163.81568747066558,164.63730345816637,164.2101697386819,166.96226898617945,168.06899454024997,167.4005644891559,169.2670555514426,167.21093554643937,167.5580973686867,167.36487270933733,165.94431758961085,167.40274134214846,166.5705589519831,168.18811001116183,167.14738777938626,167.97387935706686,168.23129533449423,168.5521332370486,167.65401583985692,166.88976802463176,166.64857893026934,167.91320399172622,169.12713028814798,167.88674319405422,168.0692318472117,168.27874883741313,169.1972856689795,167.30775188307837,168.74493314774026,168.27013143601025,167.82334733755283,169.1570997955347,169.04281206782537,169.9979720701082,168.78033042839732,169.03425848048192,169.7642461260088,169.73495086449222,169.7663787091043,169.68522535829877,168.88816022318935,170.39092871486966,168.8997209165643,170.1548087915974,170.77132079318486,169.6433630816865,170.7730730961547,168.7985181005802,167.46859741295492,162.54755264763767,157.72726140493205,149.2363868770038,136.5612289112344,125.52863080609865,114.36151100747237,107.4905843696132,102.8520620018682,98.5851874730389,93.34294944913819,89.98414843995079,86.50051543935625,83.88822592877158,81.5850494816268,78.97126630500772,77.5134079689003,75.90022100982145,74.1284374057037,71.71037600120076,70.7765081479396,69.51219418580673,67.96406258217168,66.51177735860965,64.57869944207363,64.07981030561673,62.805162301298175,61.529466672055825,60.963674988160214,59.94288774780978,59.428657638246456,58.39266057403859,57.8142836484486,56.62008952392518,56.077568352097565,54.82375463149,54.38095029558237,54.68978209503425,52.95896129915082
158.9967000398528,161.09521923508353,162.0777299711983,160.733077623524,161.94242513704125,161.31251921809627,164.13117225619936,165.26810064627466,164.667470472487,166.40656285652724,164.1864921665991,164.63862598122077,164.42915163824082,163.06834466722879,164.39385857134795,163.59377597209678,165.27227048471318,164.2047428714508,165.34325684073283,165.47604160546976,165.64932809262385,164.8903703640442,163.84284037690566,164.0070319614185,165.16342208117752,166.19897851639618,164.85739671641105,165.1829631558493,165.49542831765982,166.21673588927925,164.6604627462328,166.01688118436803,165.34351594915225,164.98055019788626,166.17944730417275,166.34765012643985,166.98037296206078,165.76816074858849,166.4721370182675,166.83803914001035,166.89551438919037,167.02378694017318,166.83595855421225,166.44744754586645,167.78738854807455,165.98198026792366,167.4416513976592,167.9421977874642,166.56441312846627,167.71416704953694,165.74465473677432,164.04659479830505,159.25913075443614,153.36380385929672,142.69930410914907,129.52820025632354,119.43834002678555,110.4893812675063,104.96069639836459,100.63013055033376,96.3306204886177,91.91983866850585,88.91406185748868,85.1219006275293,82.43489824049355,80.95558091382485,78.56308817313199,76.65230592531358,75.19810610641996,73.02208698131214,71.78327374466647,70.18708454496078,68.98330933611082,67.66982793902515,66.44978683862665,64.93199998608513,63.72089150949898,62.244238066337886,60.95792393985792,60.21412565448898,59.380988886299114,58.516122980892106,58.11427071483836,57.017655890170715,56.426713825170346,55.23273992239896,54.18056701102417,54.29688672470153,53.50775324517222,52.09877186859012
155.97596045649394,158.45034855394002,159.1876660253013,158.01524899886883,159.12331974198446,158.532221107762,161.386300536907,162.3904973229838,161.72991868116853,163.42423183971644,161.36078274698878,161.9732426531236,161.65590737957777,159.90299840648836,161.6443493148108,160.7254940785776,162.571185332288,161.2340327485527,162.6674043397998,162.81876725679177,163.0101143602457,162.00035838315418,161.36598128711248,161.3222826096484,162.2818230622402,163.43449676890896,162.18132786972453,162.41863001073017,162.5580453872751,163.4945666981483,161.9710343317563,163.22679798502034,162.8463786311489,162.33852250430763,163.17353089937063,163.53685486997298,164.08000637350685,162.84153006995174,163.71301401186716,164.2654342810604,164.34145940126015,164.33170171390358,164.26053039967334,163.48723155605447,165.06637368056894,163.40399260829673,164.58330675786493,164.98160030897228,163.75168076417296,165.10470381258907,162.77885655517483,161.0972522840601,154.36902568100172,146.17278245677917,133.88873400378662,122.05008602912967,114.2894948785136,107.52102927592016,102.60916291165682,98.1512594159956,94.94079901900352,90.79312339770513,87.11468212238479,83.76106236962325,81.88860275417005,80.18989692520022,78.3723188103387,76.14806847995791,74.47955727253385,73.15068584240885,71.12749327190024,70.28973884874951,68.66015199116374,67.21969589990358,65.79585658924233,64.44925786768329,63.30761059946365,62.336298690716035,61.250476627857815,59.57994557314202,58.88025756164709,58.369669107901935,57.480871660176454,57.16913201760235,55.96349700757856,55.27324816952864,54.39431227031496,53.74300490800086,52.87471842496476,52.083875145450016
153.64453755823365,156.0616293324842,156.57023556318595,155.50224453008275,156.66688788889297,158.52108439244958,158.80197186257217,159.30739091548477,159.21359875133479,160.78840036363113,158.66470248351843,159.2758657511509,159.11852770439003,157.3058964257907,158.96500789595126,158.25123901929277,159.48268557298172,158.77342358080404,159.7581997457276,159.77979988311085,160.194619857498,159.16935957873417,158.84360608843647,158.81774635950066,159.52860939657293,160.90004900109327,159.44329861730645,159.97044246746017,159.7779203784204,160.833995191163,159.40680793790128,160.721017369055,160.0885698062786,159.62258757964153,160.39504274174917,160.74625832651108,161.24579871339782,160.31000768215196,161.04441632749456,161.8375308113302,161.37403284037362,161.90073405078758,161.4399599743479,160.93764619816838,162.41800470713383,160.81483096246282,161.9122248794483,162.39762630394992,161.2838293710821,162.33186254025458,160.00743828446602,155.86066334621907,145.69912726406451,135.88924052113802,125.31032115644162,116.35168407237352,109.50970402087368,104.22922973271683,99.72778824651147,95.72330921653763,93.69956634612483,89.20312403767497,86.58444380931446,84.17497964289554,80.95455342397675,79.4649704809835,78.12499555436563,75.94502101409117,73.86334194187644,72.60321111539129,70.93485578763404,69.25954048289049,68.1933719718378,66.97322065480117,65.61969086593957,64.63776870150146,63.752175579697855,62.09481703721108,60.76554457263807,60.340949518670186,59.37385831684546,58.02851464774105,57.18546496689128,55.851611706865604,55.800287555330726,55.32214656072781,53.99185704187274,52.654274708689286,52.46638481511588,51.874061798753246
151.394215330939,153.54220486873007,153.96693713833616,153.06417672297104,153.8118140734526,155.7383809452277,156.29950042072542,156.79533258161493,156.5378255714384,157.91599734436656,155.82456861830235,156.56041450806114,156.52236144628634,154.603396033437,156.20537938033027,155.61315139937957,157.262197079065,156.18404311421395,157.09377714135965,157.30844550205688,157.4519523515468,156.43464671041076,156.06939304225398,156.09356025728604,156.78660680288115,158.26318271709223,156.95655671830585,157.09145019335696,157.35151064952558,158.23006392169538,156.71005924003185,157.79687955567587,157.1953490498264,157.09060311382964,157.7065117361945,158.27316329871516,158.45023843733455,157.5806011322241,158.4925174964092,159.169904733386,158.67750468982106,159.50061993378645,158.91414964720153,158.43975122553542,159.90491063573538,158.56231866760473,159.2985417239087,159.80460919689247,158.90921464469275,159.5915594302301,154.6305295821755,145.7986722785261,134.02332379769697,126.97351386550726,118.42131931763186,111.16860776137612,106.08403408132513,101.94309700168225,98.40467872706365,94.19375892539347,91.35759989591462,87.99230301292333,85.18936231897793,82.56647968923313,79.85113765043285,78.34851220855388,76.5267523862254,75.05249241317878,73.31728027108987,72.25274999200347,70.41703438933153,68.48686363686407,67.17422427560487,65.88809191158438,65.1223280724271,63.64689629766557,62.33530350950761,61.466482160740334,60.26269807993901,59.21823928077509,58.27228171787865,57.200859688718026,56.96069407079403,56.132840330159006,55.21995505888773,54.10494299610263,53.683014046226766,53.288801526508905,51.93948042718967,51.351217232576836
148.40501725190822,150.59220111963631,151.22393424115344,150.35248390258116,150.91472823702824,153.4081720636433,153.41608955368685,154.2535378378849,153.9186510710485,155.23293629001702,153.48481523355773,154.13612481546198,154.00930208438362,152.45440213224484,153.57460664320197,153.12697999823848,154.7452052851889,153.42657466587178,154.41618678506876,154.60508024617766,154.94849475356722,154.01165379010772,153.40042713228436,153.17226500464375,154.31272816613614,155.69648662605732,154.29374325004048,154.4966580280116,154.73300814880642,155.56913467532652,154.04866773997836,155.32001572006791,154.49409024063098,154.42796184377406,154.84456176293455,155.53041545621832,155.9132688324955,155.20296464724612,156.06098169095242,156.69249890468467,156.31827495235115,156.80979195930755,156.17035746401652,155.8798414280196,157.5152023697068,155.80673684341124,156.79353633870588,157.63198994468047,156.09523091525514,153.7128534795223,143.7472180527476,133.7285564780913,126.11156536619221,118.62437883182616,112.40115379501229,107.53607391923374,102.75438586353472,98.34858138984329,95.53025815964786,92.23164228662371,89.37850689107496,86.06874339111168,83.13206123628744,80.76146775790221,78.83859972266802,77.20855364343801,75.4130792943706,74.16176556328749,72.48879602407229,70.76617594985598,69.04503667004677,67.600553127111,66.12108221459921,65.21157360484342,64.0001983858109,63.26448826892332,62.12425608203572,61.19152332183728,59.564029145502936,58.20412652012424,57.683985106080705,57.169039727438594,56.07993426709152,55.28268990073992,54.61802798674983,54.14555861187933,53.131744880748926,52.51410046282057,51.213771236161705,51.12817386034246
146.00458894570122,148.44327556010722,148.25567233092397,147.72847878661557,148.57750867480837,150.70769949059232,150.83067216010838,151.82462765770381,151.42990574814348,152.90940560571013,150.95687128957178,151.4756192661615,151.53557720874727,149.70698291629265,151.09371362226804,150.64559534212162,152.21361085141442,150.66134745423784,151.8317815124392,152.137522017798,152.3383527085185,151.44814376416608,150.78731947773312,150.5359868246642,151.60846401375554,152.95372474530572,151.55274146494875,151.89499067777578,152.11210213851749,152.95812061698715,151.53696963554611,152.64347778797764,152.1213744481825,151.9566353485256,152.47747850278685,153.1090937081685,153.48101537610708,152.63295834379528,153.4991715167274,154.1523827992593,154.0090557358987,154.34406889529083,153.89785866966386,153.75782918972996,155.36196267737373,153.55324437121212,154.69738763980476,154.54718323849104,148.8213377516719,141.06797995971382,132.29182747562393,124.86103232256954,118.67730718469704,112.25025637982829,107.83970302103823,103.48321665278114,99.7381735861462,95.58805043928662,92.22530194584961,89.59802284016446,86.94862897481845,84.11445111587228,82.07826489011269,79.49532100749572,77.62267682462472,76.05819195211505,74.40407926828836,73.10976729378268,71.77201192240031,70.08018874269729,69.05267758038367,67.87448970096688,66.41217160036665,64.66307631555289,63.84295958090169,62.56555376658108,61.51253749984107,60.246039559229644,59.36399390580598,58.3529801343357,57.53400766259281,56.746211818534256,56.28611527455417,55.28036746425753,54.44116779130488,53.196218077160644,52.571568609448555,51.90722831207871,50.897062568477764,50.557785884235265
143.4408895941497,145.64583368927282,145.75861352571468,145.33932083058644,148.75195303476036,148.19104087376732,148.4020882175848,149.35413649031997,148.64198778416596,150.19857849337131,148.6989790407961,148.9758188321303,148.92080371794287,146.96531333011532,148.49162843049234,148.0560627868481,149.50037802044457,147.95365743185158,149.34807591479952,149.64304053773267,149.80286425361717,148.7287282375931,148.36374485322816,148.32727598237025,149.16092323050998,150.60829024110984,149.03442449518266,149.33128299511517,149.56661796971034,150.55448595633814,149.0226378846521,150.19892058513415,149.74303728583953,149.22194369414254,150.23801291204515,150.61443400306405,151.05394815416693,150.4926589071554,151.43358722439348,151.8113313289563,151.7249676613857,151.93502327510203,151.93889387062154,151.77381268290387,153.11080152290805,151.48139385082467,151.4358652740518,146.11530397090118,136.43122933908901,130.52406542975592,123.5727536499657,117.98295518170043,112.67141339193152,107.48764801457429,104.03020083211148,100.5154819000141,97.13219242173152,93.67162610957489,90.44503141993607,87.15556573249886,85.25708002123898,81.88734220102387,80.11907758476762,78.1691348313507,76.38114482519514,74.84740010488075,73.48586481987628,71.966294908498,70.24194583810662,69.07763263070574,67.67139736401818,67.01043149242226,65.74555871102969,64.17986300716697,62.72832882345555,62.259393247429635,60.82544445136912,59.68953785610264,58.74671158405232,57.899285784308155,56.15456979823768,55.260307755374576,54.8585779306693,54.33533485281458,53.47254264426787,52.81781600315762,51.855453546798884,51.277599741917584,51.01819870467249,50.02051546795759
141.1805983804987,143.0327879676834,143.5369989292042,142.8665836897338,146.19225581099695,145.7316365578779,146.07973619803064,146.61456686240723,146.1254559782602,147.86254474200402,146.06361603932578,146.2669229250007,146.35807346455266,144.7188742233778,146.19807776799883,145.55088708612067,146.93285687983686,145.68819116912866,146.94369289959084,146.91814081972805,147.30614718253037,146.26885621085273,145.658313614901,145.9576383998792,146.50473978257784,148.05895723710148,146.56225144422947,146.9165038121287,147.2931201260675,148.13839128146194,146.71584840806045,147.71320476236355,147.28226905366517,146.93999758848682,147.95136849637814,148.33686740201316,148.7286620096569,148.04741632748224,148.78803943878884,149.42250328340563,149.34643690198837,149.6804727326129,149.6845100396306,149.6027577680763,150.80468110606424,147.89177508639477,142.03714201799463,133.4763268759942,126.13833139227818,121.43868105990119,116.2305623546784,111.09752426669591,107.4505160280576,103.86373790241392,100.40631881637755,97.13199475607831,94.42410062001221,91.37155065234408,88.77662663014955,85.7903594168114,83.54815122535983,80.781116938425,78.82706432937191,76.39080713362046,74.81612024967366,73.14412312014151,72.29396495885995,70.98641249996417,69.36259117105067,68.13427912980441,66.86289026183876,65.6315132508563,64.4630102663791,62.9681350233215,62.44904067707035,61.16489621942288,60.32056716454406,59.395988191044914,58.08121926347539,56.96590385985934,56.10458606627807,55.39679873683087,54.869007609363706,53.828894990922784,52.704488057527435,52.08639336873563,51.15519584501295,50.29254122170284,50.11009275051695,48.57502624173975
138.73818696866087,140.27574024001655,140.9912316789163,140.29080583293617,143.6338898691764,143.27435582898508,143.4112165559987,144.31361290806777,143.8582615245818,145.55852388948958,143.56516109825995,143.87178588590922,144.0260000513673,142.25270357250332,143.89027256307205,142.9916245331519,144.32118311782662,143.38093961256794,144.58297564728502,144.79473989711298,144.67949582621574,143.84069159014695,143.19119767313748,143.5173340998376,144.29407458753863,145.8845530829891,144.4561717126266,144.4349381354133,144.87814488575964,145.82753267496818,144.36560624237822,145.51153139681097,145.02572131414,144.59404651435798,145.49345864367106,145.78563802108843,146.35932984429976,145.67188850871779,146.4393778058444,147.45981884403943,147.0942227109759,147.44751288520763,147.07399553094297,147.64534451315203,146.68707421211053,138.5479322054903,130.87493689762127,123.95809618915604,117.97037409919847,114.2819406255273,110.15229723811001,106.11473818579937,102.29099002577566,100.4710370900796,97.2367520317615,93.92056839728711,91.61631847634588,89.18661771585664,86.52822137712185,84.00841204742368,81.72402236253971,79.63517919707762,77.6995395063452,75.02761309745259,73.30015408226792,71.91887835033576,70.76248140763975,69.64532042515907,68.78326083662735,67.13637926840403,65.5454304529231,64.58778746213376,63.09518134144155,61.827114543137604,60.81039211646269,60.11566055434867,59.26225220128896,58.015491117397175,57.261334114757055,56.242257089803466,55.331206829253084,54.839124498539114,53.884481559822916,53.28496026221057,52.67683582745426,51.444855081347015,50.862936212124175,49.5009525459542,48.84274482646514,48.12434714094777
136.32493658597676,137.90684374283111,138.73865924443973,137.8547184009453,141.17384637388807,141.1365614746442,140.9438177090549,141.9882062901876,141.71922486251154,143.31781605554212,141.33611597881983,141.3731917644508,141.32984018610549,140.1186752400384,141.38354866093675,140.528414196304,141.8004926996414,140.92557895702768,142.00478745465168,142.5391249607184,142.09993282746953,141.25550185784425,141.0467952243349,141.10093119384436,142.05757829411942,143.24334324272115,142.0038001945511,142.13527548923577,142.6713893969359,143.32328921561566,142.01154173488337,143.1200458403878,142.7173687339624,142.27620806843507,143.3348516567074,143.73317611186584,144.10540053514123,143.37314547990294,144.52078994939717,145.11496741545915,144.9615576106893,145.2399307778512,145.3042461173159,143.3412688182926,136.63754426788077,127.03889359098771,120.57323514123694,116.52097216626845,111.26288992936328,108.47894753467335,105.26991353367269,101.62454245345572,98.97359825616981,96.64696990033819,93.49041778334777,91.39506578377524,88.7518796523308,86.63034446138458,84.78572584937582,82.24695916071144,79.90457061585283,77.6748468583297,75.9666967053343,73.9876747526683,71.95940350328941,70.62199010874969,69.10563764276951,67.83839327349129,67.09782086730932,65.90716724819346,64.6382162254093,63.62221904677753,62.08042700198553,61.28717593865628,60.016266936090524,58.693220158440425,57.892912011056545,57.227940083173536,56.42516750814463,55.07669724455395,54.49226873804727,53.739741838433666,52.98617333194381,52.35608464780847,52.010212431931706,50.70671510441877,49.7418597125045,49.085489822995264,48.686044414914186,48.28741097694143
133.98234158623984,135.69193616364228,136.50971205702223,135.43118781322423,138.81167012472915,138.79401684158663,138.74519569304678,139.59429699447745,139.30654316773123,140.73172979720712,138.71672115153447,139.11835652377377,139.0304954914454,137.67658270544428,138.71566967889734,138.21470675505182,139.4773200605692,138.85970705019247,139.60305310580782,140.12049221235443,139.968380877711,139.04043317753994,138.7505487724236,138.76002089773837,139.68214016446856,141.0717414195794,139.65691706443354,140.29185853038436,140.44960478707284,140.6862214259975,139.74290626730746,140.71533389784418,140.23270679716754,140.03610343912817,141.3882650165589,141.5629806787491,141.7368999015936,141.39406952268374,142.42588918024867,143.07825704140444,143.05812617777147,143.4996015689769,141.1091415201498,133.39302186135214,125.02604442638699,117.6327093252276,113.2833417611987,109.40357206136237,105.47561030938358,102.87142666195236,100.78200870058008,98.29403155906527,95.69687238022367,93.32307312740905,90.82453232836399,88.58852104242872,86.74893145183228,84.47548707727047,82.40981873018883,79.81452021688803,78.16919581946705,75.65423015717202,74.00525718504527,72.36416274016716,70.3437770314142,69.05000205811777,67.91615282153809,66.52105567572956,65.30949428640604,64.4344609485435,63.612736606306214,62.3305078037292,61.17046903956892,59.90760585352846,59.1902722593378,58.71278381723849,57.82838922635592,56.712067324353576,55.74304534625386,54.87718562690686,54.14767719408581,53.37715467431443,53.04197769953325,51.75922141831979,51.701784277012756,50.77234546943038,49.36499483327731,48.716237438177586,47.91298821470599,47.525625817084574
131.72662566288184,133.41830398913098,134.24348736067026,133.03860674730043,136.751493764045,136.44150278724723,136.29542450358363,137.3322584543008,136.8362250642668,138.23945753031327,136.57469431616033,137.11091684452404,136.49508536013178,135.36013947809207,136.54692137834775,136.2135054208833,137.3091272206253,136.49613176801836,137.49008800479638,137.8218920947245,137.8249381792149,136.8515925177995,136.64548029207103,136.51316710805125,137.37969931789164,138.72497834886755,137.58366575724085,137.58559938182432,138.16103170694606,138.4202058327355,137.42880769400503,138.54225294245995,138.33185160462213,137.9710666837344,139.28147184579203,139.49000899496173,139.7117052330801,139.3463061690234,140.29445360769796,141.14493466376578,141.14847111519282,139.11174522116022,131.29560454582173,121.92922587521662,116.244124585961,110.65468675923886,107.5297051367155,103.65356449851271,100.75842103739882,99.08293783528939,96.50179279653098,94.7026128871094,92.95876306952398,90.35798428478635,88.03440391457603,86.43642205630289,84.78574719597798,82.08180514237658,80.33076054911496,77.93965896906208,76.22171807397265,74.28974600985603,72.33046710952304,71.28492578843466,69.50316662788742,68.59194396331851,66.87519660170001,65.51892012631177,64.50324452878536,63.40090307956631,62.00458606435171,61.304213980553946,60.72450598300427,59.55267786995373,58.575526897460016,58.24204068922021,57.253073206076174,56.03088971659239,55.45077777363323,54.5433241542761,53.899169772481805,53.07446708081839,51.543587609689276,51.188506512956515,50.883940301401445,49.740733403623665,49.1159362123691,48.0513517415074,47.44805971304689,46.799411433723854
129.4870588326767,131.27662237893142,131.90551021474008,133.74392832953328,134.52572501620008,134.13874301534784,134.35865017402017,134.96559384907846,134.60292636002882,136.0869791973443,134.37148229507636,135.19332265828453,134.35654734228717,133.0962860390387,134.45367268677163,134.0206142649266,135.328288234259,134.60924299690353,135.53499792392682,135.4370700763943,135.50818301051044,134.82083825585917,134.3233750924351,134.36471205981283,135.11350651701304,136.47643674589924,135.27882140672457,135.25799667698183,135.7033856959794,136.42993774511078,135.24345742652386,136.4396283795841,136.52292600047443,135.89073223578046,136.761926116877,137.334663163185,137.4581788346544,136.98481121032071,138.19273685503236,139.39354301321103,136.98166312725746,129.43004373981304,120.02019584261556,113.6705132110212,109.0065841615475,105.42871398428649,102.3511604426455,99.24164599827377,96.48060382513579,94.97432803813079,93.43001194449359,91.37251655091005,89.87404778860387,87.72534692681539,85.53645879762803,84.25085528400062,82.18113911571042,80.15012756936409,78.30264042152366,76.58392322114626,74.55669438400285,73.07871620699405,70.95770185905356,70.01141776891534,68.56560461544886,67.31859481261547,65.58906397313972,64.42533285389696,63.40044736284306,62.293978824851926,61.45792510431752,60.39502409719639,59.52707781578923,58.28557028348565,57.16174879797662,56.49346473330826,55.54346092624585,55.21566304043591,54.596695138269986,53.53764446193145,52.79453120861171,52.19903645388535,51.49815910000411,51.030000691401625,49.93502761851925,49.16289320736382,48.0022569548894,47.302027217338924,47.15281518152978,46.71320743023413
127.75625661451362,129.12750102189156,129.47034972288066,131.44673251206223,132.23352869437045,131.85589183415397,131.9969461784978,132.8114948348646,132.2492570121601,133.9080374602568,132.0773800740369,132.5699101990265,132.09929682305656,131.13762460498208,132.43329040491398,131.8233169004633,132.9773439623858,132.45095173111997,133.18128825701413,133.39200093636668,133.31555678313615,132.71630882379125,132.32622881707925,132.0778171919953,133.07891753090323,134.54037235624446,133.25032162874564,133.0720946172702,133.66842487588335,134.28710868940672,133.4801822054217,134.35024435507594,134.218168391333,133.8481189856722,134.90926544639004,135.15062684238302,135.63062843871552,135.07611257198656,136.0271593274421,135.23057750587108,127.69756401942227,118.28215527882116,111.76671658173807,106.98248220892602,103.37550757359541,99.62251964281087,97.83216967502709,95.37738947032699,92.61297292537887,91.55756822741874,90.75308410890439,88.31329243412968,87.33856441852298,85.63452697385674,83.53505385034363,82.0137491434719,80.10832650791764,78.4882485861083,76.34763813365406,74.71125693584811,73.28848267062146,71.47270981718428,69.83937855469557,68.55386059375928,67.30656491036409,66.20923853297661,64.82565596059682,63.527600239424224,62.43117552459068,61.28862263729019,60.44433399341626,59.42237809982324,58.82001712852846,58.22234475281139,56.894172185979805,55.822766153587104,54.729875249288625,53.70144060009525,53.28065580370468,52.62056624671407,51.87977863653271,51.257578139944975,50.98602237677351,49.8501160597719,49.33326990646177,48.11018892837177,47.07915945481472,46.67307834939559,46.36467235771795,45.84196791205631
125.44957560546261,126.99871981498825,127.39992668624684,129.49847936088722,130.18734632768872,129.65348095969856,130.14075057241638,130.54516246704614,130.23568654432236,131.8406317252043,130.13921792099893,130.4947024322776,130.08112986747432,129.11154464324122,130.3326743485798,129.6353923456534,131.09274716945282,130.3626925257944,130.69925593588678,131.00017109446924,131.16339819664537,130.38038171969478,130.25450237080304,129.92505918739565,131.09036874704992,132.48602800786435,131.09230494591978,131.3244684414135,131.7997020199971,132.201804209648,131.26030458658863,132.36368017149377,131.99558851435327,131.77131532923676,132.70103314445598,133.06502003599817,133.3558475811141,133.49785570486793,132.96676532753716,126.57360130308122,117.39436075383674,109.99515010718808,105.07458569947666,100.86452544317888,97.96842714082725,95.39944171228113,93.843814570345,91.88070568983356,89.9304548477877,88.8714722558474,87.55824378271528,86.48742530936022,84.76866041568944,82.91496431778596,81.75876587025647,80.07683464472952,77.82774998150359,76.58523588999765,74.9707512392166,73.41240273861007,71.82306165372883,70.05188172785098,68.3720386893065,67.16476579471437,66.48013503691587,65.29993614517782,63.619893825815076,62.21691018541136,61.32288310372426,60.477218439572745,59.54347524506242,58.7310689838282,57.32292798184553,56.742723169542785,56.3642288079258,54.97654980381415,53.6446352304276,53.10423900317449,52.699586409056714,52.25223378309422,51.85112747294684,51.15694413224829,50.44761493014415,49.409429577410776,48.18340148337924,47.70630888680179,47.2627256750743,46.8018148690093,45.792715613905536,45.30587804348158
123.62785283490376,125.28752757969414,125.37000747300745,127.4997981421984,128.16518699334696,127.66011922882399,128.07736660545257,128.52093812210947,128.1377023251634,129.47656276071712,128.04655536650526,128.66466947091874,128.03920431195306,126.79171823834558,127.98991223913244,127.58086932970735,128.91246128544142,128.1968694370739,128.59240649029405,129.02035189430308,128.89181945814133,128.51918121818525,128.15675239585903,128.00646408700214,128.6789539061384,130.21759337026165,129.2055407863226,129.43540333522517,129.795599289025,130.29388951695068,129.4947472323779,130.35466634004518,130.006697984188,129.93998265648747,130.6134248228949,130.94960036179947,131.4226582146653,131.32702347657087,125.34047748654932,115.7208057522567,108.95157259069022,103.8121317277113,99.3256364319118,95.95343702351606,93.69316066496735,91.85685238596757,90.79460639836098,88.56582339596464,87.16093147848876,85.63237996603054,84.42831248954134,83.76437619824812,82.67367458796713,80.94984681980038,79.14612170729161,78.30301298677792,76.04950159495478,74.87883964006987,73.13035797747365,71.85039106941595,70.90500459366872,69.12073784561187,67.35283792842485,65.85730754101066,65.09916988808435,63.86680054117006,62.4778214780488,61.307651353722555,60.39035163464977,59.78011246008172,59.07635454946143,57.79006768515692,56.74101315757785,55.854987171054006,54.878686931395016,54.23332121228858,53.056023318947375,52.4758385052063,51.79248684449774,51.60196661346246,51.08541231950383,50.336996140954675,49.92498067484902,48.71778246500218,47.72162034225422,47.19488397983097,46.44566809148356,45.801977663756254,45.16542722023089,44.50527971795884
121.55290170641295,123.07691389881587,123.38618226121935,125.23273045341399,126.13608789063242,125.53587545437422,126.10714681293489,126.37117999842975,126.05474807945,127.4362350467779,125.96516745128828,126.40975546781046,125.86374306497105,124.74857016173479,125.9013075065801,125.43834003738107,126.79190335120957,125.96515384756304,126.61797628529615,126.89182046975054,127.00535734466695,126.49592685678131,125.97658970961372,125.76544112065079,126.9158693620676,128.1494184974998,127.05242728515799,127.61773556093915,127.71026486304748,128.0647817088531,127.46367507196597,128.32705308863186,128.01643217505486,127.79796761934097,128.69695615362448,129.03278738958133,129.6177001601331,125.09467435618565,115.49428146920337,108.04357385223092,102.4447909264303,98.22855689376844,94.77295336678452,92.61206787538605,90.00755120183736,88.26274255403075,86.87938868408543,85.71909539654291,84.65678302958212,83.46453432409989,82.29272669338846,81.2414830739916,80.62697976330585,78.93637032078486,77.00035278935869,76.02303653313841,74.09531849025751,72.65518200553961,71.38949849204916,69.64903531273711,68.73826368242139,67.47201656659156,66.20567922739195,64.7478377222596,63.487398825126014,62.58800444343325,61.371784094387344,60.68760428484223,59.55099496850261,58.529894086877476,57.399986957186066,57.12718196802891,56.223194497403796,55.292654904180154,54.17881644098,53.251222028794224,52.18919345567112,51.80488266819114,51.53935511427695,50.73639668297154,49.83540414982304,49.43654707082421,48.99116267060047,48.340983941029435,47.73786649280544,46.62000174826218,45.49655239275074,44.83070442943539,44.49263794030193,44.0383302319872
119.36556977086678,120.98277652201826,121.17241491356174,123.02893684435786,123.99900953612195,123.6543130956357,123.93911165518658,124.6252302557384,124.23329676492898,125.53531953435153,124.14913119374823,124.16552262019981,123.72297478980893,122.77678992939049,123.81191128563061,123.1810362502273,124.56265236110654,124.11529792005511,124.58625378362167,124.75039571393138,125.19996826738647,124.61983480018448,124.06597290107977,123.87585748918612,124.99208565877852,126.20697025621446,125.0572387911592,125.3560918418104,125.55755148392838,126.28363291171848,125.61385697985206,126.22379956100991,125.98992573117533,125.90863048568343,126.64476818837977,127.26864511511523,124.90910417784153,115.03016912411469,106.59917705388922,101.87869505955183,96.98684740143507,93.5113385857721,90.56710461668985,89.04748447372937,87.30232016476835,85.91157077206937,84.35853773001853,82.89211784249252,81.7961944124658,81.37593126231756,79.95029702031222,79.08887658126689,78.21741703948865,77.08296057015356,75.50838398055878,74.52080302430875,72.79687592883907,71.2200471873726,69.51666043307613,68.13702629173359,67.41751193353927,65.56261691791556,64.53741135950483,63.476750518315214,62.13536070898342,61.665735996275636,60.49682711041117,59.7477272913624,58.81660147375229,57.517761165701124,56.43564061505316,55.37596098840502,54.958934394873125,54.21450195337599,53.67521104497626,52.92055531801723,52.21720747890362,51.2717200959392,50.30793419712029,49.84410488373413,49.20479917063613,48.90036254656641,48.3190100546614,47.76545950142937,47.05859124737066,46.19749532537301,45.33770060824338,44.48983200095467,44.11378163887161,43.47400128729151
117.0865597689973,118.97628460338537,119.1687119984432,121.0752751855801,121.99002560123664,121.75022166638206,121.74592920120108,122.48668731915656,121.78668095082973,123.22845804372953,121.97013552319042,122.18302580403237,122.15451612704614,121.0008742942314,121.67706869261475,121.41047807190212,122.57290886555057,122.37150348835034,122.89950499191252,122.74717326624854,123.12404704373925,122.6520531531636,122.2572606685142,122.00558088582204,123.19345757934228,124.37522941890883,123.2275663601569,123.25977680602601,123.53523586860972,124.12734027455083,123.76311313463258,124.39593373189211,124.35705851058661,124.13474741005727,125.2605112220475,123.68403428124758,115.58888623588756,106.55022845847009,99.64705868501619,96.18181126654882,92.49108072962139,89.53764791794414,87.49959659299013,86.0761596547389,84.74114193449843,83.21083112634867,81.92669619694927,80.45169766373787,79.87693439290035,78.80546486290946,77.51963159096366,76.66888431557983,75.97892701100989,74.94751117832938,73.65725206863748,72.77013509139444,70.85752577889888,69.68180524624283,68.28040710688305,66.91558470587044,65.80057197100551,64.60816130939055,63.19700967580212,62.21186159531721,60.841339868601644,60.45035686060379,59.116341855965054,58.27737392138261,57.38526122580402,56.91131078631839,56.127443087006526,54.98184593297401,54.47465270691745,53.267345582613835,52.57153570915685,51.52095452367681,51.315603309758814,50.84406460664906,50.01180522751832,49.013776425061224,48.456129083041596,48.01936010304332,47.50680990136658,47.028374701608534,46.195761460756295,45.31892073178,44.978257299696644,44.29420615895424,43.27076921467734,42.979667138891195
115.03412850631496,117.03022288665767,119.7373056686172,119.5674590184836,120.32087667376827,119.81381426697503,119.82788101476929,120.57405793105848,119.70865989521938,121.2139563834058,119.98551053992436,120.09091407977688,120.15252113969491,118.81020902506293,119.98359330305395,119.62429191370568,120.51692956965792,120.38769327975525,120.87705846966956,120.83762518676411,121.07799504216229,120.8001618258009,120.13325221247601,120.18439062921438,121.22839377391195,121.91394460276757,121.23576609946441,121.37076918778543,121.70386537676923,122.22819444288443,121.57540810634777,122.3973969610488,122.34120914468774,122.34627255321742,122.52051614743834,115.73997796150839,106.12451089955276,99.49693641175789,94.53311077061335,91.778490202743,88.63781477463083,86.41003289991147,84.19244093938863,82.936507772285,82.12657307950431,80.9489451967313,79.82088027509822,78.51681549629463,77.58210405171867,76.60148302026393,75.6813859076738,74.72414305182447,74.29091893817801,73.25297492112986,71.85580576518389,70.77670260929406,69.58393294348478,68.01489920567934,66.5013010322814,65.17153788213548,64.02894092590113,63.391143368670534,62.092240010091324,61.00700294834319,59.640324282627915,59.057691143902,58.00268094310695,57.25869744190385,56.53584210961734,55.903695267447624,55.35182096272092,54.394617076025554,53.220548060334956,52.809443338591024,52.05776764293655,51.4531419688588,50.588324020372,49.473219566397155,49.03277218182148,48.410399037083955,47.57587055479535,47.3526542084419,46.62823406768363,46.196844820394055,45.45269244547013,44.50870199423216,43.671525719884094,43.19996578913706,42.42720827415419,42.54149840274924
113.11720871063363,115.01335456810305,117.8238011090662,117.52937208410283,117.98398772224739,117.48127001034233,118.08153434741011,118.56104999069703,117.88857143360985,119.43324615597919,117.98763787002572,118.32889080771172,118.41948912543266,117.04217791910037,118.21134766659917,117.7044452985317,118.62929309052032,118.46290857929797,119.06463800110447,119.20459208827117,119.18237952930248,118.63715243668646,118.13505683103777,118.4243438114098,119.08194181882958,120.06206626767596,119.296256374655,119.2971116797673,119.70031157574414,120.29487099122015,119.46235581864185,120.48969481541253,120.67314606076455,120.64561725389247,115.26974840034939,105.80472581525977,99.18902986484905,94.47957105798999,90.0161348939565,87.4787962330458,85.35491907154852,83.08656275546745,81.2834844437946,80.24263994027592,78.99341314308589,78.47447736704916,77.68074018383487,76.2057877851568,75.61560902362785,74.90268819317858,73.31479500798908,73.03468327877926,72.43413311966152,71.18197985801602,70.28739932944592,69.2499773243164,67.91744215558703,66.66447685328656,65.14261250167606,64.16713091169295,62.55615821694863,61.79768927040313,60.52597169493845,59.9356684284087,58.44524638858502,57.73228249728526,56.84280430756127,56.102360278655624,55.493859375959296,54.81841954208488,54.22182528582646,53.57310754647611,52.46719082439581,51.698689285052616,50.929799253226435,50.740651741457135,49.62242562066896,48.82964218355596,48.24981977212743,47.70458799814012,47.1655336727998,46.44544382363514,46.0841690505398,45.20813966708376,45.02381121033839,44.00603738449862,43.123312492938965,42.34373506991571,42.15921559836976,41.849931631698446
111.20147689635944,112.99042760468149,115.87304974559218,115.43953811391974,116.3606052785239,115.59798873441268,116.09801013139516,116.41253748852237,116.03965055444958,117.52068059655544,116.26409309093064,116.60770386309535,116.12653600116154,115.06506931372134,116.23130985375958,115.9065077530373,116.79587431454554,116.50344618019466,117.21441540664092,117.12913729971343,117.29921157681338,116.86726890836987,116.42289772313406,116.60661793115956,117.16841936023059,118.16645467053998,117.46822141753529,117.63381860270505,117.82929847631063,118.3438326074466,117.73966357903235,118.67970496454267,118.9032560196153,116.28277365911335,106.00355559594213,98.24136193238631,93.02204860289868,89.61900732269369,86.23532787872712,84.43976675820957,82.00560164368066,80.75658407133973,79.59999639445235,78.15313295477522,77.20515708390589,76.47308908260153,75.6276644899103,74.30700617798549,74.04890825927589,73.58952844355333,72.00599827133836,71.31739974088583,70.67906726970703,69.83070019610156,68.80330133897182,67.6257941316514,66.71660887460091,65.38620041392318,63.981842832522425,62.77406763163924,61.690224709540296,60.4165314526608,59.37181572988893,58.660349647415245,57.52871011975401,56.68793463483581,56.294668958713906,55.313857030050514,54.58225020325795,53.738423299334634,52.95523326038285,52.671981157298866,52.125750396391574,51.24471724176025,50.2393554071318,49.18502934823567,48.65409275581407,48.03406932213904,47.55664351361613,46.8112488578082,46.31193563409775,46.2271236898651,45.543857936550076,44.66031997672834,44.161716620471786,43.47677211176753,42.574599943622694,42.11218118491124,42.076667727029196,41.90897767981659
109.46237501890731,111.32512952385063,113.92757536011119,113.73481099103509,114.3153721081024,113.85167583244176,114.2386850730485,114.6125790170474,114.12709711901624,115.72016797201479,114.38771069527336,114.78987921208409,114.2693722635092,113.3190906533636,114.43259884314584,113.94963292212184,114.99954584545678,114.69500117951468,115.14439634235697,115.30459800893118,115.337545167784,115.18060544903136,114.55907750346249,114.85139749465573,115.12372475830627,116.34655965917518,115.62168041932864,115.88852850001946,115.93443853943188,116.55738384951951,116.06985514429554,116.98054165266643,116.23271404640668,107.1089871197964,98.14253012725392,92.73173841596982,88.75516099555381,84.74292373427568,82.53625878027076,81.38200259846495,79.43985700277356,78.1178855760168,76.89235754102853,75.7060511513062,75.26995989721354,74.34771892077708,73.80843196285193,72.14674880668689,71.93810628591562,71.20411648169859,70.33860190105132,69.64043767112979,68.93941952904746,67.90624974354563,67.11393540904527,66.1543492856192,64.83636705070161,63.80809108095843,62.385455290357896,61.34961744277524,60.533407477734556,59.37893111231285,58.20459859443695,57.562289918659765,56.777340092320834,55.46014281522687,54.61301706707187,54.08752873610596,53.309357796142216,52.75886588773698,52.360182186558966,51.42939602531038,50.85039423671514,50.52749398889017,49.50129626958787,48.72972756129753,48.07294701214045,47.46390717720894,47.18908595712111,46.66869388474282,45.96651064891037,45.76925818773526,45.282405513266504,44.77666054566222,44.25851068738191,43.01098851615098,41.919617742496335,41.63275124109992,41.022715729951116,40.999991545166715
107.74418491426486,109.38979034629789,112.12081590174517,111.86452621595954,112.31193576925307,112.05735144686855,112.27069126958757,112.94532045048533,112.57751373903695,113.69940834683176,112.38608558060434,112.89793394870377,112.57629009589338,111.75025391680542,112.65197575736137,112.13217834730018,113.19083407043671,112.71021746939802,113.38654539218766,113.53950816245172,113.59918080154664,113.25113490518358,112.94024472081891,112.8890751776688,113.53466457907116,114.38364489194623,113.85837706963713,113.96781926106253,114.31415710326,114.7221878704619,114.08677891259943,115.3049556811297,110.01763175443453,98.64495950942019,91.79396084971155,87.32675486357012,85.41784800561038,81.77269090864745,79.56084174674564,78.35682122031633,76.92801057762034,76.01587687012253,74.82650911386293,73.41155961826114,72.62276662589663,72.55386481666322,71.81348464373129,70.64562342949166,70.08386544199146,69.5484202928785,68.29877286445848,67.54749357103388,67.19736700261599,66.34220797363096,65.34753924917074,64.67169246248314,63.433521681261006,62.08303144280887,61.21777587696499,59.89299446493744,58.99365278704098,57.878894914698414,56.685384691918834,56.041495467453565,55.44591341063407,54.82569400698168,53.60255371996431,52.79250741047346,52.4872514277329,51.60688553786617,50.91693030398349,50.29473302168267,49.95128588361191,49.397979815882955,48.67254319279147,48.36281420588177,47.47449677580705,46.709695468351725,46.131739794307215,45.88543625991363,45.587022693513696,45.132325265881484,44.533969584220195,43.83955748039199,43.093136228831945,42.70735685276949,41.83363101977795,40.74133507611051,40.389344203226855,40.2394051587469
106.19170841105652,107.66675389898518,110.49507061937771,109.94554891700153,110.41023434785613,110.37529390706835,110.36042320324168,111.2906509433132,110.67201718661845,112.02504698248532,110.65848067089375,111.0331192584038,110.84996674474657,109.8006246569246,110.860100913696,110.50005776734129,111.50936398934914,110.85657442838082,111.60327865957,111.78984990105691,111.86562697915367,111.37659507881862,111.06224961110193,111.21418217510153,111.8134052070102,112.7149188503211,112.25170627900896,112.38388223450086,112.43871259349636,113.10756545299097,112.36913736102692,111.69526313076913,100.8985101944722,92.50013807208433,86.89800084822252,83.87907857494967,81.77437002646936,78.94728774958287,77.1159171049836,75.86424781895087,74.97827875364,73.5489852444896,72.86254150314214,71.57827730754872,70.90210769485368,70.29451505324968,70.05429474222616,68.92172180911258,68.09903941839467,67.9183225298115,67.07099624879531,66.00520726604641,65.61225588164834,64.32051007197855,64.24792217777593,63.26644249048281,62.06255219874987,60.53779822071055,59.96169372783257,58.42886626455827,57.58862234484224,56.49002443981397,55.78513403564883,55.300235464698204,54.385331211975625,53.66774694981991,53.13127267197507,52.14252973986999,51.60656074046136,50.88357235630014,50.17425752269381,49.344782088644926,48.84095895852922,48.65486194638697,47.84157070042128,47.374901493009105,46.90205515032216,45.95223456889709,45.355165694870315,44.71926724415163,44.51793290465062,44.28381517807008,43.86283232488139,43.0374273039125,42.388514902281955,41.84311887773698,41.34169268208822,40.69041695515147,39.96009683380641,39.68002060845776
104.33802819470684,105.9490836761176,108.87689532861236,108.28592318484455,108.68117695729752,108.81526725315767,108.95295900865797,109.61962537953177,109.06226159007701,110.32065340922537,109.01216353983331,109.28422436814672,109.13626432662643,107.90971519379565,109.10795776022672,108.76792419671214,109.75375227878236,109.13759632376961,109.83797013331612,109.89612943711107,110.16464376589609,109.68976982216203,109.23527842933304,109.35222596656583,109.98242116523521,110.99868115860295,110.33145092543499,110.54859625490924,110.99674496173225,111.25961234062254,110.48155100470815,103.79444709692063,93.2300549144939,86.8877800141466,83.40104016451859,80.62061113734752,78.41765758221968,75.94629272715275,74.98713908974769,73.97860808286451,72.70333532565117,71.5126074550373,70.73424318442599,69.53710451107173,69.40372050926803,69.13215300118402,68.13613443824254,67.36508632722993,66.32682647068158,66.09095063485759,65.59058523708613,64.39017383947845,64.34099857054578,63.15768041922744,62.30381174989898,61.593701121660416,60.73465019196296,59.22664449560276,58.7686248569606,57.805688974190446,56.87550618628075,55.560227775175555,54.89619831970254,54.151304366825144,53.300709180004226,52.731569546455354,52.0575447572789,51.19532741811816,50.5243471889432,49.61373662449699,49.20214290791413,48.75043625164775,48.00808203251529,47.37280815897743,46.897794824026846,46.26893243006518,45.988441003783606,45.50036384305079,44.860045120256906,44.461176647282166,44.131773942588474,43.407336813308895,43.001903595841945,42.28067699876356,41.35824219648195,40.59338599936738,40.04369849370624,39.678894368547674,39.65243637825556,39.17547631502883
102.81401333743003,104.33120605346467,107.38260637059882,106.73845715640869,107.15310421130626,107.13419725016348,106.97343930189032,107.74722932477052,107.26342420829307,108.40359164879935,107.1409302271644,107.64527533476364,107.48385565898646,106.73955246481616,107.47947366465615,106.88858788084862,107.92272852802527,107.44823311566887,108.40031298029002,108.24366932563946,108.4684687648773,107.9653747628123,107.654221384201,107.61960685472292,108.6203516335989,109.30788047429843,108.87089233154158,108.75473268562318,109.02845080698468,109.7083499964283,105.5419984247996,95.38940170079074,87.72538462120785,82.9988338679181,79.89460099685903,77.74368743009019,76.0398844558064,73.62963083729566,72.69396939250579,71.69721650051015,70.68733634127793,70.04298365182116,69.30213733894031,68.23188117055325,67.6915685091271,67.20453005329831,66.7004110830672,65.7927698278963,65.0917924448952,64.87037254098554,63.93326387332178,63.11297508725051,62.81772595678816,62.07828773939321,60.95587673648773,60.30726555731896,59.64711275675915,58.4302831587843,57.43288205494857,56.23600134267935,55.35158449272524,54.29447587490719,53.45343856117376,52.98070054820926,52.02866834364864,51.57094176292811,50.74074735157357,50.15860549648975,49.7506346540878,49.13647015929261,48.248455040739096,47.975574316424506,47.61463005030308,46.61077301872078,45.936171037127956,45.49820964419973,44.93757166752588,44.18668023846632,44.06242108356415,43.428325474477276,42.86490703569251,42.92720212285906,42.165628660512404,41.53663473779448,40.89990650702623,40.2236051726773,39.63688218674616,38.97858528697607,38.34165235986216,38.58984031341301
101.25174115413552,102.37849474372335,105.16436427268587,105.32519538158046,105.75013576365346,105.2761676770818,105.30556750582174,106.09228880425779,105.34771121394675,106.59088899570067,105.49471063002285,105.99325601536528,106.09174627210213,105.01667737549741,105.58120396920191,105.38984305202735,106.06307123192421,105.87917259217686,106.66573835542515,106.5774564064072,106.67030271390006,106.33586947899998,105.85382934581907,106.17973480664936,106.9809239428513,107.5746572906184,106.99924540884088,107.0897189346231,107.5594766993475,107.18080605937257,96.84724480370488,88.74735767098475,82.81248354178021,79.3654994988021,76.58889780103844,74.9367821857086,74.08966113676617,71.78515179127511,70.78948997251906,69.69791954173003,68.79320682062375,68.25640130496966,67.46297567217604,66.24766822323299,65.8962631338041,65.42426194393016,64.96014018849385,64.11444867451782,63.576359155997466,63.33667258816362,62.44853608606527,61.624821496453016,61.41077686682929,60.69663007612214,59.768771355717995,59.18336707531097,58.00934336911405,57.21919493562333,55.90829719073776,55.17685316842585,54.13887260955886,53.2072940141268,52.29845780366568,51.82586966203514,51.44634213724092,50.607262994350485,49.758517466972336,49.40788100820737,48.554360418885885,48.141924263071985,47.668855554592774,46.99345182566389,46.51434207894181,46.14672053808499,45.25431082593763,44.85301685044819,44.34897168068529,43.95244525973999,43.683381439736394,43.18682817755644,42.576098435870186,42.14496296531838,41.75110088490785,40.94936226206267,39.939066138483945,39.39905239218019,39.16710134650203,38.48903421075058,37.915614620890885,37.897973775557965
99.66049872357411,100.79178048068162,103.9090116104423,103.69283035759257,103.8790583915424,103.78533070534765,103.72284960488541,104.39318683118773,103.7575378329682,105.04286804152967,104.06147403686516,104.30368328300307,104.13729072170197,103.37329383322428,104.0166596839456,103.79839621177582,104.35023132942193,104.24551652456465,104.94910276904669,104.97331273870158,105.14041124396185,104.45738202068236,104.32310483881135,104.5268624266597,105.23949648526018,105.79222846114924,105.28659842146969,105.67023646853193,105.92096205058652,101.09812465196389,89.29731035491278,83.41151275382337,78.96008009961709,76.11584373363411,73.97341763068431,72.28258211080772,71.63580107773845,69.62597415231149,69.01970311244513,68.40951814215406,67.24931308940127,66.3932075360665,65.6962760142395,64.86015185056249,64.32370157569314,64.01900806838576,63.517075625118274,62.37288580715177,61.946653185361754,61.64619775152324,61.03357763256705,60.24163241811845,59.94058907304812,59.35278522611969,58.36374552218896,57.77572805792525,56.80012087929075,55.9013973567273,55.05150842976595,54.06684122684886,53.346780396750056,52.20368154794807,51.44752600409446,50.85462596474549,50.360794087508985,49.63041031853563,49.21878611796237,48.44629841785335,47.94752112944658,47.30466865206568,46.85221292926055,46.36074595565884,45.588976340606614,45.328512887305635,44.73123650681496,44.292846898796256,44.03009970518264,43.339915087284204,42.55624909216845,42.08113350414493,41.788071783070414,41.27108032142852,40.940872563185664,40.449709826109455,39.804590373733404,38.95976152592252,38.29156989375154,37.87486468842169,37.77933399699158,37.4333922588237
98.27281268536292,99.23166005030265,102.38415555335779,101.731284957515,102.44800798029551,101.8885790823067,101.83031174171147,103.00220887132538,102.24384388106557,103.45959586502214,102.60713751764682,102.46100695407803,102.55739213751326,101.5022698322911,102.55805858939287,102.17490724014264,102.91829488247397,102.47418122703728,103.19434746659869,103.39168084536762,103.45377092315232,102.92076844407363,102.83824359405084,102.8757315706078,103.46674472066518,104.15132292735257,103.82903146672624,104.00199973484689,103.46095612629485,92.79218254385897,83.56898402525457,79.24962905131692,75.55731322605415,73.16008082864433,71.96140396962258,70.33535347305006,69.20123731322292,67.50389581980157,67.01007337845418,66.72851668645647,65.50760027675005,64.98450187394378,64.26670980754628,63.40691471585779,62.69622533797516,62.35639652275422,61.92023941782387,60.79444512715139,60.532001341241504,60.22354475480333,59.40938931940747,58.86385922416716,58.8125552270482,57.70854699609523,57.02951608909419,56.50376220390248,55.476879774345385,54.75336360824836,53.698310229093586,52.91273063069888,52.18501975407299,51.097944743553676,50.64006777623012,49.78684874863896,49.237387943586924,48.66885629833953,48.19846613705237,47.67552758586958,47.02359441430993,46.54413566119479,46.14655745102892,45.58279928254149,45.2029348234147,44.60976135584006,43.89607017475174,43.592045777098484,42.94051618925838,42.518626841647404,42.30156064789208,41.815308603754964,41.06052895395191,40.70342255715178,40.06303461107148,39.59474941462761,39.263854542073744,38.76678046795413,37.68622882964509,37.1741300314604,36.850722716603904,36.49997303973974
96.64245831045984,100.51956614771886,100.67287318802516,100.3055874788344,100.60894230181582,100.56133589847629,100.29999178923352,101.12639122445648,100.51739815977892,101.84549594010669,101.00351518632418,100.80953195122805,101.17092606044183,100.0756756223808,100.92724039551992,100.45171170744123,101.38847929351071,100.99803838382435,101.83586092536797,101.57796184556831,101.86245966415896,101.52295597496408,101.32866272054612,101.12053012550759,101.91679937952972,102.63283481645546,102.29491885774814,102.37103222846035,97.15556032637933,85.88596644994108,78.93241168061813,75.74247932450655,73.04213944992864,70.5629477061739,69.09347022920524,68.6415488046038,67.43319292172492,66.17111473834088,65.10700313433178,64.71062043873683,63.82719186191864,63.578609970798624,63.07285222116797,62.478223499927644,61.55767465356319,61.07086601567027,60.780296648099835,59.89610642855772,59.32221733728469,59.02654661960194,58.16905810092755,57.435915485117626,57.341985711201026,56.63950705634272,55.663584195194744,55.211926027535206,54.31770993743745,53.59358150030351,52.801282472002136,51.78814771869733,50.94869499511484,50.0416622974824,49.6797559885073,48.70662746462201,48.235391898197314,47.50787696636576,47.27332937973025,46.859093883055145,46.149493231540504,45.52170213583372,44.92113613112259,44.69898209680718,44.32735149845346,43.974904579114934,43.54564492957817,42.852301350245604,42.449632605658216,41.784815124051036,41.30459640044241,41.31523808050407,40.77728156988929,40.36807493665268,39.735307170520265,39.0933384475791,38.3425611085029,38.03053617511017,37.451292878647976,36.703476920037964,36.43035304650129,36.0329778247737
95.36477112868197,98.70454305311578,98.842578891174,98.63687008947569,99.05497762818425,98.89017324098415,98.92619790279112,99.67382824883339,98.82349210080362,100.34278426907598,99.35451640429632,99.31873012721378,99.69587851291594,98.68231961637359,99.21803138687017,98.85598480675917,99.69322901094917,99.40149827630346,100.11220415998379,100.08855013730793,100.31237863336366,99.94576151805116,99.7111551151355,99.61350010301574,100.22536032096592,101.2147242264631,100.7742724368352,99.76365564454609,89.46580297416948,80.54164077057428,75.4777361832884,72.738174411877,70.1654459316832,68.26344959929551,66.9066061383249,66.02091907314649,65.85885385947448,64.25840169928527,63.562382073870246,63.239509141467494,62.19933158980817,61.799341394095855,60.894044541543764,60.63457627725101,59.79076276958977,59.54872013986871,59.26408686100702,58.33543971100957,58.094108890725614,57.613554980753605,56.93498841301686,56.1738002182426,56.145596609511834,55.49483494920011,54.69159729571206,54.074127364952346,53.17333245207914,52.677506335740475,51.64418135695676,51.05081168813522,49.81815028849909,48.90401516173012,48.39237882362647,48.12714538802991,47.41432319815028,46.805932350326685,46.2752746206264,45.852374321200614,45.33047115645897,45.07556920260766,44.15921574284469,43.72716945577316,43.20556344666585,42.83913346611044,42.65594170372591,42.21229405669004,41.73172858363633,41.47554662731489,40.670133655563156,40.48488185087338,40.30813246488744,39.6783199972223,39.16374012229995,38.58097476053229,37.68618038420157,37.07280560913692,36.68690706854186,36.19495371601839,35.85315330692742,35.683261850246765
93.82617223665336,97.05469357819881,97.37820256981443,97.15040220972651,97.44531133074754,97.23530182795308,97.37782942242843,98.05986100902543,97.4999118258441,98.80632779959963,97.72598627151234,97.91063711617046,97.74507573816761,97.25421870796833,97.84549817050186,97.29295998212284,98.06307123791369,97.73588484589355,98.52779699106061,98.65352684379015,98.6889302377473,98.59386571714401,98.13360547404939,98.2747258486785,98.76588084570358,99.74256011667023,98.98319171177268,94.28395128360883,82.6297183997585,76.1292755415903,72.33300140919947,70.03086399747228,67.79048220921608,66.01282306619122,64.90910936773024,64.23531731993941,63.584128977683235,62.72531013931229,62.00455890197238,61.61223044367035,60.7223483186049,60.8311942149604,60.17801356400614,59.44474793922203,58.55854176883633,58.10522263673522,57.92194804169757,57.05989007274539,56.71746447865738,56.17079520331193,55.69374542372781,55.003343967194915,54.68783671907863,54.32350808268614,53.56671668261142,52.992888502393946,51.995041563391204,51.3038386152627,50.63653512779293,49.90161189291829,49.456129699072896,48.2531018335682,47.67070643866737,47.032563242015044,46.66477016048855,45.98265780132346,45.507921518735905,45.189527281789445,44.64857507665198,44.129888765036874,43.406983472483894,43.07244097991176,42.49447460970989,42.24906299003053,42.158263519022064,41.48393111906583,41.26450955708653,40.773868624378814,40.10494244512922,39.92611441997823,39.649359271697556,38.91424546117185,38.331312100789106,37.749256304845325,37.71873925653445,36.92815085316658,36.2232213119407,35.76592293489693,35.44318939437728,35.11679191506908
91.99146976171305,95.70036817059936,95.79901101643868,95.7403604278997,95.94631764060215,95.8996742852644,95.72021474033897,96.51895584831699,96.10308421636972,97.13797289878892,96.28838621279579,96.29110889152128,96.32843474777324,95.58258595722003,96.17364514860452,95.78884403288531,96.69654708576637,96.50513611363947,97.05986418846072,97.27331406805526,97.23699074874399,96.88379558260812,96.62726330750259,96.85558983034481,97.15472518592564,98.15009015944503,96.87989250623444,87.05015449162529,77.89312215449159,72.6367642686348,69.5627564017641,67.41164481420556,65.69403238038292,64.38030307035548,63.45202202080998,62.79533500013752,62.022109942077236,60.75116389007775,60.577215635398694,60.23457271360588,59.17492702725924,59.107238004791036,58.589317221769655,58.00029641194369,57.207798039397524,56.6760175572898,56.80907414699114,56.01800727351402,55.47699587016453,55.2241119341744,54.59740390064391,53.81861294798426,53.54498965280331,53.015832867207955,52.39971037582186,51.73417658396124,50.886955916095985,50.28567227403883,49.522788634833205,48.80419746953182,48.15838749045627,47.37348054267323,47.03910437733892,46.368866364753195,45.635746509828834,45.15542292708893,44.5900963589471,44.298828192325345,43.9392136259335,43.24479108165023,42.90460071320908,42.41988509971099,42.11781416069577,41.70806565026792,41.334207382721296,40.74509891156426,40.262940917178575,40.15546863371498,39.77273674100328,39.256683831219355,39.08618559191314,38.63165188467213,37.95318420645514,37.33489034026853,36.81860122010528,36.15089400008015,35.4869292875914,35.08837185266072,35.00907785296947,34.49330305149278
90.3642030671199,94.00063276458896,94.32736373877056,94.13438963847055,94.81993493337406,94.29882654646121,94.37462079480595,95.1211108710474,94.52994362423492,95.6284658118834,94.8352220079857,94.75381584465674,94.86348724254712,93.95187585156252,94.71155381523097,94.47647263049471,95.45507959924589,94.94399428247289,95.4632550812576,95.78474641678253,95.59388256596594,95.45158137670369,95.09215111747856,95.39211391166789,95.78481113956195,96.6021918834154,91.98652303213088,80.60292952317113,74.28412952385905,69.75594555169322,67.24760074096623,65.77291078353254,64.41470735254363,63.09883887167707,61.807516602832855,60.84484226977889,60.57113398205317,59.62912800867765,59.007214432289025,58.83513100861894,58.014630892008604,57.56003114216918,57.28277182640928,56.915931986788145,56.1008019516402,55.635477884800316,55.25074927527458,54.88275312157447,54.18858975926123,53.882119661076054,53.415519698198345,52.66913162330433,52.744123826107995,51.95834369129051,51.36872322452797,50.72613463924193,50.01058085562673,49.53981137263145,48.534439025234285,47.838965113766555,47.32979025518558,46.5785581596544,45.778621374122736,45.81008531674703,45.18599342216684,44.40076111447363,43.65830825860497,43.35910636082795,43.150308703307985,42.81060916286092,42.22484029018264,41.957500400947914,41.45918686313902,40.97141862859657,40.68732576098455,40.40946398622314,39.53562431837581,39.318763283992205,39.1657269330945,38.54796190962753,38.11002102540391,37.9907146530225,37.55932639394623,36.79848964572818,36.084020841928144,35.67395556341701,35.02662846686391,34.73619432183151,34.54534947929038,34.12570905948746
88.83070038613586,92.61136593221396,92.94477470387788,92.96650105019914,93.19934016077279,92.94249459048574,92.92361976370985,93.66479452849738,93.0515160467855,94.13912537076872,93.19722224932775,93.41855730173171,93.31199118020135,92.39884215449702,93.30806087062221,93.2246741060485,93.77871149353047,93.40871419983527,94.07157577575528,94.29101759557206,94.13192906421078,93.96635795293979,93.71367705225744,93.9215710714451,94.22580351284891,95.01723338664688,85.04374368507847,75.7366738504693,70.98006362259271,67.73018194839746,65.10172431426052,63.95076496316932,62.41329675154424,61.600668349659735,60.01220400993828,59.343781928461446,59.00803801958529,58.11537260057162,58.007869262593005,57.18468845280608,56.43469062626684,56.5028684711169,55.95890944276715,55.68520679816177,54.96311637294212,54.45010568314368,53.92353455954978,53.53704290988597,53.135484427251704,52.610830964125476,52.08211547841964,51.5394137577481,51.732756624418535,50.945961889270734,50.269966420480664,49.5558650259541,48.848514609166834,48.528060446749826,47.67392067800836,47.00823374257836,46.49893715216734,45.7201962666195,44.778523090570324,44.598985757694315,44.469606994432986,43.93732156895414,43.43018899581662,42.59056318139996,42.40420390106532,42.17730790915983,41.560392774162274,41.09792005649357,40.82577577242544,40.41130617841004,40.21546278137044,39.710671845547814,39.30107784385678,38.77152149990793,38.72019833298983,38.26232388278277,37.76235351588017,37.31021580564317,36.74870431065291,36.359006702734284,35.87017103597987,35.206317313038824,34.783761564315895,34.133934202516954,33.97765669787271,33.72750919292203
87.35986855025199,91.30321219157962,91.70308346782741,91.21073635305845,91.81612442593716,91.61957024355961,91.34815818056073,92.08973165312158,91.72335448800561,92.62190330550344,92.02178222665383,91.90600010000217,91.74813007494144,91.19033821989915,91.81696096244109,91.6775512960408,92.4216019445422,92.01690815818351,92.75748499964176,92.76093693020006,92.83037326386984,92.3625610205414,92.23618912786814,92.67495222376174,92.45976412544701,90.28336711446674,78.72800210385735,71.99548484820654,68.16313880440454,65.60402891954408,63.68526040542725,62.385204322014935,60.72683934732163,59.837025559423104,58.42699736617175,58.05171474733015,57.77073278666894,56.72271875972077,56.46296778788953,56.299674127064,55.7231226230388,55.218460082808775,54.7936367956169,54.15327885668602,53.74663526694864,53.34077036355154,52.93476219260242,52.411650257979915,51.98577569659108,52.00151170159001,50.98878407108103,50.35111175242411,50.26348781830103,49.93136427323549,49.40483493468438,48.45775835627927,48.010575446682026,47.423691127773196,46.77161048575064,46.23738331020712,45.6705619919688,44.9441624025277,44.199770122610154,43.69195446567944,43.611104388966474,43.18477318831891,42.525378504780456,42.002127194574086,41.75645559246981,41.37692493871988,40.92918857160374,40.40914157753909,40.30740628080464,39.767877680403664,39.389999225975146,39.18049841360508,38.827184382316155,38.37073637014433,37.933506854335796,37.82674127417006,37.682652452722216,37.19806966233051,36.62172650032715,35.866425883137005,35.3923577789871,34.98242388878541,34.68193211749851,33.678932192681565,33.13104362211874,33.41029340628316
86.21824370842548,89.91847851989174,90.28400842045359,89.7265164596839,90.15202469605049,90.2546227100355,90.15352460709431,90.51754262256772,90.23317374298551,91.2959860801065,90.55228134505084,90.4955886090719,90.35150214661492,89.84997553276553,90.27051592275977,90.3824011894269,90.98612812850831,90.60144157903444,91.20528525457455,91.28107495023913,91.54544175814566,90.92245831600131,90.86100622564163,91.05902295429735,89.77583283775475,83.83496101654204,74.09222459253037,68.81488068911405,65.81211661218173,63.63392241120232,61.7429024545128,60.64044722843332,59.39795769267204,58.27302293585111,57.027305987368806,56.60337414579177,56.375268468362755,55.62926935924089,55.19844182135716,54.84555160496225,54.20488647593378,54.112573777884926,53.90007183502666,53.194763744695,52.61357867165848,52.223121033803686,51.990500085971604,51.555862999232296,50.867839778425186,50.77633391084671,50.044411699206684,49.501142847344546,49.33534210937413,48.690915755595114,48.695481984313965,47.87887321917716,47.1293440275409,46.88456937655462,45.79580419807008,45.29348911633344,45.070827763115716,44.01105200034565,43.50579699724394,42.76090616463784,42.553679776127034,42.37301484981962,42.035310122602695,41.250401660155795,40.97099830738287,40.61190703371857,40.54637729785538,39.82803185404963,39.55514465251281,39.198198922872834,39.01182072797108,38.507726792340705,38.25097958477357,37.875661240918156,37.448344331484606,36.95203412351582,37.01996913381226,36.777877553046736,36.33131008424636,35.40125686523587,34.822426620212354,34.182711686387115,33.86611628734831,33.49407597963751,32.87809879148313,33.01890299537876
84.88454714066854,88.52812747425175,88.71533831219699,88.49326802575793,88.73339615273186,88.65592940920901,88.90444195070368,89.08612259226199,88.91512546980982,89.77840516394849,89.11747870624664,89.13090284492459,89.19649704463,88.31106507494628,88.99204447443368,88.97647412711258,89.61513321982943,89.16513251406955,89.64227191599754,89.84907474519882,90.03324457378216,89.70872341111463,89.43833310175141,89.67519203110423,86.89797487841724,78.49357326178817,69.95867314283565,65.45324728207473,63.133203150144624,61.454872939444705,60.07637093076311,59.12738703367585,58.36250006048886,57.24259235416281,55.82660076418045,55.48258676477568,55.13634189360655,54.296935950617005,53.96069959529074,53.95913026532264,53.196794080159385,53.08594669446423,52.67374271465375,52.124100261693684,51.76377305916358,50.96684849936497,50.79025712889109,50.32781012189272,49.886920315540216,49.72997720552298,48.97625956154996,48.46916218231592,48.24887915005824,47.627539880402026,47.29455446471391,46.69413794390572,46.08118160598415,45.92479625791389,45.01979173178751,44.667677361090426,44.13537259895076,43.51814026672984,42.71468579370971,42.28196940497874,41.79368343846948,41.45578024372697,41.31970792882665,40.73652731760593,40.312662256132334,39.714100397189476,39.45082585869002,39.40330741676611,38.625822470435686,38.54898012559001,38.23438501748864,37.940655957534375,37.68036743178633,37.52424597842454,36.98459148584835,36.44698032997004,35.90346182045456,35.8766984047315,35.82511611121192,35.345590656872474,34.46226620119325,33.471865652045174,33.10668170325971,32.92896088965522,32.9533658897528,32.5791474864623
83.74681011512217,87.20468404357506,87.39288231792843,87.12613931854973,87.4431763240654,87.29817954010913,87.31032058374471,87.77676042957505,87.54513114738042,88.35798269625265,87.60041649857841,88.02329729622488,87.77971734047043,86.97864338029056,87.7989119608204,87.71685140955681,88.20260658617082,87.76563019513054,88.33128208711281,88.60549950931835,88.72738352098192,88.26120683028991,88.18678720184073,88.0537672433938,83.32991102514883,74.23262812302822,66.48291404639512,63.08066942522343,61.13909783764216,59.61526502987875,58.45593768985029,57.26692177218195,56.538278654914514,55.89049017028484,54.587690935079046,54.32417854102414,54.03004732720353,53.0962581361747,52.74708497993248,52.69082706660678,51.853355395523614,51.68813343434913,51.54056301488301,50.82182956269185,50.662168443676784,50.14856254958488,49.66479286725117,49.34912882625023,48.74158506957903,48.542201570322504,47.77864907962462,47.359567848609096,47.28427613351932,46.93466753045448,46.33900558709541,45.949086209576784,45.010777445651506,44.60101433004383,44.089154311630786,43.48251408556723,43.12112095695147,42.555924888740755,42.10544438206012,41.70960419641043,41.045329298714094,40.652016285048894,40.32047644039604,40.143890643601544,39.87197693040151,39.485364441690216,38.811615522592085,38.5838552293267,38.37516521237392,38.00855896527646,37.787164996065364,37.680854977934814,37.0791609303159,36.877805033263165,36.795402748779374,36.28741826519349,35.622913437754335,35.33497889552226,34.89832072992429,34.722212606254914,33.981889394272585,33.77042844968382,33.201975407211044,32.82726142019003,32.48299408798155,32.051045527308766
82.49647219252275,85.95573341428953,86.05805106980489,85.89659610761196,86.0500165960131,85.99680689879052,85.81481322044486,86.66363940583678,86.10262697749437,87.11496969169245,86.25542628888167,86.5774910464594,86.38714263925895,85.48120830856908,86.53197322487904,86.24095668957243,86.87157441635314,86.42238560516246,87.08671616056104,87.26188736867259,87.47955515945664,86.92057273532835,86.86024551549654,85.98925700093874,77.54618164209428,69.1719267102598,63.91356351227778,60.96305081660785,59.34078026143181,57.85057722620042,56.88005482456244,55.703435900438876,54.80530820083482,54.30296444335031,53.323195746810576,53.04957494796809,52.553738241432,51.84458893493727,51.50657621249337,51.413084182906964,50.72162335600507,50.41578915084051,50.35623546753492,49.92302667100204,49.41912656562149,49.053395436096075,48.4355653343055,48.34725068753885,47.879825514502045,47.57002168796808,47.02865204372838,46.428621011406904,46.47500972184212,45.92033161063146,45.38218602696822,44.981597129357816,44.126118101690935,43.872707727817414,43.029840541867884,42.74551639586472,42.324012465811386,41.56558521128229,41.14011091438784,40.791851500119726,40.478290600004634,39.97012119453416,39.73957159414058,39.54838116401208,38.819070478520494,38.85610291795634,38.41890761035404,37.92691245295155,37.60220849165443,37.445691019184146,37.13410395994564,36.71851958725167,36.48653314815017,36.27120255197242,36.0708139204787,36.01125102326962,35.82030836864225,34.977112463936116,34.37697237513388,34.05986532005639,33.39730278650132,33.24202824529568,32.5623991690186,32.247976401916254,31.781044785570487,31.957103467651752
81.5917424547506,84.55181351228183,84.86942973577463,84.63320520294874,84.5903028627496,84.50157982686912,84.46654499352012,85.42677181080576,84.78099586415242,85.96135016085917,84.95040516460729,85.18246867317994,85.0269457294856,84.35596472462531,85.2891346374664,84.72564905839941,85.61253637867686,85.066579953414,85.69851065028905,86.02506377493019,86.07770597080513,85.61251059965502,85.44033325212912,81.4859024456133,71.93888385965737,65.73779620408472,61.65662818163859,58.96533083239302,57.565944955323324,56.59357151787595,55.51155542396364,54.451267663591295,53.971971429087866,53.046891461090695,51.937801091782596,51.49358176065521,51.426563724317674,50.92802284226252,50.50780980404994,50.45276244822204,49.55423962119534,49.23902919586553,49.12410976509593,48.79598899268416,48.09264855771105,48.071704032132516,47.27677776025771,47.05893757798901,46.843086498691854,46.53061657566113,46.03205621103552,45.44698751915153,45.3675016972667,45.06657695013791,44.56099719902527,44.15414791620313,43.26859550150987,43.25549211018602,42.25085403582972,41.87301456555547,41.36844854690234,40.895678069389575,40.36333243978482,40.0942057518284,39.76045688078107,39.36154538538141,38.96488602880124,38.922116709705264,38.476293073168854,38.00782683452975,37.957316117799245,37.44983049497812,37.13871339522737,36.745940494949245,36.568507705018014,36.32357552687785,35.821543806920126,35.84510521944022,35.45470578840591,35.457682810041234,35.146076946550444,34.653438648944004,33.79852531640267,33.585497207961055,33.19147140611628,32.672589029643355,32.350595223359726,31.812306735877794,31.54641292167734,31.447522275215846
80.07585596611626,83.20996907774048,83.55642232561947,83.44306809638651,83.02901836813852,83.33109564623584,83.42531054994659,84.01417905632435,83.46580444765573,84.39624038438262,83.59452743891949,83.96696707423224,83.81902019161716,83.02840429073518,83.97904483466203,83.47428866907016,84.2006333507858,83.84290501329137,84.3347171928773,84.84861467152335,84.69917819210347,84.21628065964869,83.81327020224886,75.74344295441871,67.94598178050079,62.93854502581042,59.68506462235149,57.292980454795476,56.064464143507905,55.1996280106793,53.861740036179896,53.32528116657415,52.757074559032226,52.40906661250022,51.22129784729443,50.61852035440864,50.31940853384591,49.63855939228105,49.51014150926131,49.0840487673031,48.79778167270322,48.349679630226554,48.13338797807378,47.68844716301701,47.20031422004954,47.03818476047897,46.34472188639501,46.22320798226064,45.7945800091893,45.612642636417604,44.91298843681172,44.74903817814495,44.329597726291716,44.30307250581813,43.872845037579246,43.267522283700764,42.65078803456179,42.53442077361169,41.457575951046856,41.298535376791726,40.65679917029107,40.178355890356436,39.63475615396465,39.14576149848374,38.91389858720332,38.78598374199294,38.29901810888574,37.99137419433034,38.02417143339794,37.34643519363708,37.35252815994239,36.82683506412633,36.55205820222496,36.001321761316184,35.99629405440525,35.94015834614995,35.58454494689195,35.28323947659744,35.03047175545731,34.39944415501397,34.596695195184736,34.165835521854135,33.64431924528398,33.369358943785485,32.68759931780254,32.134350983879784,31.690362735803987,31.405071406142156,31.206020499917248,31.02132925098552
78.6197341574178,81.91628938521569,82.3350896046061,82.02323371357566,81.85551544177363,82.12853900467135,82.32210484096724,82.68986141501092,82.1360376695374,83.04815922219375,82.39269470475662,82.53650519771178,82.6275225326479,81.91412553970365,82.49015287370685,82.16651793466666,82.83266792348184,82.5563129976873,83.15075940529937,83.38172278149831,83.38252664218547,83.03001738342736,80.835916206417,70.9814590463735,64.37869704869958,60.5528100180556,57.67213810013706,55.757021852264735,54.73403880630934,53.80306798535799,52.62671957480419,51.975865950788055,51.38506429695918,50.73162813512054,50.02180245818443,49.53659942580632,49.45631559067237,48.73364440808541,48.311891259660285,48.31708665434817,47.677361206027534,47.334986052624856,47.2520589893109,46.566917289969076,46.29663139508536,46.12677812016124,45.28161435249101,45.197151050090945,44.848841311383126,44.71258546286925,44.035829321324854,43.85757628862012,43.35753519994622,43.30114061117831,42.85742422743368,42.086394712260194,41.7116572946251,41.37718500261144,40.583069189541554,40.289199909172815,39.89523474957285,39.41051960663187,38.732341085363494,38.570334934061634,38.24615006038906,38.02990511740724,37.56978648289263,37.210626970979575,37.156554822406605,36.94405482588558,36.59808199289201,36.23718008322046,35.96166074258581,35.74034107263474,35.311760896812146,35.26439113991594,34.985352137356614,34.634263094813456,34.51877001957846,34.09994625885822,33.67607996709558,33.6453197293906,33.23142034801281,32.909048757042726,32.74979180390522,31.761990385106603,31.445758219188317,31.017734726729085,30.72696309606354,30.760229268997506
77.37265671456917,80.7752422045581,81.01360521568206,80.83434479418199,80.42475244304994,80.94010164437802,80.93487100169644,81.35249922549008,80.85918799683388,81.86841745604416,81.20582647309736,81.19358334669441,81.47377758387377,80.60221278747804,81.19747037676983,80.94746317771835,81.51654608636053,81.44337773456353,81.99221736526685,82.05463532746708,82.09643746552908,81.52679067882049,77.43060907589555,67.17231190191539,61.58882005394631,58.7792051127039,55.87591676917835,53.79675759382096,53.31056322425536,52.460793580524836,51.73351219363277,50.98793341861227,50.3102645986501,49.92434390086149,49.145778319224235,48.357234739973876,48.36771115318194,47.61144432222924,47.27353263951573,47.13202375341175,46.678421588898516,46.47987000099908,46.36125565220335,45.73473744279858,45.391876364494834,44.950625112285685,44.47580276422071,44.11717892712164,44.021790197320676,43.82236174415763,42.99237115808385,43.05608932412662,42.67261581774204,42.47604529229422,42.140587999806066,41.613447320072346,40.90552891257192,40.47894680216401,39.92189765334701,39.486002004304815,39.12028093078071,38.7375458966913,38.336895759610584,37.84765499385336,37.51615158671439,37.208984201976655,37.127706325164716,36.80377876903068,36.446186977729404,36.21101714441055,36.059209822340144,35.654139406523754,35.59807022141796,35.13564728441957,34.64012801917432,34.53734877453184,34.35906371824217,34.14070296596403,34.0102217909595,34.017848383050485,33.372328298599825,33.07777559633263,32.5488083171875,32.228180255954086,31.962517771381513,31.58156839116313,31.212888760373506,30.900919170905993,30.410318806637306,30.497782948834807
76.1639370283951,79.62802275778391,79.66461512878006,79.37443104280162,79.26887624753847,79.77431076046948,79.4351883151371,80.10164387064624,79.83892175744649,80.65141411218788,79.81781027543256,79.88037419830118,80.02079088762613,79.53369694845203,79.94974597650676,79.68212213633717,80.11678763018517,80.30530557192212,80.58017569251894,80.79328515887904,80.82806370271821,80.06089919603293,73.95903101766466,63.64761976260223,59.162224427406585,56.3945106906767,54.42476702806686,52.392965443852255,51.67321517088761,51.03577532643879,50.18154123985306,49.60166597890507,49.20181213426443,48.917241588997456,47.906685374472566,47.45380678071993,47.342648480610364,46.53147134828729,46.150197478151235,46.0713236399393,45.769623802864146,45.533812788637505,45.42772890580099,44.90935840311371,44.20219538702212,44.22606937739747,43.817769085136206,43.51686289887733,42.985321071205696,42.95465273177112,42.12850630226817,42.09968329547896,41.9205314325564,41.66132505751106,41.21710329415013,40.71995235373502,40.113630265641824,39.940825727253,39.053793762852415,38.80652314133913,38.405532102489396,37.82590504994021,37.517240974964274,37.21062531549092,36.91951045498824,36.6307038752641,36.159741643147505,36.30225655128987,35.824175121491876,35.735722045611574,35.21674953682525,35.28606753916578,34.94060990795176,34.474206005600166,34.47482724841687,34.176597628477744,33.80268991561004,33.708165198621344,33.54795360565978,33.203544877761395,33.01289309491266,32.731212166961896,32.577000061136054,31.696542645304092,31.568664393957793,31.11603484769843,30.7179152650708,30.49163297416285,30.730201886829352,30.252545153797275
74.86236435306655,78.5280850856032,78.4505752529683,78.15188629703788,78.2225819632127,78.39107875460067,78.41018080703991,78.7882175436984,78.54950036810654,79.26526270625466,78.64729574313974,78.9109735973026,78.72647816666849,78.4364441530508,78.6371650770388,78.31700045068433,78.94654773273258,79.05337415209569,79.3747569177105,79.50859386390653,79.48162475558233,78.72675971607401,69.40935974300824,60.33863485951624,56.76999683484305,54.29571137839981,52.74266682627365,51.355322146573265,50.53196076986316,49.63821873157062,48.84051560272883,48.163831679208045,48.03088914718035,47.587905669300476,47.155086245160184,46.655713322411856,46.35152331698217,45.62447562607985,45.40643806867439,45.2715464722341,44.71029317978565,44.49293760281336,44.66459493545736,44.01498226667704,43.45620842740585,43.37618505973753,42.736656716334316,42.67917290982147,42.16482965879848,42.11631891853522,41.53354395745857,40.93456361040409,41.22222641496603,40.97441196314407,40.60367518993164,40.034102915949184,39.08545287209349,39.1108701753669,38.514226713610924,37.93740244487193,37.7082574029572,37.1189705228954,36.94009164259884,36.59557429489935,36.14670437883121,35.89360488927003,35.640963117926155,35.570976926180926,35.10536202236291,35.02491074335729,34.89407008043805,34.48910907328079,34.16975244855394,33.90045848278771,33.6262356391403,33.59674483253511,33.542846010294596,33.28857228353876,32.975273268416814,32.57799339936775,32.51877507617319,32.21087213454626,32.048265461625824,31.53622253172777,31.193545044630284,31.01264602145496,30.61595430968842,30.524260766619776,30.068085971764475,29.811595882976672
73.62821690212009,77.18010344753519,77.25269907329921,76.95283669381777,77.14113342997551,77.13040308451242,77.20632608595908,77.6719480749331,77.46586786282934,78.22555850795806,77.44660511341156,77.67785569651352,77.57413692585244,76.95190749250844,77.54105184754361,77.1155796000751,77.971013377513,77.76488383721384,78.13449400645395,78.26437669264631,78.31482231825008,77.53637467362772,64.84823033038427,57.8693093487069,54.73708680439074,52.90769686588982,50.993403849144606,50.13839322610724,49.52801370313722,48.621893478517414,47.826457565065006,47.10794190542831,46.82429089314661,46.56084352990292,46.159250640544485,45.70782820909326,45.350958952899596,44.93816748608173,44.52002690420776,44.47354700722238,43.92349711230013,43.62681097896783,43.773296270360284,43.003195494764135,42.69056196750994,42.53955649773702,42.09835987957039,41.87520411732276,41.379100208407884,41.171552108837496,40.66385935255354,40.25802552498707,40.227419799219426,39.80459208398364,39.81537108168016,39.32177926231006,38.39187247639557,38.018488574447105,38.04540980222935,37.249893156253115,37.14607058711463,36.326019467671536,36.30554315221867,35.96545150823341,35.56965263695058,35.25952984155517,35.16760716286796,34.72926904946606,34.62100775362785,34.34399573924659,34.23274333434046,33.72101066791032,33.63884186272135,33.49862680064384,33.29668211183502,33.248461324389474,32.81282843867073,32.78607964501435,32.71979353315346,31.88551532192808,31.944253708452695,31.876882967957858,31.48163201884988,31.393108614552247,30.67394247223029,30.411109890325772,30.52602545599044,30.2079292114891,29.921651556344685,29.540993325312467
72.36821960148077,76.09724766237541,76.19958534712424,75.75844499860746,76.09224925360114,75.80534331750194,76.05252549273577,76.36138084078344,76.4087539923852,76.98165863554463,76.31659805103443,76.4133140832718,76.28443302164216,75.84154120134532,76.27901320486404,75.94018715401207,76.84820783561211,76.5445826962684,76.99653101866413,77.03039815455342,77.17571014379718,74.35930793954722,61.50320347878071,55.93558531340853,53.09882064609375,51.39018337855168,49.74754362178526,48.82538867771763,48.513525507777324,47.35450422001205,46.7233980396144,46.24822602038278,45.76561447874409,45.39774152061724,45.149690663098085,44.512153294981296,44.1366187010743,43.79651975131991,43.534037145538406,43.578750157029184,43.07607988499151,42.51767238813296,42.53843956089829,42.28801992963161,41.62426355022212,41.822699393707175,41.330869303128445,41.01798168047204,40.534595776487826,40.32691785750294,39.71070753313524,39.50012856321485,39.45536928613314,39.02194883856055,38.81523780988996,38.53124112995248,37.9296713284978,37.44718921624659,37.081378717584535,36.84584311051892,36.36514703880264,35.66210765692503,35.439022008847964,35.2487551109606,34.89334015462935,34.82373179763554,34.51914231836865,34.27003982617463,34.170480261369775,33.69947821725111,33.54457137216163,33.51778881996477,33.051108295676165,32.77604870345049,32.57806157348456,32.71591920930358,32.478384418825584,32.17495317312844,32.04964056189118,31.93462958152081,31.518891268189567,31.273611989167037,30.83644254515642,30.806662624029443,30.673971855067037,30.147840857823827,30.148978723044838,29.61235396672656,29.732719926784878,29.421799028040127
71.74328420608116,74.99927496085974,75.0569172362078,74.55320453324136,74.73202853579959,74.6075798744954,74.8519895815894,75.18515657623723,74.99193520619724,75.80475382907294,75.31058856402815,75.17017319072862,75.10568791144226,74.65411577587699,75.04514233201964,74.86774892705981,75.67424393678762,75.46201967043108,75.73134220691212,75.89308988027516,75.66980751616823,70.38092085040627,58.904281559040186,53.88477847141132,51.766206661447804,49.93685067635429,48.785628769735105,47.34153034524638,47.22470928638638,46.56339345204466,45.6446092492336,45.09329042547242,44.8461628121296,44.41921869229068,44.10674537157531,43.57836135183043,43.503004435640754,42.87950910286964,42.2350022433388,42.39776460581493,42.461823013672465,41.85912531641981,41.7039949673716,41.22918679713913,40.6755887558461,40.881579773528735,40.498123641924884,40.290970905895556,39.74590529840318,39.57348731538227,39.10865146563855,38.76517920269212,38.69002386267351,38.331595567522854,37.84471946902317,37.60262257419219,37.23429589870537,36.82895658717226,36.353255931470365,36.038968653024725,35.818615608389216,35.4347115387029,34.83498607315472,34.594503185277766,34.43453907288551,34.18226931835609,33.846171762055675,33.680747187449114,33.46493747832989,33.21456759951213,32.86906406809566,32.90282944818278,32.8025857172021,32.31674219596787,31.902718901389107,31.65580097006712,32.05457849986913,31.689149740425847,31.458915478431418,31.43092680072404,31.021916943341253,31.088866260816033,30.672733648791354,30.12681971590587,30.28687137715262,29.99755343970638,29.454817328359336,29.575397743363798,29.140790481326373,29.296670359197652
70.63747936596715,74.00403753042855,73.69110782975322,73.42622934407493,73.56793439648835,73.53782340439837,73.64027287421813,73.98421447602622,73.81420387618827,74.61550226142352,74.14152427926892,74.04898004831612,73.92350645349397,73.53599565252163,74.03129226477031,73.75365039327443,74.48030031460584,74.31232109276124,74.56343294975666,74.75591418680781,73.22981358442193,67.14551595490653,56.453103263012366,52.1436475455591,50.562876047201236,48.741368977791645,47.6390662346658,46.47892704320757,45.883389200624386,45.52558081744528,44.66190396753637,44.253670953585775,43.913933457309376,43.331590730348644,43.12926902271326,42.561047979137925,42.493861441922526,41.92451433762039,41.71857395385084,41.583740238074384,41.27043263644644,40.899617215962934,40.83651417494077,40.362883150156094,39.77993403037666,39.95283350028484,39.78254705921242,39.56093124060361,39.025609533694386,38.96027285459301,38.24500916401906,37.98386658622014,38.097346142930576,37.61140317145339,37.21519030073063,36.93031476545709,36.47152602071683,36.258625533805215,35.66268275340355,35.35264511664597,35.37088487700017,34.67976388629457,34.148300028768666,33.909691101832685,33.84275008162084,33.621416461468435,33.248654846233926,32.96300572887299,32.907635591906846,32.66575519367061,32.34466557877689,32.25111028072948,32.17018190016449,32.101629257653464,31.665143766113843,31.084494721030225,31.26962474780264,31.115415113431215,31.135071579248006,30.932574084546562,30.505191662601465,30.345645474716363,30.09811748741455,30.100096931187053,30.078479722536787,29.67940357677716,29.1594535035246,29.06360137047464,28.974376070816987,29.11757811327078
69.4035582890135,72.87731581893483,72.70066335200728,72.43621521957856,72.41404971276572,72.29387009908062,72.55959112629508,72.90262227397166,72.62222295298577,73.41200216224861,73.07624372543653,72.88880857332309,72.87033848655558,72.35751310367911,72.99209059703652,72.5783120760717,73.42266735272945,73.1497661964556,73.36114470783971,73.5546518986495,70.71692059258119,63.59034566969615,54.03013683638623,50.83459080576836,49.310100290205746,47.42905414751143,46.40837123899407,45.262551851600556,45.14552172021189,44.31913945171851,43.95064884773166,43.38543625378074,43.02963452902382,42.464119709363466,42.13495485288785,41.63565748602109,41.49651215292868,40.88086129137805,40.79552132641704,40.67623070611911,40.26080654470484,39.86820502760748,40.239389538067535,39.59240200989884,38.948573987157765,38.980875702023205,39.01144996460909,38.80098071802227,38.37104979544427,38.15674862849774,37.673874595318544,37.330137730360725,37.422824162569235,37.03910293230012,36.359497343287636,36.1831411892529,35.74715787693206,35.532370880751344,35.11290068061276,34.82961168714891,34.619256966183755,34.13655481335349,33.64346567163156,33.292746512633606,33.17611043368161,32.911266495294775,32.75858591742114,32.504586737404,32.47037975112179,32.09484604602043,31.895474349390852,31.64443487157762,31.610920996303644,31.539142412595695,31.225182345583505,30.9180413284506,30.392035509082934,30.642982376218598,30.67237962992618,30.36189562500927,30.135466401038425,29.76659631048008,29.865523975010316,29.650467618708575,29.601788631591614,29.593601140327262,28.988950334764635,28.604841546520976,28.925540418778606,28.774869781732587
