Region,Source,2MASS/SSTc2d,RA,Dec,EDR3_plx,EDR3_err_plx,EDR3_dist_pc,EDR3_RUWE,EDR3_Dist_PPVII,PM_EDR3_mas,Disk,Disk_Flag,Observatory,Freq_GHz,Wavelength,Beam_arcsec,RMS_mJy/beam,Survey_Ref,Flux_mJy,eFlux_mJy,Flux_mJy_Standardized,Mdust_Mearth_Standardized,Standardized_Mdust_Mearth,Size_as,eSize_as,H20_lR68,H20_R68_arcsec,H20_R68_au_DR3,,,,,,,Notes,Object,dist_xs,SpT_xs,Teff_xs,Av_xs,Lstar_xs,logLacc_xs,Mstar_B15_xs,logMacc_B15_xs,Mstar_S00_xs,logMacc_S00_xs,Notes_xs,ref_xs,Source_check,Teff_HH14,Lstar_xs_DR3,logLacc_xs_DR3,Mstar_B15_xs_DR3,logMacc_B15_xs_DR3,Mstar_S00_xs_DR3,logMacc_S00_xs_DR3,Mstar_Fei_xs_DR3,logMacc_Fei_xs_DR3,Mstar_PPVII,logMacc_PPVII,notes_Macc_PPVII,dist_PPVII
Lupus,Sz65,J15392776-3446171,39:27.8,-34:46:17.577,6.5159,0.0253,153.47,1.417,153.47,"[-13.218, -22.121]",II,1,"[ALMA, ALMA]","[335.8, 225.66]","[0.890, 1.33]","[0.34x0.28, 0.25x0.24]","[0.30, 0.12]","[Ansdell+2016, Ansdell+2018]","[64.49, 29.94]","[0.32, 0.20]","[64.49, 29.94]","[15.87, 21.19]",21.19,"[, 0.43]","[, 0.01]",--,0.14,21.4858,,,,,,,,Sz65,155.29,K7,4060,0.6,0.89,-2.57,0.7,-9.54,0.75,-9.56,",a","Alcala+14,17,19",Sz65,4020,0.869,-2.58,0.661,-9.516,0.725,-9.556,0.61,-9.48,0.61,-9.48,<,153.47
Lupus,Sz66,J15392828-3446180,39:28.3,-34:46:18.450,6.4134,0.0269,155.92,1.2,155.92,"[-13.124, -21.807]",II,1,"[ALMA, ALMA]","[335.8, 225.66]","[0.890, 1.33]","[0.34x0.28, 0.25x0.24]","[0.27, 0.13]","[Ansdell+2016, Ansdell+2018]","[14.78, 6.42]","[0.29, 0.18]","[14.78, 6.42]","[3.75, 4.69]",4.69,"[, ]","[, ]",<,0.08,12.4736,,,,,,,,Sz66,157.34,M3,3415,1,0.22,-1.76,0.29,-8.5,0.31,-8.53,",","Alcala+14,17,19",Sz66,3410,0.216,-1.767,0.291,-8.508,0.3125,-8.538,0.31,-8.54,0.291,-8.508,--,155.92
Lupus,J15430131-3409153,J15430131-3409153,43:01.3,-34:09:15.400,--,--,--,--,158,"[, ]",F,1,"[ALMA, ALMA]","[335.8, 225.66]","[0.890, 1.33]","[0.34x0.28, 0.25x0.24]","[0.39, 0.12]","[Ansdell+2016, Ansdell+2018]","[0.01, -0.24]","[0.31, 0.09]","[<0.93, <0.27]","[<0.24, <0.20]",<0.20,"[, ]","[, ]",--,--,#VALUE!,,,,,,,,J15430131-3409153,--,--,--,--,--,--,--,--,--,--,,--,J15430131-3409153,-99,-99,-99,-99,--,-99,--,-99,-99,-99,-99,--,-99
Lupus,J15430227-3444059,J15430227-3444059,43:02.3,-34:44:06.200,-0.0997,0.2261,-10030.09,1.018,158,"[-0.114, 0.037]",F,1,"[ALMA, ALMA]","[335.8, 225.66]","[0.890, 1.33]","[0.34x0.28, 0.25x0.24]","[0.34, 0.10]","[Ansdell+2016, Ansdell+2018]","[0.22, 0.00]","[0.27, 0.09]","[<0.81, <0.27]","[<0.21, <0.20]",<0.20,"[, ]","[, ]",--,--,#VALUE!,,,,,,,,J15430227-3444059,--,--,--,--,--,--,--,--,--,--,,--,J15430227-3444059,-99,-99,-99,-99,--,-99,--,-99,-99,-99,-99,--,-99
Lupus,J15445789-3423392,J15445789-3423392,44:57.9,-34:23:39.500,6.4956,0.0772,153.95,1.201,153.95,"[-18.940, -22.748]",II,1,"[ALMA, ALMA]","[335.8, 225.66]","[0.890, 1.33]","[0.34x0.28, 0.25x0.24]","[0.24, 0.10]","[Ansdell+2016, Ansdell+2018]","[-0.05, 0.12]","[0.18, 0.09]","[<0.54, <0.27]","[<0.13, <0.19]",<0.19,"[, ]","[, ]",--,--,#VALUE!,,,,,,,,AKC2006-19,152.89,M5,3125,0,0.02,-4.08,0.14,-10.97,0.12,-10.92,",","Alcala+14,17,19",J15445789-3423392,2980,0.02,-4.073,0.087,-10.68,0.1,-10.74,0.09,-10.7,0.087,-10.68,--,153.95
Lupus,J15450634-3417378,J15450634-3417378,45:06.3,-34:17:38.332,--,--,--,--,158,"[, ]",F,1,"[ALMA, ALMA]","[335.8, 225.66]","[0.890, 1.33]","[0.34x0.28, 0.25x0.24]","[0.34, 0.11]","[Ansdell+2016, Ansdell+2018]","[15.00, 6.18]","[0.40, 0.15]","[15.00, 6.18]","[3.91, 4.64]",4.64,"[, ]","[, ]",<,0.08,12.64,,,,,,,,J15450634-3417378,--,--,--,--,--,--,--,--,--,--,,--,J15450634-3417378,-99,-99,-99,-99,--,-99,--,-99,-99,-99,-99,--,-99
Lupus,J15450887-3417333,J15450887-3417333,45:08.9,-34:17:33.835,6.4595,0.1448,154.81,1.137,154.81,"[-15.208, -22.202]",II,1,"[ALMA, ALMA]","[335.8, 225.66]","[0.890, 1.33]","[0.34x0.28, 0.25x0.24]","[0.40, 0.12]","[Ansdell+2016, Ansdell+2018]","[46.27, 20.70]","[0.50, 0.18]","[46.27, 20.70]","[11.59, 14.91]",14.91,"[, ]","[, ]",--,0.12,18.5772,,,,,,,,J15450887-3417333,154.96,M5.5,3060,5.5,0.06,-1.77,0.14,-8.36,0.12,-8.32,",","Alcala+14,17,19",J15450887-3417333,2920,0.059,-1.77,0.092,-8.156,0.1,-8.19,0.09,-8.14,0.092,-8.156,--,154.81
Lupus,Sz68,J15451286-3417305,45:12.8,-34:17:31.071,6.5157,0.0548,153.48,3.402,158,"[-14.243, -21.780]",II,1,"[ALMA, ALMA]","[335.8, 225.66]","[0.890, 1.33]","[0.34x0.28, 0.25x0.24]","[0.61, 0.18]","[Ansdell+2016, Ansdell+2018]","[150.37, 66.38]","[0.46, 0.20]","[150.37, 66.38]","[39.22, 49.80]",49.8,"[, 0.25]","[, 0.01]",--,--,#VALUE!,,,,,,,,Sz68,154.19,K2,4900,1,5.42,-1.18,nan,nan,2.15,-8.4,",a","Alcala+14,17,19",Sz68,4710,5.691,-1.158,nan,nan,1.9099,-8.285,1.32,-8.12,1.32,-8.12,<,158.5
Lupus,Sz69,J15451741-3418283,45:17.4,-34:18:28.685,6.5548,0.0689,152.56,1.494,152.56,"[-14.943, -22.579]",II,1,"[ALMA, ALMA]","[335.8, 225.66]","[0.890, 1.33]","[0.34x0.28, 0.25x0.24]","[0.24, 0.11]","[Ansdell+2016, Ansdell+2018]","[16.96, 8.05]","[0.28, 0.15]","[16.96, 8.05]","[4.12, 5.63]",5.63,"[, ]","[, ]",<,0.06,9.1536,,,,,,,,Sz69,154.55,M4.5,3197,0,0.09,-2.77,0.2,-9.48,0.19,-9.47,",","Alcala+14,17,19",Sz69,3085,0.087,-2.781,0.15,-9.344,0.15,-9.341,0.13,-9.28,0.15,-9.344,--,152.56
Lupus,Sz71,J15464473-3430354,46:44.7,-34:30:36.054,6.4432,0.0172,155.2,1.264,155.2,"[-13.853, -23.352]",II,1,"[ALMA, ALMA]","[335.8, 225.66]","[0.890, 1.33]","[0.34x0.28, 0.25x0.24]","[0.37, 0.12]","[Ansdell+2016, Ansdell+2018]","[166.04, 69.15]","[0.63, 0.31]","[166.04, 69.15]","[41.79, 50.06]",50.06,"[, 0.63]","[, 0.01]",--,0.45,69.84,,,,,,,,Sz71,155.89,M1.5,3632,0.5,0.33,-2.17,0.41,-9.02,0.42,-9.03,",","Alcala+14,17,19",Sz71,3640,0.327,-2.173,0.414,-9.033,0.4275,-9.047,0.43,-9.05,0.414,-9.033,--,155.2
Lupus,Sz72,J15475062-3528353,47:50.6,-35:28:35.779,6.3811,0.0184,156.71,1.293,156.71,"[-14.089, -23.195]",II,1,"[ALMA, ALMA]","[335.8, 225.66]","[0.890, 1.33]","[0.34x0.28, 0.25x0.24]","[0.23, 0.11]","[Ansdell+2016, Ansdell+2018]","[14.10, 5.54]","[0.28, 0.11]","[14.10, 5.54]","[3.62, 4.09]",4.09,"[, ]","[, ]",<,0.07,10.9697,,,,,,,,Sz72,155.89,M2,3560,0.75,0.27,-1.77,0.37,-8.6,0.38,-8.61,",","Alcala+14,17,19",Sz72,3560,0.272,-1.765,0.374,-8.601,0.3849,-8.613,0.39,-8.62,0.374,-8.601,--,156.71
Lupus,Sz73,J15475693-3514346,47:56.9,-35:14:35.185,6.3362,0.0274,157.82,1.221,157.82,"[-13.712, -22.365]",II,1,"[ALMA, ALMA]","[335.8, 225.66]","[0.890, 1.33]","[0.34x0.28, 0.25x0.24]","[0.39, 0.11]","[Ansdell+2016, Ansdell+2018]","[30.43, 10.84]","[0.55, 0.18]","[30.43, 10.84]","[7.92, 8.11]",8.11,"[, 0.37]","[, 0.02]",--,0.2,31.564,,,,,,,,Sz73,156.78,K7,4060,3.5,0.46,-0.96,0.78,-8.12,0.79,-8.12,",","Alcala+14,17,19",Sz73,4020,0.466,-0.954,0.732,-8.07,0.7599,-8.086,0.7,-8.05,0.7,-8.05,--,157.82
Lupus,Sz74,J15480523-3515526,48:05.2,-35:15:53.342,7.0598,0.3909,141.65,12.075,158,"[-11.326, -22.106]",II,1,"[ALMA, ALMA]","[335.8, 225.66]","[0.890, 1.33]","[0.34x0.28, 0.25x0.24]","[0.29, 0.13]","[Ansdell+2016, Ansdell+2018]","[20.94, 8.20]","[0.27, 0.30]","[20.94, 8.20]","[5.46, 6.15]",6.15,"[, ]","[, ]",--,--,#VALUE!,,,,,,,,Sz74,158.5,M3.5,3342,1.5,1.16,-1.45,nan,nan,0.3,-7.83,",","Alcala+14,17,19",Sz74,3300,1.152,-1.452,nan,nan,0.3,-7.813,nan,nan,0.3,-7.813,--,158.5
Lupus,Sz75,J15491210-3539051,49:12.1,-35:39:05.463,--,--,--,--,158,"[, ]",II,1,"[ALMA, ALMA]","[??, 225.66]","[0.890, 1.33]","[0.34x0.28, 0.25x0.24]","[0.34, 0.09]","[Sanchis+2019, Ansdell+2018]","[78.00, 34.10]","[??, 0.20]","[78.00, 34.10]","[20.35, 25.58]",25.58,"[, 0.37]","[, 0.01]",--,--,#VALUE!,,,,,,,,Sz75,151.82,K6,4205,0.7,1.48,-0.69,0.8,-7.63,0.89,-7.68,"GQLup,","Alcala+14,17,19",Sz75,4115,1.602,-0.655,0.715,-7.513,0.79,-7.556,0.61,-7.44,0.61,-7.44,--,154.1
Lupus,Sz76,J15493074-3549514,49:30.7,-35:49:51.825,6.3938,0.023,156.4,1.252,156.4,"[-12.828, -23.703]",II,1,"[ALMA, ALMA]","[??, 225.66]","[0.890, 1.33]","[0.34x0.28, 0.25x0.24]","[0.35, 0.08]","[Sanchis+2019, Ansdell+2018]","[12.00, 4.70]","[??, 0.30]","[12.00, 4.70]","[3.07, 3.46]",3.46,"[, 0.77]","[, 0.06]",--,--,#VALUE!,,,,,,,,Sz76,159.54,M4,3270,0.2,0.18,-2.55,0.23,-9.18,0.25,-9.23,"td,","Alcala+14,17,19",Sz76,3190,0.172,-2.567,0.188,-9.109,0.215,-9.165,0.18,-9.1,0.188,-9.109,--,156.4
Lupus,Sz77,J15514695-3556440,51:46.9,-35:56:44.531,6.4411,0.018,155.25,1.172,155.25,"[-12.550, -24.183]",II,1,"[ALMA, ALMA]","[??, 225.66]","[0.890, 1.33]","[0.34x0.28, 0.25x0.24]","[0.20, 0.08]","[Sanchis+2019, Ansdell+2018]","[4.88, 1.90]","[??, 0.10]","[4.88, 1.90]","[1.23, 1.38]",1.38,"[, ]","[, ]",--,--,#VALUE!,,,,,,,,Sz77,154.82,K7,4060,0,0.59,-1.67,0.75,-8.76,0.76,-8.77,",","Alcala+14,17,19",Sz77,4020,0.593,-1.667,0.699,-8.711,0.745,-8.738,0.67,-8.69,0.67,-8.69,--,155.25
Lupus,Sz81A,J15555030-3801329,55:50.3,-38:01:34.087,6.3199,0.0236,158.23,1.314,158.23,"[-11.426, -22.813]",II,1,"[ALMA, ALMA]","[335.8, 225.66]","[0.890, 1.33]","[0.34x0.28, 0.25x0.24]","[0.23, 0.12]","[Ansdell+2016, Ansdell+2018]","[9.46, 4.24]","[0.18, 0.11]","[9.46, 4.24]","[2.47, 3.19]",3.19,"[, ]","[, ]",--,--,#VALUE!,,,,,,,,Sz81A,159.86,M4.5,3200,0,0.25,-2.44,0.19,-8.92,0.23,-9,",","Alcala+14,17,19",Sz81A,3085,0.244,-2.448,0.188,-8.886,0.2,-8.911,0.18,-8.86,0.188,-8.886,--,158.23
Lupus,J15560210-3655282,J15560210-3655282,56:02.1,-36:55:28.666,6.3309,0.023,157.96,1.472,157.96,"[-11.851, -22.506]",II,1,"[ALMA, ALMA]","[??, 225.66]","[0.890, 1.33]","[0.34x0.28, 0.25x0.24]","[0.35, 0.08]","[Sanchis+2019, Ansdell+2018]","[57.52, 23.50]","[??, 0.20]","[57.52, 23.50]","[15.00, 17.62]",17.62,"[, ]","[, ]",--,--,#VALUE!,,,,,,,,J15560210-3655282,--,--,--,--,--,--,--,--,--,--,,--,J15560210-3655282,-99,-99,-99,-99,--,-99,--,-99,-99,-99,-99,--,-99
Lupus,Sz82,J15560921-3756057,56:09.2,-37:56:06.452,6.4175,0.022,155.82,1.186,155.82,"[-12.059, -23.727]",II,1,"[ALMA, ALMA]","[??, ??]","[0.875, 1.3]","[0.34x0.28, 0.25x0.24]","[0.21, 0.14]","[Cleeves+2016, Cleeves+2016]","[590, 200]","[90, 30]","[590.00, 200.00]","[143.36, 137.22]",137.22,"[, 1.51]","[, 0.03]",--,--,#VALUE!,,,,,,,Sizes in Cleeves+16,Sz82,158.45,K5,4350,0.9,2.6,-1.05,0.95,-7.98,1.13,-8.05,"td,","Alcala+14,17,19",Sz82,4210,2.514,-1.064,0.868,-7.929,0.9099,-7.949,0.72,-7.85,0.72,-7.85,--,155.82
Lupus,Sz83,J15564230-3749154,56:42.3,-37:49:15.861,6.3489,0.0402,157.51,2.671,158,"[-11.457, -23.211]",II,1,"[ALMA, ALMA]","[335.8, 225.66]","[0.890, 1.33]","[0.34x0.28, 0.25x0.24]","[0.56, 0.16]","[Ansdell+2016, Ansdell+2018]","[426.90, 166.90]","[0.72, 0.34]","[426.90, 166.90]","[111.35, 125.22]",125.22,"[, ]","[, ]",--,0.3,47.4,,,,,,,,Sz83,159.57,K7,4060,0,1.49,-0.25,0.67,-7.08,0.74,-7.12,",","Alcala+14,17,19",Sz83,4020,1.46,-0.258,0.631,-7.062,0.71,-7.113,0.55,-7,0.55,-7,--,158.5
Lupus,Sz84,J15580252-3736026,58:02.5,-37:36:03.146,6.4276,0.0447,155.58,1.904,158,"[-12.187, -23.029]",TD,1,"[ALMA, ALMA]","[335.8, 225.66]","[0.890, 1.33]","[0.34x0.28, 0.25x0.24]","[0.32, 0.11]","[Ansdell+2016, Ansdell+2018]","[32.64, 12.63]","[0.40, 0.21]","[32.64, 12.63]","[8.51, 9.48]",9.48,"[, 0.53]","[, 0.02]",--,0.24,37.92,,,,,,,,Sz84,152.64,M5,3125,0,0.13,-2.68,0.17,-9.23,0.19,-9.27,"td,","Alcala+14,17,19",Sz84,2980,0.139,-2.65,0.149,-9.077,0.1375,-9.042,0.13,-9.02,0.149,-9.077,--,158.5
Lupus,Sz129,J15591647-4157102,59:16.5,-41:57:10.675,6.2449,0.0171,160.13,1.14,160.13,"[-10.663, -23.136]",II,1,"[ALMA, ALMA]","[335.8, 225.66]","[0.890, 1.33]","[0.34x0.28, 0.25x0.24]","[0.33, 0.12]","[Ansdell+2016, Ansdell+2018]","[181.12, 75.90]","[0.52, 0.30]","[181.12, 75.90]","[48.53, 58.49]",58.49,"[, 0.45]","[, 0.01]",--,0.31,49.6403,,,,,,,,Sz129,161.68,K7,4060,0.9,0.43,-1.13,0.78,-8.3,0.82,-8.33,",","Alcala+14,17,19",Sz129,4020,0.421,-1.138,0.74,-8.281,0.7649,-8.295,0.73,-8.27,0.73,-8.27,--,160.13
Lupus,J15592523-4235066,J15592523-4235066,59:25.2,-42:35:06.987,6.791,0.0681,147.25,1.084,147.25,"[-17.205, -26.567]",II,1,"[ALMA, ALMA]","[335.8, 225.66]","[0.890, 1.33]","[0.34x0.28, 0.25x0.24]","[0.24, 0.10]","[Ansdell+2016, Ansdell+2018]","[-0.03, 0.54]","[0.19, 0.09]","[<0.57, 0.54]","[<0.13, 0.35]",0.35,"[, ]","[, ]",--,--,#VALUE!,,,,,,,,J15592523-4235066,147.22,M5,3125,0,0.02,-4.42,0.14,-11.29,0.12,-11.23,",","Alcala+14,17,19",J15592523-4235066,2980,0.02,-4.419,0.085,-11.02,0.1,-11.09,0.09,-11.05,0.085,-11.02,--,147.25
Lupus,RYLup,J15592838-4021513,59:28.4,-40:21:51.559,6.5153,0.0604,153.48,3.123,158,"[-10.963, -22.232]",TD,1,"[ALMA, ALMA]","[335.8, 225.66]","[0.890, 1.33]","[0.34x0.28, 0.25x0.24]","[0.50, 0.15]","[Ansdell+2016, Ansdell+2018]","[275.50, 86.11]","[1.16, 0.68]","[275.50, 86.11]","[71.86, 64.60]",64.6,"[, 0.89]","[, 0.02]",--,0.63,99.54,,,,,,,,RYLup,159.1,K2,4900,0.4,1.87,-0.85,nan,nan,1.53,-8.16,"td,","Alcala+14,17,19",RYLup,4710,1.844,-0.856,1.399,-8.092,1.5349,-8.132,1.27,-8.05,1.27,-8.05,--,158.5
Lupus,J16000060-4221567,J16000060-4221567,00:00.6,-42:21:57.203,6.2722,0.0317,159.43,1.151,159.43,"[-11.348, -23.659]",II,1,"[ALMA, ALMA]","[335.8, 225.66]","[0.890, 1.33]","[0.34x0.28, 0.25x0.24]","[0.25, 0.11]","[Ansdell+2016, Ansdell+2018]","[2.40, 0.97]","[0.19, 0.09]","[2.40, 0.97]","[0.64, 0.74]",0.74,"[, ]","[, ]",--,0.29,46.2347,,,,,,,,J16000060-4221567,161.2,M4.5,3200,0,0.1,-3.04,0.2,-9.73,0.2,-9.72,",","Alcala+14,17,19",J16000060-4221567,3085,0.097,-3.049,0.149,-9.583,0.155,-9.6,0.13,-9.53,0.149,-9.583,--,159.43
Lupus,J16000236-4222145,J16000236-4222145,00:02.3,-42:22:14.962,6.2347,0.0439,160.39,1.733,160.39,"[-11.517, -23.211]",II,1,"[ALMA, ALMA]","[335.8, 225.66]","[0.890, 1.33]","[0.34x0.28, 0.25x0.24]","[0.34, 0.13]","[Ansdell+2016, Ansdell+2018]","[119.85, 49.96]","[0.63, 0.38]","[119.85, 49.96]","[32.21, 38.63]",38.63,"[, ]","[, ]",--,0.5,80.195,,,,,,,,J16000236-4222145,164.17,M4,3270,1.4,0.18,-2.92,0.23,-9.56,0.25,-9.6,",","Alcala+14,17,19",J16000236-4222145,3190,0.171,-2.94,0.189,-9.484,0.2175,-9.545,0.19,-9.48,0.189,-9.484,--,160.39
Lupus,J16002612-4153553,J16002612-4153553,00:26.1,-41:53:55.782,6.1285,0.0483,163.17,1.103,163.17,"[-10.190, -23.201]",II,1,"[ALMA, ALMA]","[335.8, 225.66]","[0.890, 1.33]","[0.34x0.28, 0.25x0.24]","[0.25, 0.10]","[Ansdell+2016, Ansdell+2018]","[1.20, 0.42]","[0.19, 0.09]","[1.20, 0.42]","[0.33, 0.34]",0.34,"[, ]","[, ]",--,--,#VALUE!,,,,,,,,J16002612-4153553,164.33,M5.5,3060,0.9,0.08,-3.22,0.14,-9.76,0.14,-9.76,",","Alcala+14,17,19",J16002612-4153553,2920,0.078,-3.226,0.108,-9.621,0.1,-9.585,0.09,-9.54,0.108,-9.621,--,163.17
Lupus,Sz130,J16003103-4143369,00:31.0,-41:43:37.387,6.2822,0.0201,159.18,1.272,159.18,"[-10.845, -23.338]",II,1,"[ALMA, ALMA]","[335.8, 225.66]","[0.890, 1.33]","[0.34x0.28, 0.25x0.24]","[0.24, 0.10]","[Ansdell+2016, Ansdell+2018]","[6.19, 1.97]","[0.35, 0.18]","[6.19, 1.97]","[1.64, 1.50]",1.5,"[, ]","[, ]",<,0.17,27.0606,,,,,,,,Sz130,160.27,M2,3560,0,0.18,-2.14,0.39,-9.09,0.37,-9.06,",","Alcala+14,17,19",Sz130,3560,0.177,-2.145,0.394,-9.097,0.3675,-9.066,0.41,-9.12,0.394,-9.097,--,159.18
Lupus,MYLup,J16004452-4155310,00:44.5,-41:55:31.319,6.363,0.0355,157.16,1.903,158,"[-11.651, -23.169]",TD,1,"[ALMA, ALMA]","[335.8, 225.66]","[0.890, 1.33]","[0.34x0.28, 0.25x0.24]","[0.56, 0.13]","[Ansdell+2016, Ansdell+2018]","[176.81, 67.11]","[0.76, 0.28]","[176.81, 67.11]","[46.12, 50.35]",50.35,"[, 0.73]","[, 0.02]",--,0.39,61.62,,,,,,,,MYLup,157,K0,5100,1.3,0.85,-0.65,1.09,-8.01,1.06,-7.99,"td,","Alcala+14,17,19",MYLup,4870,0.86,-0.644,1.167,-7.996,1.1475,-7.989,1.19,-8,1.19,-8,--,158.5
Lupus,Sz131,J16004943-4130038,00:49.4,-41:30:04.263,6.2257,0.0274,160.62,1.103,160.62,"[-11.074, -23.808]",II,1,"[ALMA, ALMA]","[335.8, 225.66]","[0.890, 1.33]","[0.34x0.28, 0.25x0.24]","[0.23, 0.10]","[Ansdell+2016, Ansdell+2018]","[8.57, 3.37]","[0.29, 0.14]","[8.57, 3.37]","[2.31, 2.61]",2.61,"[, ]","[, ]",<,0.12,19.2744,,,,,,,,Sz131,160.31,M3,3415,1.3,0.15,-2.34,0.3,-9.18,0.3,-9.18,",","Alcala+14,17,19",Sz131,3410,0.15,-2.338,0.301,-9.171,0.3025,-9.173,0.31,-9.19,0.301,-9.171,--,160.62
Lupus,J16011549-4152351,J16011549-4152351,01:15.5,-41:52:35.515,--,--,--,--,158,"[, ]",II,1,"[ALMA, ALMA]","[335.8, 225.66]","[0.890, 1.33]","[0.34x0.28, 0.25x0.24]","[0.57, 0.10]","[Ansdell+2016, Ansdell+2018]","[82.07, 21.76]","[0.89, 0.28]","[82.07, 21.76]","[21.41, 16.33]",16.33,"[, ]","[, ]",--,0.61,96.38,,,,,,,,J16011549-4152351,--,--,--,--,--,--,--,--,--,--,,--,J16011549-4152351,-99,-99,-99,-99,--,-99,--,-99,-99,-99,-99,--,-99
Lupus,EXLup,J16030548-4018254,03:05.5,-40:18:25.834,6.4634,0.015,154.72,1.115,154.72,"[-10.157, -22.531]",II,1,"[ALMA, ALMA]","[??, 225.66]","[0.890, 1.33]","[0.34x0.28, 0.25x0.24]","[0.35, 0.09]","[Sanchis+2019, Ansdell+2018]","[41.78, 19.50]","[??, 0.30]","[41.78, 19.50]","[10.45, 14.03]",14.03,"[, 0.31]","[, 0.01]",--,--,#VALUE!,,,,,,,,EXLup,157.7,M0,3850,1.1,0.76,-0.91,0.53,-7.74,0.57,-7.77,",","Alcala+14,17,19",EXLup,3900,0.731,-0.926,0.57,-7.81,0.615,-7.842,0.53,-7.78,0.57,-7.81,--,154.72
Lupus,Sz133,J16032939-4140018,03:29.4,-41:40:02.247,8.6195,0.6234,116.02,4.287,158,"[-7.471, -25.991]",II,1,"[ALMA, ALMA]","[335.8, 225.66]","[0.890, 1.33]","[0.34x0.28, 0.25x0.24]","[0.55, 0.10]","[Ansdell+2016, Ansdell+2018]","[69.05, 27.02]","[0.77, 0.24]","[69.05, 27.02]","[18.01, 20.27]",20.27,"[, 0.95]","[, 0.04]",--,0.46,72.68,,,,,,,,Sz133,153.08,K5,4350,1.8,0.07,-1.78,nan,nan,nan,nan,"sl,c","Alcala+14,17,19",Sz133,4210,0.074,-1.752,nan,nan,nan,nan,nan,nan,nan,nan,SL,158.5
Lupus,Sz88A,J16070061-3902194,07:00.6,-39:02:19.913,6.3435,0.0262,157.64,1.204,157.64,"[-11.303, -23.084]",II,1,"[ALMA, ALMA]","[335.8, 225.66]","[0.890, 1.33]","[0.34x0.28, 0.25x0.24]","[0.27, 0.12]","[Ansdell+2016, Ansdell+2018]","[8.94, 3.72]","[0.30, 0.11]","[8.94, 3.72]","[2.32, 2.78]",2.78,"[, ]","[, ]",--,--,#VALUE!,,,,,,,,Sz88A,158.43,M0,3850,0.25,0.31,-1.4,0.61,-8.49,0.58,-8.47,",","Alcala+14,17,19",Sz88A,3900,0.306,-1.404,0.653,-8.535,0.6349,-8.523,0.66,-8.54,0.653,-8.535,--,157.64
Lupus,Sz88B,J16070061-3902194,07:00.6,-39:02:18.100,6.3145,0.0948,158.37,1.291,158.37,"[-10.137, -22.823]",II,1,"[ALMA, ALMA]","[335.8, 225.66]","[0.890, 1.33]","[0.34x0.28, 0.25x0.24]","[0.26, 0.10]","[Ansdell+2016, Ansdell+2018]","[-0.20, 0.12]","[0.19, 0.10]","[<0.57, <0.30]","[<0.15, <0.23]",<0.23,"[, ]","[, ]",--,--,#VALUE!,,,,,,,,Sz88B,159.03,M4.5,3197,0,0.07,-3.3,0.2,-10.05,0.19,-10.02,",","Alcala+14,17,19",Sz88B,3085,0.069,-3.303,0.146,-9.904,0.15,-9.914,0.13,-9.84,0.146,-9.904,--,158.37
Lupus,J16070384-3911113,J16070384-3911113,07:03.8,-39:11:11.900,--,--,--,--,158,"[, ]",TD,1,"[ALMA, ALMA]","[335.8, 225.66]","[0.890, 1.33]","[0.34x0.28, 0.25x0.24]","[0.25, 0.11]","[Ansdell+2016, Ansdell+2018]","[4.52, 0.98]","[0.55, 0.29]","[4.52, 0.98]","[1.18, 0.74]",0.74,"[, ]","[, ]",--,0.79,124.82,,,,,,,Edge-on disk with Hubble image,J16070384-3911113,158.5,M4.5,3200,0.6,0,-5.4,nan,nan,0.16,-12.76,"sl,","Alcala+14,17,19",J16070384-3911113,3085,0,-5.402,nan,nan,nan,nan,nan,nan,nan,nan,SL,158.5
Lupus,J16070854-3914075,J16070854-3914075,07:08.5,-39:14:07.939,5.8383,0.3401,171.28,1.085,171.28,"[-11.254, -25.263]",TD,1,"[ALMA, ALMA]","[335.8, 225.66]","[0.890, 1.33]","[0.34x0.28, 0.25x0.24]","[0.49, 0.12]","[Ansdell+2016, Ansdell+2018]","[92.07, 34.77]","[1.49, 0.54]","[92.07, 34.77]","[28.22, 30.66]",30.66,"[, ]","[, ]",--,0.63,107.9064,,,,,,,,J16070854-3914075,--,--,--,--,--,--,--,--,--,--,,--,J16070854-3914075,-99,-99,-99,-99,--,-99,--,-99,-99,-99,-99,--,-99
Lupus,Sz90,J16071007-3911033,07:10.1,-39:11:03.647,6.2357,0.0204,160.37,1.356,160.37,"[-9.353, -25.295]",II,1,"[ALMA, ALMA]","[335.8, 225.66]","[0.890, 1.33]","[0.34x0.28, 0.25x0.24]","[0.37, 0.10]","[Ansdell+2016, Ansdell+2018]","[21.83, 8.74]","[0.46, 0.16]","[21.83, 8.74]","[5.87, 6.76]",6.76,"[, ]","[, ]",--,0.1,16.037,,,,,,,,Sz90,160.4,K7,4060,1.8,0.42,-1.79,0.78,-8.96,0.8,-8.97,",","Alcala+14,17,19",Sz90,4020,0.419,-1.79,0.734,-8.93,0.7599,-8.945,0.73,-8.93,0.73,-8.93,--,160.37
Lupus,Sz91,J16071159-3903475,07:11.6,-39:03:47.827,6.2738,0.0285,159.39,1.139,159.39,"[-10.003, -22.776]",TD,1,"[ALMA, ALMA]","[350, 225.66]","[??, 1.33]","[0.34x0.28, 0.25x0.24]","[0.06, 0.10]","[Tsukagoshi+2019, Ansdell+2018]","[45.20, 9.52]","[0.50, 0.44]","[45.20, 9.52]","[10.89, 7.27]",7.27,"[1.185, 0.77]","[0.002, 0.02]",--,--,#VALUE!,,,,,,,Sizes in Tsukagoshi+2019 and Francis+2020,Sz91,159.06,M1,3705,1.2,0.2,-2,0.51,-9.07,0.46,-9.03,"td,","Alcala+14,17,19",Sz91,3720,0.2,-1.998,0.52,-9.081,0.4675,-9.035,0.53,-9.09,0.52,-9.081,--,159.39
Lupus,J16073773-3921388,J16073773-3921388,07:37.7,-39:21:39.116,6.1559,0.1133,162.45,1.079,162.45,"[-10.454, -23.298]",II,1,"[ALMA, ALMA]","[335.8, 225.66]","[0.890, 1.33]","[0.34x0.28, 0.25x0.24]","[0.23, 0.10]","[Ansdell+2016, Ansdell+2018]","[1.91, 0.55]","[0.18, 0.09]","[1.91, 0.55]","[0.53, 0.44]",0.44,"[, ]","[, ]",<,0.5,81.225,,,,,,,,Lup713,174.4,M5.5,3057,0,0.02,-3.62,0.11,-10.4,0.1,-10.38,",","Alcala+14,17,19",J16073773-3921388,2920,0.017,-3.681,0.067,-10.19,nan,nan,0.09,-10.32,0.067,-10.19,--,162.45
Lupus,Sz95,J16075230-3858059,07:52.3,-38:58:06.446,6.2317,0.0279,160.47,1.237,160.47,"[-10.607, -23.425]",II,1,"[ALMA, ALMA]","[335.8, 225.66]","[0.890, 1.33]","[0.34x0.28, 0.25x0.24]","[0.25, 0.11]","[Ansdell+2016, Ansdell+2018]","[4.08, 1.80]","[0.18, 0.14]","[4.08, 1.80]","[1.10, 1.39]",1.39,"[, ]","[, ]",<,0.13,20.8611,,,,,,,,Sz95,158.17,M3,3415,0.8,0.26,-2.7,0.29,-9.4,0.32,-9.44,",","Alcala+14,17,19",Sz95,3410,0.267,-2.687,0.291,-9.381,0.3174,-9.418,0.3,-9.4,0.291,-9.381,--,160.47
Lupus,J16075475-3915446,J16075475-3915446,07:54.8,-39:15:44.811,--,--,--,--,158,"[, ]",F,1,"[ALMA, ALMA]","[335.8, 225.66]","[0.890, 1.33]","[0.34x0.28, 0.25x0.24]","[0.33, 0.10]","[Ansdell+2016, Ansdell+2018]","[2.55, 0.49]","[0.46, 0.09]","[2.55, 0.49]","[0.67, 0.37]",0.37,"[, ]","[, ]",<,0.69,109.02,,,,,,,,J16075475-3915446,--,--,--,--,--,--,--,--,--,--,,--,J16075475-3915446,-99,-99,-99,-99,--,-99,--,-99,-99,-99,-99,--,-99
Lupus,J16080017-3902595,J16080017-3902595,08:00.2,-39:02:59.883,6.206,0.0614,161.13,1.095,161.13,"[-10.655, -23.481]",II,1,"[ALMA, ALMA]","[335.8, 225.66]","[0.890, 1.33]","[0.34x0.28, 0.25x0.24]","[0.21, 0.10]","[Ansdell+2016, Ansdell+2018]","[3.01, 1.23]","[0.17, 0.09]","[3.01, 1.23]","[0.82, 0.96]",0.96,"[, ]","[, ]",<,0.28,45.1164,,,,,,,,Lup604s,159.89,M5.5,3057,0,0.04,-3.89,0.12,-10.56,0.11,-10.51,",","Alcala+14,17,19",J16080017-3902595,2920,0.04,-3.883,0.077,-10.27,0.1,-10.38,0.09,-10.34,0.077,-10.27,--,161.13
Lupus,J16080175-3912316,J16080175-3912316,08:01.8,-39:12:31.600,--,--,--,--,158,"[, ]",II,1,"[ALMA, ALMA]","[335.8, 225.66]","[0.890, 1.33]","[0.34x0.28, 0.25x0.24]","[0.34, 0.10]","[Ansdell+2016, Ansdell+2018]","[0.28, -0.04]","[0.26, 0.09]","[<0.78, <0.27]","[<0.20, <0.20]",<0.20,"[, ]","[, ]",--,--,#VALUE!,,,,,,,,J16080175-3912316,--,--,--,--,--,--,--,--,--,--,,--,J16080175-3912316,-99,-99,-99,-99,--,-99,--,-99,-99,-99,-99,--,-99
Lupus,Sz96,J16081263-3908334,08:12.6,-39:08:33.835,6.4113,0.0199,155.97,1.045,155.97,"[-10.251, -23.369]",II,1,"[ALMA, ALMA]","[335.8, 225.66]","[0.890, 1.33]","[0.34x0.28, 0.25x0.24]","[0.24, 0.10]","[Ansdell+2016, Ansdell+2018]","[4.08, 1.42]","[0.28, 0.09]","[4.08, 1.42]","[1.04, 1.04]",1.04,"[, ]","[, ]",<,0.13,20.2761,,,,,,,,Sz96,156.55,M1,3705,0.8,0.42,-2.51,0.45,-9.37,0.46,-9.38,",","Alcala+14,17,19",Sz96,3720,0.416,-2.513,0.463,-9.387,0.4749,-9.398,0.46,-9.39,0.463,-9.387,--,155.98
Lupus,J16081497-3857145,J16081497-3857145,08:15.0,-38:57:14.910,6.6301,0.6582,150.83,1.593,150.83,"[-10.408, -28.088]",II,1,"[ALMA, ALMA]","[335.8, 225.66]","[0.890, 1.33]","[0.34x0.28, 0.25x0.24]","[0.25, 0.10]","[Ansdell+2016, Ansdell+2018]","[8.32, 3.40]","[0.30, 0.15]","[8.32, 3.40]","[1.98, 2.32]",2.32,"[, ]","[, ]",--,0.11,16.5913,,,,,,,,J16081497-3857145,158.5,M5.5,3060,1.5,0.01,-3.6,0.1,-10.6,0.11,-10.6,",","Alcala+14,17,19",J16081497-3857145,2920,0.009,-3.643,0.065,-10.28,nan,nan,nan,nan,0.065,-10.28,--,150.83
Lupus,Sz97,J16082180-3904214,08:21.8,-39:04:21.860,6.3556,0.0262,157.34,1.13,157.34,"[-9.028, -23.997]",II,1,"[ALMA, ALMA]","[335.8, 225.66]","[0.890, 1.33]","[0.34x0.28, 0.25x0.24]","[0.23, 0.10]","[Ansdell+2016, Ansdell+2018]","[4.64, 1.97]","[0.18, 0.09]","[4.64, 1.97]","[1.20, 1.47]",1.47,"[, ]","[, ]",<,0.09,14.1606,,,,,,,,Sz97,157.75,M4,3270,0,0.11,-3.11,0.24,-9.88,0.23,-9.85,",","Alcala+14,17,19",Sz97,3190,0.109,-3.112,0.195,-9.769,0.2,-9.778,0.18,-9.72,0.195,-9.769,--,157.34
Lupus,Sz98,J16082249-3904464,08:22.5,-39:04:46.857,6.399,0.0233,156.27,1.619,156.27,"[-9.622, -24.495]",II,1,"[ALMA, ALMA]","[335.8, 225.66]","[0.890, 1.33]","[0.34x0.28, 0.25x0.24]","[0.51, 0.10]","[Ansdell+2016, Ansdell+2018]","[237.29, 103.35]","[1.42, 0.63]","[237.29, 103.35]","[60.55, 75.85]",75.85,"[, 0.95]","[, 0.02]",--,0.82,128.1414,,,,,,,,Sz98,156.22,K7,4060,1,1.53,-0.71,0.67,-7.54,0.74,-7.59,",","Alcala+14,17,19",Sz98,4020,1.53,-0.709,0.639,-7.509,0.705,-7.551,0.55,-7.44,0.55,-7.44,--,156.27
Lupus,Sz99,J16082404-3905494,08:24.0,-39:05:49.400,6.3175,0.0429,158.29,1.114,158.29,"[-9.155, -23.676]",II,1,"[ALMA, ALMA]","[335.8, 225.66]","[0.890, 1.33]","[0.34x0.28, 0.25x0.24]","[0.22, 0.10]","[Ansdell+2016, Ansdell+2018]","[-0.04, -0.23]","[0.18, 0.09]","[<0.54, <0.27]","[<0.14, <0.20]",<0.20,"[, ]","[, ]",--,--,#VALUE!,,,,,,,,Sz99,159.03,M4,3270,0,0.05,-2.8,0.23,-9.73,0.19,-9.65,",","Alcala+14,17,19",Sz99,3190,0.049,-2.804,0.184,-9.607,0.1725,-9.578,0.16,-9.56,0.184,-9.607,--,158.29
Lupus,Sz100,J16082576-3906011,08:25.7,-39:06:01.601,7.0902,0.1315,141.04,3.882,158,"[-10.260, -22.159]",TD,1,"[ALMA, ALMA]","[335.8, 225.66]","[0.890, 1.33]","[0.34x0.28, 0.25x0.24]","[0.30, 0.13]","[Ansdell+2016, Ansdell+2018]","[54.85, 21.71]","[0.58, 0.29]","[54.85, 21.71]","[14.31, 16.29]",16.29,"[, 0.41]","[, 0.01]",--,0.26,41.08,,,,,,,,Sz100,136.94,M5.5,3057,0,0.08,-3.33,0.14,-9.87,0.14,-9.87,"td,","Alcala+14,17,19",Sz100,2920,0.106,-3.205,0.13,-9.614,0.1024,-9.51,0.11,-9.54,0.13,-9.614,--,158.5
Lupus,J160828.1-391310,J160828.1-391310,08:28.1,-39:13:10.000,5.8895,0.1966,169.79,1.072,169.79,"[-14.586, -21.087]",II,1,"[ALMA, ALMA]","[335.8, 225.66]","[0.890, 1.33]","[0.34x0.28, 0.25x0.24]","[0.24, 0.10]","[Ansdell+2016, Ansdell+2018]","[0.23, 0.00]","[0.18, 0.09]","[<0.54, <0.27]","[<0.16, <0.23]",<0.23,"[, ]","[, ]",--,--,#VALUE!,,,,,,,,Lup607,175.25,M6.5,2935,0,0.05,-5.01,0.09,-11.42,0.1,-11.46,",a","Alcala+14,17,19",J160828.1-391310,2815,0.046,-5.037,0.07,-11.32,nan,nan,nan,nan,0.07,-11.32,<,169.79
Lupus,Sz102,J16082972-3903110,08:29.7,-39:03:11.409,1.4371,0.4857,695.85,5.179,158,"[-5.596, -22.511]",II,1,"[ALMA, ALMA]","[??, 225.66]","[0.890, 1.33]","[0.34x0.28, 0.25x0.24]","[0.34, 0.08]","[Sanchis+2019, Ansdell+2018]","[14.69, 6.20]","[??, 0.30]","[14.69, 6.20]","[3.83, 4.65]",4.65,"[, ]","[, ]",--,--,#VALUE!,,,,,,,,Sz102,158.5,K2,4900,0.7,0.01,-2.2,nan,nan,nan,nan,"sl,c","Alcala+14,17,19",Sz102,4710,0.009,-2.202,nan,nan,nan,nan,nan,nan,nan,nan,SL,158.5
Lupus,Sz103,J16083026-3906111,08:30.3,-39:06:11.538,6.3632,0.0417,157.15,1.196,157.15,"[-9.166, -23.301]",II,1,"[ALMA, ALMA]","[335.8, 225.66]","[0.890, 1.33]","[0.34x0.28, 0.25x0.24]","[0.24, 0.10]","[Ansdell+2016, Ansdell+2018]","[11.54, 4.76]","[0.28, 0.13]","[11.54, 4.76]","[2.98, 3.53]",3.53,"[, ]","[, ]",--,0.09,14.1435,,,,,,,,Sz103,159.5,M4,3270,0.7,0.12,-2.6,0.23,-9.33,0.24,-9.34,",","Alcala+14,17,19",Sz103,3190,0.116,-2.612,0.193,-9.251,0.2,-9.265,0.18,-9.22,0.193,-9.251,--,157.15
Lupus,J16083070-3828268,J16083070-3828268,08:30.7,-38:28:27.280,6.518,0.0305,153.42,1.941,158,"[-9.891, -25.283]",TD,1,"[ALMA, ALMA]","[335.8, 225.66]","[0.890, 1.33]","[0.34x0.28, 0.25x0.24]","[0.48, 0.15]","[Ansdell+2016, Ansdell+2018]","[135.31, 38.76]","[1.12, 0.32]","[135.31, 38.76]","[35.29, 29.08]",29.08,"[, ]","[, ]",--,0.57,90.06,,,,,,,,J16083070-3828268,156.12,K2,4900,0.2,1.84,-2.02,nan,nan,1.53,-9.32,"td,a","Alcala+14,17,19",J16083070-3828268,4710,1.884,-2.009,1.399,-9.241,1.5449,-9.284,1.27,-9.2,1.27,-9.2,<,158.5
Lupus,Sz104,J16083081-3905488,08:30.8,-39:05:49.238,6.2574,0.0416,159.81,1.153,159.81,"[-8.931, -24.411]",II,1,"[ALMA, ALMA]","[335.8, 225.66]","[0.890, 1.33]","[0.34x0.28, 0.25x0.24]","[0.25, 0.10]","[Ansdell+2016, Ansdell+2018]","[3.15, 1.07]","[0.19, 0.09]","[3.15, 1.07]","[0.84, 0.82]",0.82,"[, ]","[, ]",<,0.26,41.5506,,,,,,,,Sz104,165.46,M5,3125,0,0.07,-3.36,0.16,-10.03,0.16,-10,",","Alcala+14,17,19",Sz104,2980,0.065,-3.39,0.108,-9.844,0.105,-9.829,0.09,-9.76,0.108,-9.844,--,159.81
Lupus,J160831.1-385600,J160831.1-385600,08:31.1,-38:56:00.000,--,--,--,--,158,"[, ]",F,1,"[ALMA, ALMA]","[335.8, 225.66]","[0.890, 1.33]","[0.34x0.28, 0.25x0.24]","[0.32, 0.10]","[Ansdell+2016, Ansdell+2018]","[0.25, -0.16]","[0.26, 0.09]","[<0.78, <0.27]","[<0.20, <0.20]",<0.20,"[, ]","[, ]",--,--,#VALUE!,,,,,,,,J160831.1-385600,--,--,--,--,--,--,--,--,--,--,,--,J160831.1-385600,-99,-99,-99,-99,--,-99,--,-99,-99,-99,-99,--,-99
Lupus,V856Sco,J16083427-3906181,08:34.3,-39:06:18.737,6.3057,0.034,158.59,1.283,158.59,"[-9.068, -23.030]",II,1,"[ALMA, ALMA]","[335.8, 225.66]","[0.890, 1.33]","[0.34x0.28, 0.25x0.24]","[0.36, 0.12]","[Ansdell+2016, Ansdell+2018]","[55.81, 23.03]","[0.28, 0.11]","[55.81, 23.03]","[14.67, 17.41]",17.41,"[, ]","[, ]",--,--,#VALUE!,,,,,,,,V856Sco,--,--,--,--,--,--,--,--,--,--,,--,V856Sco,-99,-99,-99,-99,--,-99,--,-99,-99,-99,-99,--,-99
Lupus,V1094Sco,J16083617-3923024,08:36.2,-39:23:02.879,6.4615,0.0318,154.76,2.068,158,"[-9.980, -23.255]",II,1,"[ALMA, ALMA]","[??, 225.66]","[0.890, 1.33]","[0.34x0.28, 0.25x0.24]","[0.37, 0.09]","[Sanchis+2019, Ansdell+2018]","[553.17, 180.00]","[??, 7.00]","[553.17, 180.00]","[144.29, 135.05]",135.05,"[, 1.67]","[, 0.1]",--,--,#VALUE!,,,,,,,,SSTc2dJ160836.2-392302/V1094 Sco,154,K6,4205,1.7,1.15,-1.03,0.83,-8.04,0.92,-8.09,",","Alcala+14,17,19",V1094Sco,4115,1.21,-1.007,0.734,-7.938,0.795,-7.972,0.64,-7.88,0.64,-7.88,--,158
Lupus,Sz106,J16083976-3906253,08:39.7,-39:06:25.701,6.3006,0.0306,158.72,1.141,158.72,"[-11.010, -23.555]",II,1,"[ALMA, ALMA]","[335.8, 225.66]","[0.890, 1.33]","[0.34x0.28, 0.25x0.24]","[0.26, 0.10]","[Ansdell+2016, Ansdell+2018]","[1.99, 0.71]","[0.20, 0.09]","[1.99, 0.71]","[0.52, 0.54]",0.54,"[, ]","[, ]",--,--,#VALUE!,,,,,,,,Sz106,161.67,M0.5,3777,1,0.06,-2.68,0.57,-10.07,0.49,-10,"sl,","Alcala+14,17,19",Sz106,3810,0.057,-2.695,0.551,-10.09,0.5099,-10.06,0.55,-10.09,0.551,-10.09,SL,158.71
Lupus,Sz108B,J160842.9-390615,08:42.9,-39:06:15.039,6.2027,0.0631,161.22,1.211,161.22,"[-10.679, -21.777]",II,1,"[ALMA, ALMA]","[335.8, 225.66]","[0.890, 1.33]","[0.34x0.28, 0.25x0.24]","[0.26, 0.11]","[Ansdell+2016, Ansdell+2018]","[26.77, 11.88]","[0.34, 0.19]","[26.77, 11.88]","[7.27, 9.28]",9.28,"[, ]","[, ]",--,--,#VALUE!,,,,,,,,Sz108B,168.99,M5,3125,1.6,0.11,-3.05,0.17,-9.62,0.18,-9.65,",","Alcala+14,17,19",Sz108B,2980,0.1,-3.09,0.124,-9.512,0.1225,-9.504,0.11,-9.44,0.124,-9.512,--,161.22
Lupus,J16084940-3905393,J16084940-3905393,08:49.4,-39:05:39.825,6.2427,0.0955,160.19,1.15,160.19,"[-10.201, -23.536]",II,1,"[ALMA, ALMA]","[335.8, 225.66]","[0.890, 1.33]","[0.34x0.28, 0.25x0.24]","[0.21, 0.10]","[Ansdell+2016, Ansdell+2018]","[1.70, 0.69]","[0.17, 0.09]","[1.70, 0.69]","[0.46, 0.53]",0.53,"[, ]","[, ]",<,0.76,121.7444,,,,,,,,Par-Lup3-3,159.3,M4,3270,2.2,0.15,-3.1,0.23,-9.77,0.24,-9.79,",","Alcala+14,17,19",J16084940-3905393,3190,0.151,-3.095,0.189,-9.666,0.2125,-9.717,0.18,-9.65,0.189,-9.666,--,160.19
Lupus,V1192Sco,J16085143-3905304,08:51.4,-39:05:30.890,6.798,0.4753,147.1,1.263,147.1,"[-7.756, -24.123]",II,1,"[ALMA, ALMA]","[335.8, 225.66]","[0.890, 1.33]","[0.34x0.28, 0.25x0.24]","[0.24, 0.10]","[Ansdell+2016, Ansdell+2018]","[0.91, 0.35]","[0.19, 0.09]","[0.91, 0.35]","[0.21, 0.23]",0.23,"[, ]","[, ]",--,--,#VALUE!,,,,,,,,V1192Sco,--,--,--,--,--,--,--,--,--,--,,--,V1192Sco,-99,-99,-99,-99,--,-99,--,-99,-99,-99,-99,--,-99
Lupus,Sz110,J16085157-3903177,08:51.6,-39:03:18.087,6.3496,0.0238,157.49,1.346,157.49,"[-9.508, -23.275]",II,1,"[ALMA, ALMA]","[335.8, 225.66]","[0.890, 1.33]","[0.34x0.28, 0.25x0.24]","[0.23, 0.11]","[Ansdell+2016, Ansdell+2018]","[15.40, 7.37]","[0.29, 0.17]","[15.40, 7.37]","[3.99, 5.49]",5.49,"[, ]","[, ]",--,0.1,15.749,,,,,,,,Sz110,159.51,M4,3270,0,0.18,-2.2,0.23,-8.84,0.25,-8.88,",","Alcala+14,17,19",Sz110,3190,0.175,-2.211,0.189,-8.751,0.2175,-8.811,0.19,-8.75,0.189,-8.751,--,157.49
Lupus,J16085324-3914401,J16085324-3914401,08:53.2,-39:14:40.553,6.1349,0.0485,163,1.141,163,"[-10.514, -23.799]",II,1,"[ALMA, ALMA]","[335.8, 225.66]","[0.890, 1.33]","[0.34x0.28, 0.25x0.24]","[0.23, 0.11]","[Ansdell+2016, Ansdell+2018]","[19.57, 7.98]","[0.28, 0.15]","[19.57, 7.98]","[5.43, 6.37]",6.37,"[, ]","[, ]",--,0.08,13.04,,,,,,,,J16085324-3914401,167.71,M3,3415,1.9,0.21,-3.25,0.29,-10,0.31,-10.02,",","Alcala+14,17,19",J16085324-3914401,3410,0.198,-3.274,0.291,-10.03,0.31,-10.06,0.31,-10.06,0.291,-10.03,--,163
Lupus,J16085373-3914367,J16085373-3914367,08:53.7,-39:14:37.170,6.7242,2.0758,148.72,1.322,148.72,"[-10.112, -22.088]",II,1,"[ALMA, ALMA]","[335.8, 225.66]","[0.890, 1.33]","[0.34x0.28, 0.25x0.24]","[0.20, 0.10]","[Ansdell+2016, Ansdell+2018]","[3.17, 1.04]","[0.19, 0.09]","[3.17, 1.04]","[0.73, 0.69]",0.69,"[, ]","[, ]",<,0.17,25.2824,,,,,,,,J16085373-3914367,200,M5.5,3060,4,0.0066,-3.7,0.09,-10.58,--,--,",b","Alcala+14,17,19",J16085373-3914367,2920,0.003,-3.957,0.068,-10.81,nan,nan,0.09,-10.94,0.068,-10.81,--,148.72
Lupus,Sz111,J16085468-3937431,08:54.7,-39:37:43.528,6.3145,0.0205,158.37,1.3,158.37,"[-9.676, -22.674]",TD,1,"[ALMA, ALMA]","[335.8, 225.66]","[0.890, 1.33]","[0.34x0.28, 0.25x0.24]","[0.33, 0.13]","[Ansdell+2016, Ansdell+2018]","[179.39, 60.29]","[0.98, 0.49]","[179.39, 60.29]","[47.01, 45.44]",45.44,"[, 0.67]","[, 0.01]",--,0.46,72.8502,,,,,,,,Sz111,158.33,M1,3705,0,0.21,-2.4,0.51,-9.47,0.45,-9.42,"td,","Alcala+14,17,19",Sz111,3720,0.21,-2.399,0.52,-9.473,0.4675,-9.426,0.53,-9.48,0.52,-9.473,--,158.37
Lupus,J16085529-3848481,J16085529-3848481,08:55.3,-38:48:48.551,6.4262,0.0893,155.61,1.042,155.61,"[-10.915, -23.594]",II,1,"[ALMA, ALMA]","[335.8, 225.66]","[0.890, 1.33]","[0.34x0.28, 0.25x0.24]","[0.26, 0.10]","[Ansdell+2016, Ansdell+2018]","[1.81, 0.71]","[0.18, 0.09]","[1.81, 0.71]","[0.46, 0.52]",0.52,"[, ]","[, ]",--,--,#VALUE!,,,,,,,,J16085529-3848481,157.52,M6.5,2935,0,0.05,-4.31,0.09,-10.72,0.1,-10.78,",","Alcala+14,17,19",J16085529-3848481,2815,0.048,-4.32,0.071,-10.6,nan,nan,nan,nan,0.071,-10.6,--,155.61
Lupus,Sz112,J16085553-3902339,08:55.5,-39:02:34.359,6.2774,0.03,159.3,1.091,159.3,"[-10.061, -24.248]",II,1,"[ALMA, ALMA]","[335.8, 225.66]","[0.890, 1.33]","[0.34x0.28, 0.25x0.24]","[0.21, 0.10]","[Ansdell+2016, Ansdell+2018]","[3.89, 1.45]","[0.17, 0.09]","[3.89, 1.45]","[1.03, 1.11]",1.11,"[, ]","[, ]",<,0.1,15.93,,,,,,,,Sz112,160.27,M5,3125,0,0.12,-3.39,0.17,-9.94,0.18,-9.98,"td,","Alcala+14,17,19",Sz112,2980,0.118,-3.395,0.136,-9.82,0.135,-9.814,0.12,-9.76,0.136,-9.82,--,159.3
Lupus,Sz113,J16085780-3902227,08:57.8,-39:02:23.260,6.2294,0.0536,160.53,1.269,160.53,"[-9.748, -23.218]",II,1,"[ALMA, ALMA]","[335.8, 225.66]","[0.890, 1.33]","[0.34x0.28, 0.25x0.24]","[0.22, 0.10]","[Ansdell+2016, Ansdell+2018]","[22.35, 10.46]","[0.27, 0.16]","[22.35, 10.46]","[6.02, 8.10]",8.1,"[, ]","[, ]",--,0.08,12.8424,,,,,,,,Sz113,163.24,M4.5,3197,1,0.04,-2.28,0.19,-9.12,0.17,-9.09,",","Alcala+14,17,19",Sz113,3085,0.038,-2.294,0.136,-8.99,0.1174,-8.926,0.12,-8.92,0.136,-8.99,--,160.53
Lupus,J16085828-3907355,J16085828-3907355,08:58.3,-39:07:35.500,--,--,--,--,158,"[, ]",II,1,"[ALMA, ALMA]","[335.8, 225.66]","[0.890, 1.33]","[0.34x0.28, 0.25x0.24]","[0.31, 0.10]","[Ansdell+2016, Ansdell+2018]","[0.16, 0.01]","[0.25, 0.09]","[<0.75, <0.27]","[<0.20, <0.20]",<0.20,"[, ]","[, ]",--,--,#VALUE!,,,,,,,,J16085828-3907355,--,--,--,--,--,--,--,--,--,--,,--,J16085828-3907355,-99,-99,-99,-99,--,-99,--,-99,-99,-99,-99,--,-99
Lupus,J16085834-3907491,J16085834-3907491,08:58.3,-39:07:49.400,--,--,--,--,158,"[, ]",II,1,"[ALMA, ALMA]","[335.8, 225.66]","[0.890, 1.33]","[0.34x0.28, 0.25x0.24]","[0.34, 0.10]","[Ansdell+2016, Ansdell+2018]","[0.04, 0.00]","[0.26, 0.09]","[<0.78, <0.27]","[<0.20, <0.20]",<0.20,"[, ]","[, ]",--,--,#VALUE!,,,,,,,,J16085834-3907491,--,--,--,--,--,--,--,--,--,--,,--,J16085834-3907491,-99,-99,-99,-99,--,-99,--,-99,-99,-99,-99,--,-99
Lupus,J16090141-3925119,J16090141-3925119,09:01.4,-39:25:12.375,6.2816,0.0472,159.2,1.402,159.2,"[-9.824, -23.805]",TD,1,"[ALMA, ALMA]","[335.8, 225.66]","[0.890, 1.33]","[0.34x0.28, 0.25x0.24]","[0.30, 0.11]","[Ansdell+2016, Ansdell+2018]","[17.50, 5.53]","[0.68, 0.41]","[17.50, 5.53]","[4.63, 4.21]",4.21,"[, ]","[, ]",--,0.49,78.008,,,,,,,,SSTc2d160901.4-392512,164.31,M4,3270,0.5,0.1,-3.17,0.23,-9.95,0.23,-9.93,",","Alcala+14,17,19",J16090141-3925119,3190,0.093,-3.197,0.198,-9.893,0.1975,-9.891,0.18,-9.84,0.198,-9.893,--,159.2
Lupus,Sz114,J16090185-3905124,09:01.8,-39:05:12.805,6.3792,0.0231,156.76,1.455,156.76,"[-9.518, -24.035]",II,1,"[ALMA, ALMA]","[335.8, 225.66]","[0.890, 1.33]","[0.34x0.28, 0.25x0.24]","[0.32, 0.11]","[Ansdell+2016, Ansdell+2018]","[96.41, 41.45]","[0.41, 0.25]","[96.41, 41.45]","[24.75, 30.61]",30.61,"[, ]","[, ]",--,0.27,42.3252,,,,,,,,Sz114,162.25,M4.8,3175,0.3,0.21,-2.68,0.19,-9.17,0.22,-9.25,",","Alcala+14,17,19",Sz114,3022,0.196,-2.709,nan,nan,0.17,-9.132,0.16,-9.1,0.16,-9.1,--,156.76
Lupus,Sz115,J16090621-3908518,09:06.2,-39:08:51.800,6.4176,0.038,155.82,1.517,155.82,"[-11.225, -24.055]",II,1,"[ALMA, ALMA]","[335.8, 225.66]","[0.890, 1.33]","[0.34x0.28, 0.25x0.24]","[0.24, 0.10]","[Ansdell+2016, Ansdell+2018]","[0.29, -0.20]","[0.18, 0.09]","[<0.54, <0.27]","[<0.14, <0.20]",<0.20,"[, ]","[, ]",--,--,#VALUE!,,,,,,,,Sz115,157.91,M4.5,3197,0.5,0.11,-2.91,0.2,-9.57,0.2,-9.57,",","Alcala+14,17,19",Sz115,3085,0.107,-2.921,0.153,-9.448,0.1624,-9.473,0.13,-9.39,0.153,-9.448,--,155.82
Lupus,J16091644-3904438,J16091644-3904438,09:16.4,-39:04:43.700,--,--,--,--,158,"[, ]",II,1,"[ALMA, ALMA]","[335.8, 225.66]","[0.890, 1.33]","[0.34x0.28, 0.25x0.24]","[0.34, 0.10]","[Ansdell+2016, Ansdell+2018]","[0.24, 0.08]","[0.26, 0.10]","[<0.78, <0.30]","[<0.20, <0.23]",<0.23,"[, ]","[, ]",--,--,#VALUE!,,,,,,,,J16091644-3904438,--,--,--,--,--,--,--,--,--,--,,--,J16091644-3904438,-99,-99,-99,-99,--,-99,--,-99,-99,-99,-99,--,-99
Lupus,J16092032-3904015,J16092032-3904015,09:20.3,-39:04:01.600,--,--,--,--,158,"[, ]",II,1,"[ALMA, ALMA]","[335.8, 225.66]","[0.890, 1.33]","[0.34x0.28, 0.25x0.24]","[0.34, 0.10]","[Ansdell+2016, Ansdell+2018]","[0.13, -0.05]","[0.24, 0.09]","[<0.72, <0.27]","[<0.19, <0.20]",<0.20,"[, ]","[, ]",--,--,#VALUE!,,,,,,,,J16092032-3904015,--,--,--,--,--,--,--,--,--,--,,--,J16092032-3904015,-99,-99,-99,-99,--,-99,--,-99,-99,-99,-99,--,-99
Lupus,J16092317-3904074,J16092317-3904074,09:23.2,-39:04:07.400,--,--,--,--,158,"[, ]",II,1,"[ALMA, ALMA]","[335.8, 225.66]","[0.890, 1.33]","[0.34x0.28, 0.25x0.24]","[0.34, 0.10]","[Ansdell+2016, Ansdell+2018]","[0.25, 0.01]","[0.26, 0.09]","[<0.78, <0.27]","[<0.20, <0.20]",<0.20,"[, ]","[, ]",--,--,#VALUE!,,,,,,,,J16092317-3904074,--,--,--,--,--,--,--,--,--,--,,--,J16092317-3904074,-99,-99,-99,-99,--,-99,--,-99,-99,-99,-99,--,-99
Lupus,J16092697-3836269,J16092697-3836269,09:27.0,-38:36:27.324,6.2817,0.0666,159.19,1.1,159.19,"[-9.252, -22.947]",II,1,"[ALMA, ALMA]","[335.8, 225.66]","[0.890, 1.33]","[0.34x0.28, 0.25x0.24]","[0.35, 0.10]","[Ansdell+2016, Ansdell+2018]","[3.89, 1.76]","[0.27, 0.15]","[3.89, 1.76]","[1.03, 1.34]",1.34,"[, ]","[, ]",--,--,#VALUE!,,,,,,,,SSTc2dJ160927.0-383628,159.35,M4.5,3200,2.2,0.07,-1.5,0.2,-8.25,0.19,-8.23,",","Alcala+14,17,19",J16092697-3836269,3085,0.069,-1.5,0.149,-8.108,0.14,-8.08,0.13,-8.04,0.149,-8.108,--,159.19
Lupus,J160934.2-391513,J160934.2-391513,09:34.2,-39:15:12.700,--,--,--,--,158,"[, ]",F,1,"[ALMA, ALMA]","[335.8, 225.66]","[0.890, 1.33]","[0.34x0.28, 0.25x0.24]","[0.34, 0.10]","[Ansdell+2016, Ansdell+2018]","[-0.56, -0.24]","[0.28, 0.09]","[<0.84, <0.27]","[<0.22, <0.20]",<0.20,"[, ]","[, ]",--,--,#VALUE!,,,,,,,,J160934.2-391513,--,--,--,--,--,--,--,--,--,--,,--,J160934.2-391513,-99,-99,-99,-99,--,-99,--,-99,-99,-99,-99,--,-99
Lupus,J16093928-3904316,J16093928-3904316,09:39.3,-39:04:31.800,--,--,--,--,158,"[, ]",II,1,"[ALMA, ALMA]","[335.8, 225.66]","[0.890, 1.33]","[0.34x0.28, 0.25x0.24]","[0.33, 0.10]","[Ansdell+2016, Ansdell+2018]","[0.12, 0.05]","[0.26, 0.09]","[<0.78, <0.27]","[<0.20, <0.20]",<0.20,"[, ]","[, ]",--,--,#VALUE!,,,,,,,,J16093928-3904316,--,--,--,--,--,--,--,--,--,--,,--,J16093928-3904316,-99,-99,-99,-99,--,-99,--,-99,-99,-99,-99,--,-99
Lupus,Sz117,J16094434-3913301,09:44.3,-39:13:30.555,6.3715,0.0198,156.95,1.209,156.95,"[-8.167, -24.437]",II,1,"[ALMA, ALMA]","[335.8, 225.66]","[0.890, 1.33]","[0.34x0.28, 0.25x0.24]","[0.25, 0.10]","[Ansdell+2016, Ansdell+2018]","[10.47, 4.26]","[0.18, 0.09]","[10.47, 4.26]","[2.69, 3.15]",3.15,"[, ]","[, ]",<,0.08,12.556,,,,,,,,Sz117,158.56,M3.5,3340,0.5,0.28,-2.3,0.25,-8.91,0.29,-8.96,",","Alcala+14,17,19",Sz117,3300,0.274,-2.308,0.237,-8.88,0.2725,-8.939,0.24,-8.89,0.237,-8.88,--,156.95
Lupus,Sz118,J16094864-3911169,09:48.6,-39:11:17.257,6.1935,0.0252,161.46,1.58,161.46,"[-10.573, -23.570]",TD,1,"[ALMA, ALMA]","[335.8, 225.66]","[0.890, 1.33]","[0.34x0.28, 0.25x0.24]","[0.57, 0.13]","[Ansdell+2016, Ansdell+2018]","[63.34, 23.45]","[0.97, 0.26]","[63.34, 23.45]","[17.25, 18.37]",18.37,"[, ]","[, ]",--,0.37,59.7402,,,,,,,,Sz118,163.9,K5,4350,1.9,0.72,-1.97,1.04,-9.21,1.1,-9.24,",","Alcala+14,17,19",Sz118,4210,0.698,-1.983,0.878,-9.13,0.9549,-9.166,0.83,-9.11,0.83,-9.11,--,161.46
Lupus,J16095628-3859518,J16095628-3859518,09:56.3,-38:59:51.973,6.3665,0.0804,157.07,1.012,157.07,"[-9.080, -24.244]",II,1,"[ALMA, ALMA]","[335.8, 225.66]","[0.890, 1.33]","[0.34x0.28, 0.25x0.24]","[0.24, 0.11]","[Ansdell+2016, Ansdell+2018]","[7.44, 2.99]","[0.18, 0.09]","[7.44, 2.99]","[1.92, 2.22]",2.22,"[, ]","[, ]",--,0.1,15.707,,,,,,,,Lup818s,156.93,M6,2990,0,0.02,-4.31,0.08,-10.96,0.1,-11.05,",","Alcala+14,17,19",J16095628-3859518,2860,0.02,-4.309,0.057,-10.7,nan,nan,nan,nan,0.057,-10.7,--,157.07
Lupus,J16100133-3906449,J16100133-3906449,10:01.3,-39:06:44.900,5.4313,0.1656,184.12,1.258,184.12,"[-10.587, -23.981]",II,1,"[ALMA, ALMA]","[335.8, 225.66]","[0.890, 1.33]","[0.34x0.28, 0.25x0.24]","[0.30, 0.10]","[Ansdell+2016, Ansdell+2018]","[0.33, -0.06]","[0.25, 0.09]","[<0.75, <0.27]","[<0.27, <0.28]",<0.28,"[, ]","[, ]",--,--,#VALUE!,,,,,,,,J16100133-3906449,192.56,M6.5,2935,1.7,0.19,-3.43,nan,nan,0.14,-9.74,",","Alcala+14,17,19",J16100133-3906449,2815,0.173,-3.468,nan,nan,0.1,-9.625,nan,nan,0.1,-9.625,--,184.12
Lupus,J16101307-3846165,J16101307-3846165,10:13.1,-38:46:16.800,6.8894,0.2427,145.15,0.963,145.15,"[-16.222, -26.469]",F,1,"[ALMA, ALMA]","[335.8, 225.66]","[0.890, 1.33]","[0.34x0.28, 0.25x0.24]","[0.24, 0.10]","[Ansdell+2016, Ansdell+2018]","[0.01, -0.02]","[0.19, 0.09]","[<0.57, <0.27]","[<0.13, <0.17]",<0.17,"[, ]","[, ]",--,--,#VALUE!,,,,,,,,J16101307-3846165,--,--,--,--,--,--,--,--,--,--,,--,J16101307-3846165,-99,-99,-99,-99,--,-99,--,-99,-99,-99,-99,--,-99
Lupus,J16101857-3836125,J16101857-3836125,10:18.6,-38:36:13.000,6.2267,0.0982,160.6,1.043,160.6,"[-8.994, -25.216]",II,1,"[ALMA, ALMA]","[335.8, 225.66]","[0.890, 1.33]","[0.34x0.28, 0.25x0.24]","[0.22, 0.10]","[Ansdell+2016, Ansdell+2018]","[-0.46, 0.09]","[0.18, 0.09]","[<0.54, <0.27]","[<0.15, <0.21]",<0.21,"[, ]","[, ]",--,--,#VALUE!,,,,,,,,J16101857-3836125,158.8,M5,3125,0.5,0.04,-4,0.15,-10.76,0.14,-10.72,",","Alcala+14,17,19",J16101857-3836125,2980,0.04,-3.99,0.096,-10.49,0.1,-10.51,0.09,-10.46,0.096,-10.49,--,160.6
Lupus,J16101984-3836065,J16101984-3836065,10:19.8,-38:36:06.800,6.2989,0.1152,158.76,1.043,158.76,"[-8.978, -25.243]",II,1,"[ALMA, ALMA]","[335.8, 225.66]","[0.890, 1.33]","[0.34x0.28, 0.25x0.24]","[0.23, 0.10]","[Ansdell+2016, Ansdell+2018]","[0.55, -0.06]","[0.19, 0.09]","[<0.57, <0.27]","[<0.15, <0.20]",<0.20,"[, ]","[, ]",<,0.67,106.3692,,,,,,,,J16101984-3836065,158.58,M6.5,2935,0,0.04,-4.1,0.08,-10.52,0.1,-10.59,",","Alcala+14,17,19",J16101984-3836065,2815,0.04,-4.099,0.061,-10.35,nan,nan,nan,nan,0.061,-10.35,--,158.76
Lupus,J16102741-3902299,J16102741-3902299,10:27.4,-39:02:30.200,--,--,--,--,158,"[, ]",F,1,"[ALMA, ALMA]","[335.8, 225.66]","[0.890, 1.33]","[0.34x0.28, 0.25x0.24]","[0.33, 0.10]","[Ansdell+2016, Ansdell+2018]","[0.59, -0.06]","[0.27, 0.09]","[<0.81, <0.27]","[<0.21, <0.20]",<0.20,"[, ]","[, ]",--,--,#VALUE!,,,,,,,,J16102741-3902299,--,--,--,--,--,--,--,--,--,--,,--,J16102741-3902299,-99,-99,-99,-99,--,-99,--,-99,-99,-99,-99,--,-99
Lupus,J16102955-3922144,J16102955-3922144,10:29.5,-39:22:14.906,6.2329,0.0417,160.44,1.057,160.44,"[-9.292, -24.653]",TD,1,"[ALMA, ALMA]","[335.8, 225.66]","[0.890, 1.33]","[0.34x0.28, 0.25x0.24]","[0.22, 0.10]","[Ansdell+2016, Ansdell+2018]","[7.14, 2.94]","[0.35, 0.22]","[7.14, 2.94]","[1.92, 2.27]",2.27,"[, ]","[, ]",--,0.19,30.4836,,,,,,,,J16102955-3922144,163.23,M4.5,3200,0.9,0.11,-3.38,0.2,-10.05,0.2,-10.06,"td,","Alcala+14,17,19",J16102955-3922144,3085,0.106,-3.394,0.153,-9.923,0.1599,-9.941,0.13,-9.86,0.153,-9.923,--,160.44
Lupus,Sz123B,J16105158-3853137,10:51.3,-38:53:12.800,0.6665,0.1343,1500.38,0.989,158,"[0.061, -6.111]",II,1,"[ALMA, ALMA]","[335.8, 225.66]","[0.890, 1.33]","[0.34x0.28, 0.25x0.24]","[0.24, 0.10]","[Ansdell+2016, Ansdell+2018]","[-0.28, -0.21]","[0.19, 0.10]","[<0.57, <0.30]","[<0.15, <0.23]",<0.23,"[, ]","[, ]",--,--,#VALUE!,,,,,,,,Sz123B,158.5,M2,3560,0,0.03,-2.9,0.4,-10.24,0.32,-10.13,"sl,","Alcala+14,17,19",Sz123B,3560,0.029,-2.902,0.387,-10.23,0.32,-10.15,0.38,-10.23,0.387,-10.23,SL,158.5
Lupus,Sz123A,J16105158-3853137,10:51.6,-38:53:14.171,6.1656,0.0248,162.19,1.338,162.19,"[-8.992, -23.381]",TD,1,"[ALMA, ALMA]","[335.8, 225.66]","[0.890, 1.33]","[0.34x0.28, 0.25x0.24]","[0.32, 0.11]","[Ansdell+2016, Ansdell+2018]","[40.64, 16.06]","[0.56, 0.34]","[40.64, 16.06]","[11.17, 12.70]",12.7,"[, 0.37]","[, 0.01]",--,--,#VALUE!,,,,,,,,Sz123A,158.5,M1,3705,1.25,0.13,-2,0.55,-9.21,0.46,-9.12,"td,","Alcala+14,17,19",Sz123A,3720,0.136,-1.98,0.557,-9.177,0.4575,-9.091,0.57,-9.19,0.557,-9.177,--,162.19
Lupus,J16115979-3823383,J16115979-3823383,11:59.8,-38:23:38.500,6.2345,0.0602,160.4,1.051,160.4,"[-8.784, -22.763]",II,1,"[ALMA, ALMA]","[335.8, 225.66]","[0.890, 1.33]","[0.34x0.28, 0.25x0.24]","[0.21, 0.10]","[Ansdell+2016, Ansdell+2018]","[0.09, 0.09]","[0.18, 0.09]","[<0.54, <0.27]","[<0.15, <0.21]",<0.21,"[, ]","[, ]",--,--,#VALUE!,,,,,,,,J16115979-3823383,--,--,--,--,--,--,--,--,--,--,,--,J16115979-3823383,-99,-99,-99,-99,--,-99,--,-99,-99,-99,-99,--,-99
Lupus,J16120445-3809589,J16120445-3809589,12:04.5,-38:09:59.000,0.3781,0.5294,2644.8,1.053,158,"[1.333, 0.610]",F,1,"[ALMA, ALMA]","[335.8, 225.66]","[0.890, 1.33]","[0.34x0.28, 0.25x0.24]","[0.35, 0.10]","[Ansdell+2016, Ansdell+2018]","[-0.04, 0.05]","[0.28, 0.09]","[<0.84, <0.27]","[<0.22, <0.20]",<0.20,"[, ]","[, ]",--,--,#VALUE!,,,,,,,,J16120445-3809589,--,--,--,--,--,--,--,--,--,--,,--,J16120445-3809589,-99,-99,-99,-99,--,-99,--,-99,-99,-99,-99,--,-99
Lupus,J16124373-3815031,J16124373-3815031,12:43.7,-38:15:03.471,6.2559,0.0178,159.85,1.19,159.85,"[-8.499, -22.413]",II,1,"[ALMA, ALMA]","[335.8, 225.66]","[0.890, 1.33]","[0.34x0.28, 0.25x0.24]","[0.38, 0.10]","[Ansdell+2016, Ansdell+2018]","[29.88, 11.77]","[0.49, 0.16]","[29.88, 11.77]","[7.98, 9.04]",9.04,"[, ]","[, ]",<,0.07,11.1895,,,,,,,,J16124373-3815031,159.81,M1,3705,0.8,0.39,-2.19,0.45,-9.07,0.46,-9.08,",","Alcala+14,17,19",J16124373-3815031,3720,0.39,-2.189,0.47,-9.084,0.4749,-9.089,0.47,-9.08,0.47,-9.084,--,159.85
Lupus,J16134410-3736462,J16134410-3736462,13:44.1,-37:36:46.598,6.3072,0.0519,158.55,1.152,158.55,"[-13.438, -23.332]",II,1,"[ALMA, ALMA]","[335.8, 225.66]","[0.890, 1.33]","[0.34x0.28, 0.25x0.24]","[0.39, 0.10]","[Ansdell+2016, Ansdell+2018]","[2.14, 0.69]","[0.30, 0.09]","[2.14, 0.69]","[0.56, 0.52]",0.52,"[, ]","[, ]",<,0.74,117.327,,,,,,,,J16134410-3736462,160,M5,3125,0.6,0.04,-2.49,0.16,-9.24,0.15,-9.2,",","Alcala+14,17,19",J16134410-3736462,2980,0.039,-2.497,0.096,-9.012,0.1,-9.026,0.09,-8.98,0.096,-9.012,--,158.55
Lupus,AKC2006-18,J15414081-3345188,41:40.8,-33:45:19.0,6.5848,0.2692,151.86,1.047,151.86,"[-18.837, -22.058]",II,1,"[ALMA, ALMA]","[??, ]","[0.890, ]","[0.36x0.33, ]","[0.08, ]","[Sanchis+2019, ]","[<0.23, ]","[??, ]","[<0.23, ]","[<0.06, ]",<0.06,,,,,0,,,,,,,,AKC2006-18,149,M6.5,2935,,0.01,-4.6,0.07,-11.23,nan,nan,",","Alcala+14,17,19",AKC2006-18,2815,0.01,-4.583,0.044,-10.99,nan,nan,nan,nan,0.044,-10.99,--,151.87
Lupus,J154518.5-342125,J15451851-3421246,45:18.5,-34:21:24.8,6.535,0.0931,153.02,1.252,153.02,"[-15.147, -22.429]",II,1,"[ALMA, ALMA]","[??, ]","[0.890, ]","[0.36x0.33, ]","[0.12, ]","[Sanchis+2019, ]","[5.65, ]","[??, ]","[5.65, ]","[1.38, ]",1.38,,,,,0,,,,,,,,SSTc2dJ154518.5-342125,152,M6.5,2935,,0.04,-4.29,0.08,-10.72,0.1,-10.79,",","Alcala+14,17,19",J154518.5-342125,2815,0.04,-4.284,0.062,-10.54,nan,nan,nan,nan,0.062,-10.54,--,153.02
Lupus,Lup706,J16083733-3923109,08:37.3,-39:23:10.8,5.8581,0.6188,170.7,1.106,170.7,"[-11.652, -24.017]",II,1,"[ALMA, ALMA]","[??, ]","[0.890, ]","[0.36x0.33, ]","[0.10, ]","[Sanchis+2019, ]","[0.79, ]","[??, ]","[0.79, ]","[0.24, ]",0.24,,,,,0,,,,,,,,Lup706,159,M7.5,2795,,0.002,-5,0.06,-11.9,nan,nan,"sl,","Alcala+14,17,19",Lup706,2720,0.002,-4.938,0.043,-11.63,nan,nan,nan,nan,0.043,-11.63,SL,170.7
Lupus,SONYC-Lup3-7,J16085953-3856275,08:59.5,-38:56:27.6,6.4165,0.2092,155.85,0.975,155.85,"[-10.000, -23.756]",II,1,"[ALMA, ALMA]","[??, ]","[0.890, ]","[0.36x0.33, ]","[0.07, ]","[Sanchis+2019, ]","[0.52, ]","[??, ]","[0.52, ]","[0.13, ]",0.13,,,,,0,,,,,,,,2MASSJ16085953-3856275,150,M8.5,2600,,0.01,-4.85,0.02,-11.02,nan,nan,",","Alcala+14,17,19",SONYC-Lup3-7,2620,0.01,-4.816,0.023,-10.88,nan,nan,nan,nan,0.023,-10.88,--,155.85
Lupus,SONYC-Lup3-10,--,09:13.4,-38:58:04.9,--,--,--,--,158,"[, ]",II,1,"[ALMA, ALMA]","[??, ]","[0.890, ]","[0.36x0.33, ]","[0.07, ]","[Sanchis+2019, ]","[<0.24, ]","[??, ]","[<0.24, ]","[<0.06, ]",<0.06,,,,,0,,,,,,,,SONYC-Lup3-10,158.5,M8.8,2650,,0.003,--,0.03,--,nan,nan,",",Muzic+14,SONYC-Lup3-10,2590,0.002,-99,0.023,-105.3,nan,nan,nan,nan,0.023,-105.3,--,158.5
USco,J15354856-2958551,J15354856-2958551,35:48.6,-29:58:55.182,11.384,0.1373,87.84,0.838,87.84,"[-27.780, -41.773]",Full,1,"[ALMA, ]","[341.1, ]","[0.880, ]","[0.35, ]","[??, ]","[Barenfeld+2016, ]","[1.92, ]","[0.15, ]","[1.92, ]","[0.15, ]",0.15,"[0.100, ]","[(-0.071, 0.129), ]",<,0.18,15.8112,,,,,,,,J15354856-2958551,145,M4.5,3200,0,0.1,-2.768,0.2,-9.452225295,--,--,"B15,Y",Manara+20,J15354856-2958551,3085,0.036,-3.203,0.136,-9.91,0.12,-9.856,0.12,-9.84,0.136,-9.91,--,145
USco,J15514032-2146103,J15514032-2146103,51:40.3,-21:46:10.387,7.1002,0.0402,140.84,1.173,140.84,"[-14.299, -23.537]",Evolved,1,"[ALMA, ]","[341.1, ]","[0.880, ]","[0.35, ]","[??, ]","[Barenfeld+2016, ]","[0.76, ]","[0.16, ]","[0.76, ]","[0.15, ]",0.15,"[0.093, ]","[(-0.071, 0.250), ]",<,0.62,87.3208,,,,,,,,J15514032-2146103,142.19,M4.5,3200,0.3,0.05,-3.477,0.19,-10.30016227,--,--,"B15,Y",Manara+20,J15514032-2146103,3085,0.049,-3.485,0.143,-10.15,0.125,-10.09,0.12,-10.08,0.143,-10.15,--,140.84
USco,J15521088-2125372,J15521088-2125372,52:10.9,-21:25:37.200,6.4543,0.216,154.94,1.079,154.94,"[-13.953, -22.218]",Full,1,"[ALMA, ]","[341.1, ]","[0.880, ]","[0.35, ]","[??, ]","[Barenfeld+2016, ]","[-0.10, ]","[0.15, ]","[<0.45, ]","[<0.11, ]",<0.11,"[, ]","[, ]",--,--,#VALUE!,,,,,,,,J15521088-2125372,--,--,--,--,--,--,--,--,--,--,,,J15521088-2125372,-99,-99,-99,-99,--,-99,--,-99,-99,-99,-99,--,-99
USco,J15530132-2114135,J15530132-2114135,53:01.3,-21:14:13.564,6.991,0.0516,143.04,1.225,143.04,"[-13.386, -22.753]",Full,1,"[ALMA, ]","[341.1, ]","[0.880, ]","[0.35, ]","[??, ]","[Barenfeld+2016, ]","[5.78, ]","[0.14, ]","[5.78, ]","[1.20, ]",1.2,"[0.057, ]","[(-0.014, 0.036), ]",--,0.09,12.8736,,,,,,,,J15530132-2114135,146.34,M4.5,3200,0.8,0.05,-3.007,0.19,-9.818156412,--,--,"B15,Y",Manara+20,J15530132-2114135,3085,0.047,-3.026,0.142,-9.696,0.125,-9.64,0.12,-9.62,0.142,-9.696,--,143.04
USco,J15534211-2049282,J15534211-2049282,53:42.1,-20:49:28.218,7.3608,0.1338,135.85,5.65,142,"[-12.749, -19.809]",Full,1,"[ALMA, ]","[341.1, ]","[0.880, ]","[0.35, ]","[??, ]","[Barenfeld+2016, ]","[2.93, ]","[0.29, ]","[2.93, ]","[0.60, ]",0.63,"[0.321, ]","[(-0.050, 0.150), ]",--,0.25,35.5,,,,,,,Also has size from C14,J15534211-2049282,135.62,M4,3270,1.2,0.09,-2.625,0.24,-9.436518915,--,--,"B15,Y",Manara+20,J15534211-2049282,3190,0.102,-2.566,0.198,-9.242,0.1975,-9.241,0.18,-9.19,0.198,-9.242,--,145
USco,J15551704-2322165,J15551704-2322165,55:17.0,-23:22:16.597,8.0817,0.0472,123.74,2.961,142,"[-18.582, -28.253]",Debris/Ev. Trans.,0,"[ALMA, ]","[341.1, ]","[0.880, ]","[0.35, ]","[??, ]","[Barenfeld+2016, ]","[0.11, ]","[0.15, ]","[<0.45, ]","[<0.09, ]",<0.10,"[, ]","[, ]",--,--,#VALUE!,,,,,,,,J15551704-2322165,--,--,--,--,--,--,--,--,--,--,,,J15551704-2322165,-99,-99,-99,-99,--,-99,--,-99,-99,-99,-99,--,-99
USco,J15554883-2512240,J15554883-2512240,55:48.8,-25:12:24.098,6.9654,0.0198,143.57,1.049,143.57,"[-15.729, -23.525]",Debris/Ev. Trans.,0,"[ALMA, ]","[341.1, ]","[0.880, ]","[0.35, ]","[??, ]","[Barenfeld+2016, ]","[-0.14, ]","[0.15, ]","[<0.45, ]","[<0.09, ]",<0.09,"[, ]","[, ]",--,--,#VALUE!,,,,,,,,J15554883-2512240,--,--,--,--,--,--,--,--,--,--,,,J15554883-2512240,-99,-99,-99,-99,--,-99,--,-99,-99,-99,-99,--,-99
USco,J15562477-2225552,J15562477-2225552,56:24.8,-22:25:55.258,7.0236,0.039,142.38,1.124,142.38,"[-13.530, -23.737]",Full,1,"[ALMA, ]","[340.7, ]","[0.880, ]","[0.80x0.48, ]","[0.15, ]","[Carpenter+2014, ]","[0.28, ]","[0.18, ]","[<0.54, ]","[<0.11, ]",<0.11,"[, ]","[, ]",--,--,#VALUE!,,,,,,,,J15562477-2225552,--,--,--,--,--,--,--,--,--,--,,,J15562477-2225552,-99,-99,-99,-99,--,-99,--,-99,-99,-99,-99,--,-99
USco,J15570641-2206060,J15570641-2206060,57:06.4,-22:06:06.098,6.8807,0.0474,145.33,1.14,145.33,"[-12.545, -23.519]",Full,1,"[ALMA, ]","[340.7, ]","[0.880, ]","[0.91x0.48, ]","[0.20, ]","[Carpenter+2014, ]","[0.32, ]","[0.20, ]","[<0.60, ]","[<0.13, ]",<0.13,"[, ]","[, ]",--,--,#VALUE!,,,,,,,,J15570641-2206060,--,--,--,--,--,--,--,--,--,--,,,J15570641-2206060,-99,-99,-99,-99,--,-99,--,-99,-99,-99,-99,--,-99
USco,J15572986-2258438,J15572986-2258438,57:29.9,-22:58:43.846,--,--,--,--,142,"[, ]",Evolved,1,"[ALMA, ]","[340.7, ]","[0.880, ]","[0.86x0.48, ]","[0.19, ]","[Carpenter+2014, ]","[-0.04, ]","[0.20, ]","[<0.60, ]","[<0.12, ]",<0.13,"[, ]","[, ]",--,--,#VALUE!,,,,,,,,J15572986-2258438,--,--,--,--,--,--,--,--,--,--,,,J15572986-2258438,-99,-99,-99,-99,--,-99,--,-99,-99,-99,-99,--,-99
USco,J15581270-2328364,J15581270-2328364,58:12.7,-23:28:36.408,6.8633,0.0179,145.7,0.99,145.7,"[-12.919, -23.509]",Debris/Ev. Trans.,0,"[ALMA, ]","[341.1, ]","[0.880, ]","[0.35, ]","[??, ]","[Barenfeld+2016, ]","[0.00, ]","[0.15, ]","[<0.45, ]","[<0.10, ]",<0.10,"[, ]","[, ]",--,--,#VALUE!,,,,,,,,J15581270-2328364,--,--,--,--,--,--,--,--,--,--,,,J15581270-2328364,-99,-99,-99,-99,--,-99,--,-99,-99,-99,-99,--,-99
USco,J15582981-2310077,J15582981-2310077,58:29.8,-23:10:07.716,7.0857,0.0495,141.13,1.201,141.13,"[-12.641, -24.320]",Full,1,"[ALMA, ]","[340.7, ]","[0.880, ]","[0.76x0.48, ]","[0.20, ]","[Carpenter+2014, ]","[5.86, ]","[0.18, ]","[5.86, ]","[1.19, ]",1.19,"[0.093, ]","[(-0.021, 0.071), ]",--,0.17,23.9921,,,,,,,,J15582981-2310077,147.51,M4.5,3200,1,0.05,-2.332,0.19,-9.145086978,--,--,"B15,Y",Manara+20,J15582981-2310077,3085,0.045,-2.37,0.144,-9.054,0.1325,-9.018,0.12,-8.97,0.144,-9.054,--,141.13
USco,J15583692-2257153,J15583692-2257153,58:36.9,-22:57:15.336,5.9759,0.0182,167.34,1.126,167.34,"[-10.755, -21.026]",Full,1,"[ALMA, ]","[341.1, ]","[0.880, ]","[0.35, ]","[??, ]","[Barenfeld+2016, ]","[174.92, ]","[0.27, ]","[174.92, ]","[49.73, ]",49.73,"[, ]","[, ]",--,0.48,80.3232,,,,,,,,J15583692-2257153,166.09,K0,5110,0,2.57,-0.498,1.63,-7.798602876,--,--,"S00,Y",Manara+20,J15583692-2257153,4870,2.608,-0.491,nan,nan,1.725,-7.772,1.48,-7.71,1.48,-7.71,--,167.34
USco,J15584772-1757595,J15584772-1757595,58:47.7,-17:57:59.548,7.2356,0.023,138.21,1.371,138.21,"[-13.324, -21.367]",Debris/Ev. Trans.,0,"[ALMA, ]","[341.1, ]","[0.880, ]","[0.35, ]","[??, ]","[Barenfeld+2016, ]","[-0.20, ]","[0.15, ]","[<0.45, ]","[<0.09, ]",<0.09,"[, ]","[, ]",--,--,#VALUE!,,,,,,,,J15584772-1757595,--,--,--,--,--,--,--,--,--,--,,,J15584772-1757595,-99,-99,-99,-99,--,-99,--,-99,-99,-99,-99,--,-99
USco,J16001330-2418106,J16001330-2418106,00:13.3,-24:18:10.627,6.8228,0.0201,146.57,1.157,146.57,"[-12.229, -23.790]",Debris/Ev. Trans.,0,"[ALMA, ]","[341.1, ]","[0.880, ]","[0.35, ]","[??, ]","[Barenfeld+2016, ]","[0.05, ]","[0.15, ]","[<0.45, ]","[<0.10, ]",<0.10,"[, ]","[, ]",--,--,#VALUE!,,,,,,,,J16001330-2418106,--,--,--,--,--,--,--,--,--,--,,,J16001330-2418106,-99,-99,-99,-99,--,-99,--,-99,-99,-99,-99,--,-99
USco,J16001730-2236504,J16001730-2236504,00:17.3,-22:36:50.461,6.892,0.0356,145.1,1.656,145.1,"[-10.405, -23.713]",Full,1,"[ALMA, ]","[341.1, ]","[0.880, ]","[0.35, ]","[??, ]","[Barenfeld+2016, ]","[0.10, ]","[0.15, ]","[<0.45, ]","[<0.10, ]",<0.10,"[, ]","[, ]",--,--,#VALUE!,,,,,,,,J16001730-2236504,--,--,--,--,--,--,--,--,--,--,,,J16001730-2236504,-99,-99,-99,-99,--,-99,--,-99,-99,-99,-99,--,-99
USco,J16001844-2230114,J16001844-2230114,00:18.4,-22:30:11.488,6.1605,0.4056,162.32,15.187,142,"[-6.673, -17.063]",Full,1,"[ALMA, ]","[341.1, ]","[0.880, ]","[0.35, ]","[??, ]","[Barenfeld+2016, ]","[3.89, ]","[0.15, ]","[3.89, ]","[0.80, ]",0.83,"[0.214, ]","[(-0.064, 0.036), ]",<,0.09,12.78,,,,,,,,J16001844-2230114,137.67,M4.5,3200,0.8,0.08,-1.954,0.2,-8.692503962,--,--,"B15,Y",Manara+20,J16001844-2230114,3085,0.088,-1.908,0.152,-8.474,0.1574,-8.488,0.13,-8.4,0.152,-8.474,--,145
USco,J16014086-2258103,J16014086-2258103,01:40.9,-22:58:10.384,7.3609,0.0681,135.85,1.396,135.85,"[-11.371, -24.724]",Full,1,"[ALMA, ]","[341.1, ]","[0.880, ]","[0.35, ]","[??, ]","[Barenfeld+2016, ]","[3.45, ]","[0.14, ]","[3.45, ]","[0.65, ]",0.65,"[0.257, ]","[(-0.064, 0.064), ]",<,0.1,13.585,,,,,,,,J16014086-2258103,145,M3,3415,1.2,0.12,-1.229,0.31,-8.129596095,--,--,"B15,Y",Manara+20,J16014086-2258103,3410,0.105,-1.285,0.319,-8.221,0.2875,-8.175,0.31,-8.21,0.319,-8.221,--,135.85
USco,J16014157-2111380,J16014157-2111380,01:41.6,-21:11:38.080,7.0642,0.0695,141.56,1.01,141.56,"[-11.699, -23.222]",Full,1,"[ALMA, ]","[341.1, ]","[0.880, ]","[0.35, ]","[??, ]","[Barenfeld+2016, ]","[0.66, ]","[0.14, ]","[0.66, ]","[0.13, ]",0.13,"[0.064, ]","[(-0.064, 0.129), ]",<,0.7,99.092,,,,,,,,J16014157-2111380,--,--,--,--,--,--,--,--,--,--,,,J16014157-2111380,-99,-99,-99,-99,--,-99,--,-99,-99,-99,-99,--,-99
USco,J16020039-2221237,J16020039-2221237,02:00.4,-22:21:23.738,7.063,0.0322,141.58,1.757,141.58,"[-11.851, -23.838]",Debris/Ev. Trans.,0,"[ALMA, ]","[341.1, ]","[0.880, ]","[0.35, ]","[??, ]","[Barenfeld+2016, ]","[-0.08, ]","[0.14, ]","[<0.42, ]","[<0.09, ]",<0.09,"[, ]","[, ]",--,--,#VALUE!,,,,,,,,J16020039-2221237,--,--,--,--,--,--,--,--,--,--,,,J16020039-2221237,-99,-99,-99,-99,--,-99,--,-99,-99,-99,-99,--,-99
USco,J16020287-2236139,J16020287-2236139,02:02.9,-22:36:13.954,3.3799,0.6209,295.87,14.338,142,"[-12.801, -30.468]",Debris/Ev. Trans.,0,"[ALMA, ]","[341.1, ]","[0.880, ]","[0.35, ]","[??, ]","[Barenfeld+2016, ]","[0.04, ]","[0.15, ]","[<0.45, ]","[<0.09, ]",<0.10,"[, ]","[, ]",--,--,#VALUE!,,,,,,,,J16020287-2236139,--,--,--,--,--,--,--,--,--,--,,,J16020287-2236139,-99,-99,-99,-99,--,-99,--,-99,-99,-99,-99,--,-99
USco,J16020757-2257467,J16020757-2257467,02:07.6,-22:57:46.778,7.1084,0.0198,140.68,1.23,140.68,"[-12.100, -25.029]",Full,1,"[ALMA, ]","[341.1, ]","[0.880, ]","[0.35, ]","[??, ]","[Barenfeld+2016, ]","[5.26, ]","[0.27, ]","[5.26, ]","[1.06, ]",1.06,"[0.336, ]","[(-0.050, 0.057), ]",--,0.17,23.9156,,,,,,,Also has size from C14,J16020757-2257467,140.28,M2,3560,0.4,0.08,-3.803,0.44,-10.96657624,--,--,"B15,Y",Manara+20,J16020757-2257467,3560,0.08,-3.8,0.449,-10.98,0.3449,-10.86,0.44,-10.97,0.449,-10.98,--,140.68
USco,J16024152-2138245,J16024152-2138245,02:41.5,-21:38:24.562,7.1153,0.0641,140.54,1.138,140.54,"[-11.857, -23.956]",Full,1,"[ALMA, ]","[341.1, ]","[0.880, ]","[0.35, ]","[??, ]","[Barenfeld+2016, ]","[10.25, ]","[0.19, ]","[10.25, ]","[2.06, ]",2.06,"[0.171, ]","[(-0.021, 0.021), ]",--,0.06,8.4324,,,,,,,Also has size from C14,J16024152-2138245,141.8,M5.5,3060,0.6,0.03,-2.863,0.12,-9.559090918,--,--,"B15,Y",Manara+20,J16024152-2138245,2920,0.029,-2.87,0.074,-9.316,nan,nan,0.09,-9.4,0.074,-9.316,--,140.54
USco,J16025123-2401574,J16025123-2401574,02:51.2,-24:01:57.450,6.8951,0.0194,145.03,1.246,145.03,"[-11.802, -23.986]",Debris/Ev. Trans.,0,"[ALMA, ]","[341.1, ]","[0.880, ]","[0.35, ]","[??, ]","[Barenfeld+2016, ]","[0.07, ]","[0.15, ]","[<0.45, ]","[<0.10, ]",<0.10,"[, ]","[, ]",--,--,#VALUE!,,,,,,,,J16025123-2401574,--,--,--,--,--,--,--,--,--,--,,,J16025123-2401574,-99,-99,-99,-99,--,-99,--,-99,-99,-99,-99,--,-99
USco,J16030161-2207523,J16030161-2207523,03:01.6,-22:07:52.399,7.1244,0.0692,140.36,1.079,140.36,"[-11.466, -23.778]",Full,1,"[ALMA, ]","[341.1, ]","[0.880, ]","[0.35, ]","[??, ]","[Barenfeld+2016, ]","[2.81, ]","[0.12, ]","[2.81, ]","[0.56, ]",0.56,"[0.136, ]","[(-0.057, 0.050), ]",<,0.16,22.4576,,,,,,,,J16030161-2207523,--,--,--,--,--,--,--,--,--,--,,,J16030161-2207523,-99,-99,-99,-99,--,-99,--,-99,-99,-99,-99,--,-99
USco,J16031329-2112569,J16031329-2112569,03:13.3,-21:12:56.905,7.2667,0.0514,137.61,1.114,137.61,"[-12.174, -23.995]",Full,1,"[ALMA, ]","[341.1, ]","[0.880, ]","[0.35, ]","[??, ]","[Barenfeld+2016, ]","[0.06, ]","[0.12, ]","[<0.36, ]","[<0.07, ]",<0.07,"[, ]","[, ]",--,--,#VALUE!,,,,,,,,J16031329-2112569,--,--,--,--,--,--,--,--,--,--,,,J16031329-2112569,-99,-99,-99,-99,--,-99,--,-99,-99,-99,-99,--,-99
USco,J16032225-2413111,J16032225-2413111,03:22.3,-24:13:11.118,7.1403,0.0316,140.05,1.331,140.05,"[-11.352, -24.450]",Full,1,"[ALMA, ]","[341.1, ]","[0.880, ]","[0.35, ]","[??, ]","[Barenfeld+2016, ]","[2.42, ]","[0.15, ]","[2.42, ]","[0.48, ]",0.48,"[0.107, ]","[(-0.079, 0.093), ]",--,--,#VALUE!,,,,,,,,J16032225-2413111,--,--,--,--,--,--,--,--,--,--,,,J16032225-2413111,-99,-99,-99,-99,--,-99,--,-99,-99,-99,-99,--,-99
USco,J16035767-2031055,J16035767-2031055,03:57.7,-20:31:05.513,7.0001,0.0217,142.86,1.779,142.86,"[-11.570, -22.844]",Full,1,"[ALMA, ]","[340.7, ]","[0.880, ]","[0.65x0.48, ]","[0.45, ]","[Carpenter+2014, ]","[4.30, ]","[0.39, ]","[4.30, ]","[0.89, ]",0.89,"[0.821, ]","[(-0.329, 0.629), ]",--,0.23,32.8578,,,,,,,,J16035767-2031055,142.58,K6,4205,0.7,0.48,-1.814,0.91,-9.055024092,--,--,"B15,Y",Manara+20,J16035767-2031055,4115,0.481,-1.812,0.829,-8.995,0.8824,-9.022,0.8,-8.98,0.8,-8.98,--,142.86
USco,J16035793-1942108,J16035793-1942108,03:57.9,-19:42:10.818,6.4857,0.0285,154.19,1.221,154.19,"[-11.270, -22.096]",Full,1,"[ALMA, ]","[341.1, ]","[0.880, ]","[0.35, ]","[??, ]","[Barenfeld+2016, ]","[1.17, ]","[0.14, ]","[1.17, ]","[0.28, ]",0.28,"[1.236, ]","[(-0.429, 0.329), ]",--,--,#VALUE!,,,,,,,,J16035793-1942108,157.98,M2,3560,0.3,0.13,-5.13,0.42,-12.17457388,--,--,"B15,N",Manara+20,J16035793-1942108,3560,0.123,-5.151,0.422,-12.21,0.365,-12.14,0.43,-12.22,0.422,-12.21,<,154.19
USco,J16041740-1942287,J16041740-1942287,04:17.4,-19:42:28.739,6.4892,0.0309,154.1,1.164,154.1,"[-9.859, -21.646]",Full,1,"[ALMA, ]","[341.1, ]","[0.880, ]","[0.35, ]","[??, ]","[Barenfeld+2016, ]","[0.89, ]","[0.14, ]","[0.89, ]","[0.21, ]",0.21,"[0.064, ]","[(-0.057, 0.100), ]",<,0.44,67.804,,,,,,,,J16041740-1942287,161.23,M3,3415,0.7,0.14,-4.352,0.31,-11.21896306,--,--,"B15,N",Manara+20,J16041740-1942287,3410,0.127,-4.391,0.306,-11.26,0.2975,-11.25,0.31,-11.28,0.306,-11.26,<,154.1
USco,J16042165-2130284,J16042165-2130284,04:21.7,-21:30:28.400,6.8819,0.0269,145.31,1.754,145.31,"[-12.445, -23.805]",Transitional,1,"[ALMA, ]","[340.7, ]","[0.880, ]","[0.76x0.45, ]","[0.19, ]","[Carpenter+2014, ]","[218.76, ]","[0.81, ]","[218.76, ]","[46.90, ]",46.9,"[, ]","[, ]",--,0.67,97.3577,,,,,,,,J16042165-2130284,150.12,K3,4730,1.4,0.9,-3.168,1.24,-10.51004152,--,--,"B15,N",Manara+20,J16042165-2130284,4540,0.843,-3.196,1.18,-10.49,1.215,-10.5,1.13,-10.48,1.13,-10.48,<,145.31
USco,J16043916-1942459,J16043916-1942459,04:39.2,-19:42:45.972,6.625,0.0332,150.94,1.175,150.94,"[-9.287, -21.558]",Debris/Ev. Trans.,0,"[ALMA, ]","[341.1, ]","[0.880, ]","[0.35, ]","[??, ]","[Barenfeld+2016, ]","[0.49, ]","[0.15, ]","[0.49, ]","[0.11, ]",0.11,"[0.329, ]","[(-0.300, 0.150), ]",--,--,#VALUE!,,,,,,,,J16043916-1942459,--,--,--,--,--,--,--,--,--,--,,,J16043916-1942459,-99,-99,-99,-99,--,-99,--,-99,-99,-99,-99,--,-99
USco,J16050231-1941554,J16050231-1941554,05:02.3,-19:41:55.435,6.4789,0.0501,154.35,1.084,154.35,"[-9.562, -21.920]",Debris/Ev. Trans.,0,"[ALMA, ]","[341.1, ]","[0.880, ]","[0.35, ]","[??, ]","[Barenfeld+2016, ]","[-0.16, ]","[0.15, ]","[<0.45, ]","[<0.11, ]",<0.11,"[, ]","[, ]",--,--,#VALUE!,,,,,,,,J16050231-1941554,--,--,--,--,--,--,--,--,--,--,,,J16050231-1941554,-99,-99,-99,-99,--,-99,--,-99,-99,-99,-99,--,-99
USco,J16052459-1954419,J16052459-1954419,05:24.6,-19:54:41.904,6.5581,0.0307,152.48,1.116,152.48,"[-9.359, -21.930]",Debris/Ev. Trans.,0,"[ALMA, ]","[341.1, ]","[0.880, ]","[0.35, ]","[??, ]","[Barenfeld+2016, ]","[0.22, ]","[0.15, ]","[<0.45, ]","[<0.11, ]",<0.11,"[, ]","[, ]",--,--,#VALUE!,,,,,,,,J16052459-1954419,--,--,--,--,--,--,--,--,--,--,,,J16052459-1954419,-99,-99,-99,-99,--,-99,--,-99,-99,-99,-99,--,-99
USco,J16052556-2035397,J16052556-2035397,05:25.6,-20:35:39.710,6.9211,0.1045,144.49,2.102,142,"[-10.238, -23.056]",Evolved,1,"[ALMA, ]","[340.7, ]","[0.880, ]","[0.99x0.48, ]","[0.19, ]","[Carpenter+2014, ]","[1.53, ]","[0.20, ]","[1.53, ]","[0.31, ]",0.33,"[0.114, ]","[(-0.086, 0.271), ]",<,0.15,21.3,,,,,,,,J16052556-2035397,--,--,--,--,--,--,--,--,--,--,,,J16052556-2035397,-99,-99,-99,-99,--,-99,--,-99,-99,-99,-99,--,-99
USco,J16052661-1957050,J16052661-1957050,05:26.6,-19:57:05.051,--,--,--,--,142,"[, ]",Evolved,1,"[ALMA, ]","[341.1, ]","[0.880, ]","[0.35, ]","[??, ]","[Barenfeld+2016, ]","[0.07, ]","[0.15, ]","[<0.45, ]","[<0.09, ]",<0.10,"[, ]","[, ]",--,--,#VALUE!,,,,,,,,J16052661-1957050,--,--,--,--,--,--,--,--,--,--,,,J16052661-1957050,-99,-99,-99,-99,--,-99,--,-99,-99,-99,-99,--,-99
USco,J16053215-1933159,J16053215-1933159,05:32.2,-19:33:15.995,6.5647,0.0546,152.33,1.053,152.33,"[-10.408, -22.103]",Evolved,1,"[ALMA, ]","[340.7, ]","[0.880, ]","[0.94x0.48, ]","[0.23, ]","[Carpenter+2014, ]","[0.25, ]","[0.20, ]","[<0.60, ]","[<0.14, ]",<0.14,"[, ]","[, ]",--,--,#VALUE!,,,,,,,,J16053215-1933159,--,--,--,--,--,--,--,--,--,--,,,J16053215-1933159,-99,-99,-99,-99,--,-99,--,-99,-99,-99,-99,--,-99
USco,J16054540-2023088,J16054540-2023088,05:45.4,-20:23:08.815,7.209,0.0446,138.72,1.305,138.72,"[-11.343, -23.055]",Full,1,"[ALMA, ]","[341.1, ]","[0.880, ]","[0.35, ]","[??, ]","[Barenfeld+2016, ]","[7.64, ]","[0.15, ]","[7.64, ]","[1.49, ]",1.49,"[0.136, ]","[(-0.014, 0.036), ]",--,--,#VALUE!,,,,,,,,J16054540-2023088,145.1,M4.5,3200,0.6,0.1,-2.761,0.2,-9.446116973,--,--,"B15,Y",Manara+20,J16054540-2023088,3085,0.091,-2.8,0.152,-9.358,0.1599,-9.379,0.13,-9.29,0.152,-9.358,--,138.72
USco,J16055863-1949029,J16055863-1949029,05:58.6,-19:49:02.964,6.5726,0.0368,152.15,1.092,152.15,"[-9.722, -21.605]",Evolved,1,"[ALMA, ]","[341.1, ]","[0.880, ]","[0.35, ]","[??, ]","[Barenfeld+2016, ]","[-0.08, ]","[0.15, ]","[<0.45, ]","[<0.11, ]",<0.11,"[, ]","[, ]",--,--,#VALUE!,,,,,,,,J16055863-1949029,--,--,--,--,--,--,--,--,--,--,,,J16055863-1949029,-99,-99,-99,-99,--,-99,--,-99,-99,-99,-99,--,-99
USco,J16060061-1957114,J16060061-1957114,06:00.6,-19:57:11.455,6.57,0.592,152.21,12.349,142,"[-6.618, -20.678]",Evolved,1,"[ALMA, ]","[340.7, ]","[0.880, ]","[0.68x0.45, ]","[0.13, ]","[Carpenter+2014, ]","[0.00, ]","[0.13, ]","[<0.39, ]","[<0.08, ]",<0.08,"[, ]","[, ]",--,--,#VALUE!,,,,,,,,J16060061-1957114,--,--,--,--,--,--,--,--,--,--,,,J16060061-1957114,-99,-99,-99,-99,--,-99,--,-99,-99,-99,-99,--,-99
USco,J16061330-2212537,J16061330-2212537,06:13.3,-22:12:53.773,7.1283,0.0211,140.29,1.355,140.29,"[-11.622, -25.506]",Debris/Ev. Trans.,0,"[ALMA, ]","[341.1, ]","[0.880, ]","[0.35, ]","[??, ]","[Barenfeld+2016, ]","[-0.20, ]","[0.12, ]","[<0.36, ]","[<0.07, ]",<0.07,"[, ]","[, ]",--,--,#VALUE!,,,,,,,,J16061330-2212537,--,--,--,--,--,--,--,--,--,--,,,J16061330-2212537,-99,-99,-99,-99,--,-99,--,-99,-99,-99,-99,--,-99
USco,J16062196-1928445,J16062196-1928445,06:22.0,-19:28:44.566,--,--,--,--,142,"[, ]",Transitional,1,"[ALMA, ]","[340.7, ]","[0.880, ]","[0.65x0.49, ]","[0.53, ]","[Carpenter+2014, ]","[4.08, ]","[0.52, ]","[4.08, ]","[0.84, ]",0.87,"[0.329, ]","[(-0.114, 0.229), ]",<,0.22,31.24,,,,,,,,J16062196-1928445,145,M1,3705,0.8,0.34,-1.296,0.46,-8.212539525,--,--,"B15,Y",Manara+20,J16062196-1928445,3720,0.34,-1.296,0.475,-8.225,0.4749,-8.225,0.48,-8.23,0.475,-8.225,--,145
USco,J16062277-2011243,J16062277-2011243,06:22.8,-20:11:24.400,6.5153,0.0407,153.48,1.059,153.48,"[-10.102, -21.853]",Transitional,1,"[ALMA, ]","[340.7, ]","[0.880, ]","[0.70x0.45, ]","[0.13, ]","[Carpenter+2014, ]","[0.59, ]","[0.14, ]","[0.59, ]","[0.14, ]",0.14,"[0.064, ]","[(-0.057, 0.236), ]",<,0.55,84.414,,,,,,,,J16062277-2011243,--,--,--,--,--,--,--,--,--,--,,,J16062277-2011243,-99,-99,-99,-99,--,-99,--,-99,-99,-99,-99,--,-99
USco,J16063539-2516510,J16063539-2516510,06:35.4,-25:16:51.100,7.2079,0.0553,138.74,1.086,138.74,"[-10.950, -25.884]",Evolved,1,"[ALMA, ]","[341.1, ]","[0.880, ]","[0.35, ]","[??, ]","[Barenfeld+2016, ]","[1.69, ]","[0.15, ]","[1.69, ]","[0.33, ]",0.33,"[0.307, ]","[(-0.136, 0.121), ]",<,0.17,23.5858,,,,,,,,J16063539-2516510,139.5,M4.5,3200,0,0.03,-5.143,0.18,-12.06449273,--,--,"B15,N",Manara+20,J16063539-2516510,3085,0.029,-5.147,0.13,-11.88,0.115,-11.82,0.11,-11.82,0.13,-11.88,<,138.74
USco,J16064102-2455489,J16064102-2455489,06:41.0,-24:55:48.961,6.5401,0.0686,152.9,1.061,152.9,"[-12.401, -24.644]",Evolved,1,"[ALMA, ]","[341.1, ]","[0.880, ]","[0.35, ]","[??, ]","[Barenfeld+2016, ]","[3.05, ]","[0.14, ]","[3.05, ]","[0.72, ]",0.72,"[0.207, ]","[(-0.057, 0.057), ]",--,0.14,21.406,,,,,,,,J16064102-2455489,--,--,--,--,--,--,--,--,--,--,,,J16064102-2455489,-99,-99,-99,-99,--,-99,--,-99,-99,-99,-99,--,-99
USco,J16064115-2517044,J16064115-2517044,06:41.2,-25:17:04.441,6.5751,0.0309,152.09,1.124,152.09,"[-12.456, -24.700]",Evolved,1,"[ALMA, ]","[341.1, ]","[0.880, ]","[0.35, ]","[??, ]","[Barenfeld+2016, ]","[0.20, ]","[0.15, ]","[<0.45, ]","[<0.11, ]",<0.11,"[, ]","[, ]",--,--,#VALUE!,,,,,,,,J16064115-2517044,--,--,--,--,--,--,--,--,--,--,,,J16064115-2517044,-99,-99,-99,-99,--,-99,--,-99,-99,-99,-99,--,-99
USco,J16064385-1908056,J16064385-1908056,06:43.9,-19:08:05.604,6.8452,0.1486,146.09,9.224,142,"[-10.796, -21.892]",Evolved,1,"[ALMA, ]","[340.7, ]","[0.880, ]","[0.65x0.48, ]","[0.47, ]","[Carpenter+2014, ]","[0.84, ]","[0.15, ]","[0.84, ]","[0.17, ]",0.18,"[0.121, ]","[(-0.114, 0.443), ]",--,0.4,56.8,,,,,,,Observed in both Cycle 0 and 4; used Cycle 4 in B16,J16064385-1908056,144.24,K7,4060,0.4,0.29,-2.297,0.82,-9.576754126,--,--,"B15,Y",Manara+20,J16064385-1908056,4020,0.293,-2.292,0.769,-9.53,0.7649,-9.528,0.78,-9.54,0.78,-9.54,--,145
USco,J16070014-2033092,J16070014-2033092,07:00.1,-20:33:09.274,7.1789,0.0286,139.3,1.235,139.3,"[-13.335, -22.348]",Full,1,"[ALMA, ]","[341.1, ]","[0.880, ]","[0.35, ]","[??, ]","[Barenfeld+2016, ]","[0.22, ]","[0.15, ]","[<0.45, ]","[<0.09, ]",<0.09,"[, ]","[, ]",--,--,#VALUE!,,,,,,,,J16070014-2033092,--,--,--,--,--,--,--,--,--,--,,,J16070014-2033092,-99,-99,-99,-99,--,-99,--,-99,-99,-99,-99,--,-99
USco,J16070211-2019387,J16070211-2019387,07:02.1,-20:19:38.770,6.8176,0.0994,146.68,1.355,146.68,"[-10.621, -21.361]",Full,1,"[ALMA, ]","[340.7, ]","[0.880, ]","[1.04x0.48, ]","[0.20, ]","[Carpenter+2014, ]","[-0.09, ]","[0.20, ]","[<0.60, ]","[<0.13, ]",<0.13,"[, ]","[, ]",--,--,#VALUE!,,,,,,,,J16070211-2019387,--,--,--,--,--,--,--,--,--,--,,,J16070211-2019387,-99,-99,-99,-99,--,-99,--,-99,-99,-99,-99,--,-99
USco,J16070873-1927341,J16070873-1927341,07:08.7,-19:27:34.171,6.7055,0.0421,149.13,1.06,149.13,"[-9.485, -21.489]",Debris/Ev. Trans.,0,"[ALMA, ]","[341.1, ]","[0.880, ]","[0.35, ]","[??, ]","[Barenfeld+2016, ]","[-0.09, ]","[0.15, ]","[<0.45, ]","[<0.10, ]",<0.10,"[, ]","[, ]",--,--,#VALUE!,,,,,,,,J16070873-1927341,--,--,--,--,--,--,--,--,--,--,,,J16070873-1927341,-99,-99,-99,-99,--,-99,--,-99,-99,-99,-99,--,-99
USco,J16071971-2020555,J16071971-2020555,07:19.7,-20:20:55.565,6.3989,0.0338,156.28,1.146,156.28,"[-8.520, -22.122]",Debris/Ev. Trans.,0,"[ALMA, ]","[341.1, ]","[0.880, ]","[0.35, ]","[??, ]","[Barenfeld+2016, ]","[0.16, ]","[0.16, ]","[<0.48, ]","[<0.12, ]",<0.12,"[, ]","[, ]",--,--,#VALUE!,,,,,,,,J16071971-2020555,--,--,--,--,--,--,--,--,--,--,,,J16071971-2020555,-99,-99,-99,-99,--,-99,--,-99,-99,-99,-99,--,-99
USco,J16072625-2432079,J16072625-2432079,07:26.3,-24:32:07.951,6.9172,0.025,144.57,1.247,144.57,"[-10.884, -24.716]",Full,1,"[ALMA, ]","[341.1, ]","[0.880, ]","[0.35, ]","[??, ]","[Barenfeld+2016, ]","[13.12, ]","[0.24, ]","[13.12, ]","[2.78, ]",2.78,"[0.207, ]","[(-0.014, 0.014), ]",--,0.11,15.9027,,,,,,,Also has size from C14,J16072625-2432079,142.79,M3,3415,0.7,0.18,-2.56,0.29,-9.341035157,--,--,"B15,Y",Manara+20,J16072625-2432079,3410,0.184,-2.549,0.291,-9.323,0.305,-9.343,0.31,-9.35,0.291,-9.323,--,144.57
USco,J16072747-2059442,J16072747-2059442,07:27.5,-20:59:44.207,5.6979,0.6852,175.5,6.134,142,"[-9.247, -20.731]",Evolved,1,"[ALMA, ]","[341.1, ]","[0.880, ]","[0.35, ]","[??, ]","[Barenfeld+2016, ]","[2.13, ]","[0.12, ]","[2.13, ]","[0.44, ]",0.45,"[0.079, ]","[(-0.036, 0.064), ]",<,0.06,8.52,,,,,,,,J16072747-2059442,--,--,--,--,--,--,--,--,--,--,,,J16072747-2059442,-99,-99,-99,-99,--,-99,--,-99,-99,-99,-99,--,-99
USco,J16073939-1917472,J16073939-1917472,07:39.4,-19:17:47.238,7.1613,0.0324,139.64,1.158,139.64,"[-8.573, -24.087]",Debris/Ev. Trans.,0,"[ALMA, ]","[341.1, ]","[0.880, ]","[0.35, ]","[??, ]","[Barenfeld+2016, ]","[0.58, ]","[0.16, ]","[0.58, ]","[0.11, ]",0.11,"[0.064, ]","[(-0.064, 0.521), ]",--,--,#VALUE!,,,,,,,,J16073939-1917472,--,--,--,--,--,--,--,--,--,--,,,J16073939-1917472,-99,-99,-99,-99,--,-99,--,-99,-99,-99,-99,--,-99
USco,J16075796-2040087,J16075796-2040087,07:58.0,-20:40:08.731,7.3145,0.1329,136.71,5.549,142,"[-7.946, -24.608]",Full,1,"[ALMA, ]","[341.1, ]","[0.880, ]","[0.35, ]","[??, ]","[Barenfeld+2016, ]","[23.49, ]","[0.12, ]","[23.49, ]","[4.81, ]",5.01,"[0.079, ]","[(-0.007, 0.007), ]",--,0.08,11.36,,,,,,,,J16075796-2040087,--,--,--,--,--,--,--,--,--,--,,,J16075796-2040087,-99,-99,-99,-99,--,-99,--,-99,-99,-99,-99,--,-99
USco,J16080555-2218070,J16080555-2218070,08:05.5,-22:18:07.027,6.921,0.0194,144.49,1.247,144.49,"[-10.529, -23.340]",Debris/Ev. Trans.,0,"[ALMA, ]","[341.1, ]","[0.880, ]","[0.35, ]","[??, ]","[Barenfeld+2016, ]","[0.02, ]","[0.12, ]","[<0.36, ]","[<0.08, ]",<0.08,"[, ]","[, ]",--,--,#VALUE!,,,,,,,,J16080555-2218070,--,--,--,--,--,--,--,--,--,--,,,J16080555-2218070,-99,-99,-99,-99,--,-99,--,-99,-99,-99,-99,--,-99
USco,J16081566-2222199,J16081566-2222199,08:15.7,-22:22:19.974,7.1627,0.0183,139.61,1.179,139.61,"[-10.436, -24.562]",Full,1,"[ALMA, ]","[341.1, ]","[0.880, ]","[0.35, ]","[??, ]","[Barenfeld+2016, ]","[0.97, ]","[0.12, ]","[0.97, ]","[0.19, ]",0.19,"[0.571, ]","[(-0.293, 0.421), ]",<,0.34,47.4674,,,,,,,,J16081566-2222199,140.19,M2,3560,0.5,0.15,-3.695,0.41,-10.70114692,--,--,"B15,N",Manara+20,J16081566-2222199,3560,0.148,-3.698,0.413,-10.7,0.365,-10.65,0.42,-10.71,0.413,-10.7,<,139.61
USco,J16082324-1930009,J16082324-1930009,08:23.2,-19:30:00.932,7.256,0.0228,137.82,1.263,137.82,"[-12.437, -22.477]",Full,1,"[ALMA, ]","[340.7, ]","[0.880, ]","[0.65x0.50, ]","[0.52, ]","[Carpenter+2014, ]","[43.19, ]","[0.81, ]","[43.19, ]","[8.33, ]",8.33,"[0.464, ]","[(-0.036, 0.036), ]",--,0.25,34.455,,,,,,,Also has size from C14,J16082324-1930009,138.02,M0,3850,1.1,0.32,-2.019,0.61,-9.102372909,--,--,"B15,Y",Manara+20,J16082324-1930009,3900,0.319,-2.02,0.646,-9.138,0.62,-9.12,0.66,-9.14,0.646,-9.138,--,137.82
USco,J16082751-1949047,J16082751-1949047,08:27.5,-19:49:04.721,--,--,--,--,142,"[, ]",Evolved,1,"[ALMA, ]","[340.7, ]","[0.880, ]","[0.64x0.45, ]","[0.16, ]","[Carpenter+2014, ]","[0.76, ]","[0.13, ]","[0.76, ]","[0.16, ]",0.16,"[0.314, ]","[(-0.250, 0.150), ]",--,0.27,38.34,,,,,,,,J16082751-1949047,145,M5.5,3060,0.6,0.06,-3.11,0.14,-9.705533774,--,--,"B15,Y",Manara+20,J16082751-1949047,2920,0.059,-3.109,0.092,-9.495,0.1,-9.529,0.09,-9.48,0.092,-9.495,--,145
USco,J16083455-2211559,J16083455-2211559,08:34.6,-22:11:55.918,7.1911,0.0561,139.06,1.141,139.06,"[-11.798, -23.540]",Evolved,1,"[ALMA, ]","[341.1, ]","[0.880, ]","[0.35, ]","[??, ]","[Barenfeld+2016, ]","[0.01, ]","[0.12, ]","[<0.36, ]","[<0.07, ]",<0.07,"[, ]","[, ]",--,--,#VALUE!,,,,,,,,J16083455-2211559,--,--,--,--,--,--,--,--,--,--,,,J16083455-2211559,-99,-99,-99,-99,--,-99,--,-99,-99,-99,-99,--,-99
USco,J16084894-2400045,J16084894-2400045,08:48.9,-24:00:04.586,6.9053,0.0338,144.82,1.078,144.82,"[-9.720, -23.847]",Full,1,"[ALMA, ]","[341.1, ]","[0.880, ]","[0.35, ]","[??, ]","[Barenfeld+2016, ]","[-0.06, ]","[0.15, ]","[<0.45, ]","[<0.10, ]",<0.10,"[, ]","[, ]",--,--,#VALUE!,,,,,,,,J16084894-2400045,--,--,--,--,--,--,--,--,--,--,,,J16084894-2400045,-99,-99,-99,-99,--,-99,--,-99,-99,-99,-99,--,-99
USco,J16090002-1908368,J16090002-1908368,09:00.0,-19:08:36.838,7.3027,0.0519,136.94,1.154,136.94,"[-9.439, -24.891]",Full,1,"[ALMA, ]","[340.7, ]","[0.880, ]","[0.66x0.45, ]","[0.14, ]","[Carpenter+2014, ]","[1.73, ]","[0.13, ]","[1.73, ]","[0.33, ]",0.33,"[0.064, ]","[(-0.050, 0.129), ]",--,0.2,27.388,,,,,,,,J16090002-1908368,138.99,M4.5,3200,0.3,0.05,-4.164,0.19,-10.99139983,--,--,"B15,Y",Manara+20,J16090002-1908368,3085,0.048,-4.176,0.143,-10.84,0.135,-10.82,0.12,-10.77,0.143,-10.84,--,136.94
USco,J16090075-1908526,J16090075-1908526,09:00.8,-19:08:52.616,7.2782,0.0242,137.4,1.396,137.4,"[-9.374, -25.121]",Full,1,"[ALMA, ]","[340.7, ]","[0.880, ]","[0.65x0.48, ]","[0.62, ]","[Carpenter+2014, ]","[47.28, ]","[0.91, ]","[47.28, ]","[9.06, ]",9.06,"[0.414, ]","[(-0.029, 0.036), ]",--,0.19,26.106,,,,,,,Also has size from C14,J16090075-1908526,137.59,M0,3850,1,0.32,-1.689,0.6,-8.759450752,--,--,"B15,Y",Manara+20,J16090075-1908526,3900,0.319,-1.69,0.646,-8.808,0.62,-8.79,0.66,-8.81,0.646,-8.808,--,137.4
USco,J16093558-1828232,J16093558-1828232,09:35.6,-18:28:23.239,6.2844,0.0448,159.12,1.066,159.12,"[-9.278, -21.036]",Full,1,"[ALMA, ]","[341.1, ]","[0.880, ]","[0.35, ]","[??, ]","[Barenfeld+2016, ]","[0.69, ]","[0.15, ]","[0.69, ]","[0.18, ]",0.18,"[0.050, ]","[(-0.050, 0.200), ]",<,0.81,128.8872,,,,,,,,J16093558-1828232,--,--,--,--,--,--,--,--,--,--,,,J16093558-1828232,-99,-99,-99,-99,--,-99,--,-99,-99,-99,-99,--,-99
USco,J16094098-2217594,J16094098-2217594,09:41.0,-22:17:59.442,6.884,0.0169,145.26,0.976,145.26,"[-10.663, -22.757]",Debris/Ev. Trans.,0,"[ALMA, ]","[341.1, ]","[0.880, ]","[0.35, ]","[??, ]","[Barenfeld+2016, ]","[0.44, ]","[0.12, ]","[0.44, ]","[0.09, ]",0.09,"[0.086, ]","[(-0.071, 0.443), ]",<,0.5,72.63,,,,,,,,J16094098-2217594,--,--,--,--,--,--,--,--,--,--,,,J16094098-2217594,-99,-99,-99,-99,--,-99,--,-99,-99,-99,-99,--,-99
USco,J16095361-1754474,J16095361-1754474,09:53.6,-17:54:47.426,6.3049,0.121,158.61,1.109,158.61,"[-9.670, -21.159]",Full,1,"[ALMA, ]","[341.1, ]","[0.880, ]","[0.35, ]","[??, ]","[Barenfeld+2016, ]","[0.87, ]","[0.16, ]","[0.87, ]","[0.22, ]",0.22,"[0.043, ]","[(-0.043, 0.200), ]",--,--,#VALUE!,,,,,,,,J16095361-1754474,157.65,M4.5,3200,0.5,0.04,-4.464,0.18,-11.34294415,--,--,"B15,Y",Manara+20,J16095361-1754474,3085,0.04,-4.458,0.139,-11.15,0.1274,-11.11,0.12,-11.08,0.139,-11.15,--,158.61
USco,J16095441-1906551,J16095441-1906551,09:54.4,-19:06:55.105,7.2187,0.0196,138.53,1.138,138.53,"[-12.605, -22.622]",Debris/Ev. Trans.,0,"[ALMA, ]","[341.1, ]","[0.880, ]","[0.35, ]","[??, ]","[Barenfeld+2016, ]","[0.50, ]","[0.16, ]","[0.50, ]","[0.10, ]",0.1,"[0.050, ]","[(-0.050, 0.293), ]",<,0.62,85.8886,,,,,,,,J16095441-1906551,--,--,--,--,--,--,--,--,--,--,,,J16095441-1906551,-99,-99,-99,-99,--,-99,--,-99,-99,-99,-99,--,-99
USco,J16095933-1800090,J16095933-1800090,09:59.3,-18:00:09.065,7.3289,0.0396,136.45,1.36,136.45,"[-9.091, -24.283]",Full,1,"[ALMA, ]","[340.7, ]","[0.880, ]","[0.80x0.48, ]","[0.18, ]","[Carpenter+2014, ]","[0.67, ]","[0.18, ]","[0.67, ]","[0.13, ]",0.13,"[0.057, ]","[(-0.043, 0.450), ]",--,--,#VALUE!,,,,,,,,J16095933-1800090,--,--,--,--,--,--,--,--,--,--,,,J16095933-1800090,-99,-99,-99,-99,--,-99,--,-99,-99,-99,-99,--,-99
USco,J16101473-1919095,J16101473-1919095,10:14.7,-19:19:09.548,7.1929,0.0234,139.03,1.216,139.03,"[-9.592, -23.964]",Debris/Ev. Trans.,0,"[ALMA, ]","[341.1, ]","[0.880, ]","[0.35, ]","[??, ]","[Barenfeld+2016, ]","[0.01, ]","[0.16, ]","[<0.48, ]","[<0.09, ]",<0.09,"[, ]","[, ]",--,--,#VALUE!,,,,,,,,J16101473-1919095,--,--,--,--,--,--,--,--,--,--,,,J16101473-1919095,-99,-99,-99,-99,--,-99,--,-99,-99,-99,-99,--,-99
USco,J16101888-2502325,J16101888-2502325,10:18.9,-25:02:32.546,6.4965,0.0757,153.93,1.553,153.93,"[-12.474, -22.901]",Transitional,1,"[ALMA, ]","[341.1, ]","[0.880, ]","[0.35, ]","[??, ]","[Barenfeld+2016, ]","[0.30, ]","[0.14, ]","[<0.42, ]","[<0.10, ]",<0.10,"[, ]","[, ]",--,--,#VALUE!,,,,,,,,J16101888-2502325,--,--,--,--,--,--,--,--,--,--,,,J16101888-2502325,-99,-99,-99,-99,--,-99,--,-99,-99,-99,-99,--,-99
USco,J16102174-1904067,J16102174-1904067,10:21.7,-19:04:06.726,7.4305,0.0225,134.58,1.181,134.58,"[-9.050, -24.052]",Debris/Ev. Trans.,0,"[ALMA, ]","[341.1, ]","[0.880, ]","[0.35, ]","[??, ]","[Barenfeld+2016, ]","[-0.05, ]","[0.16, ]","[<0.48, ]","[<0.09, ]",<0.09,"[, ]","[, ]",--,--,#VALUE!,,,,,,,,J16102174-1904067,--,--,--,--,--,--,--,--,--,--,,,J16102174-1904067,-99,-99,-99,-99,--,-99,--,-99,-99,-99,-99,--,-99
USco,J16102819-1910444,J16102819-1910444,10:28.2,-19:10:44.486,6.5921,0.0668,151.7,1.028,151.7,"[-9.471, -21.632]",Full,1,"[ALMA, ]","[341.1, ]","[0.880, ]","[0.35, ]","[??, ]","[Barenfeld+2016, ]","[0.05, ]","[0.16, ]","[<0.48, ]","[<0.11, ]",<0.11,"[, ]","[, ]",--,--,#VALUE!,,,,,,,,J16102819-1910444,--,--,--,--,--,--,--,--,--,--,,,J16102819-1910444,-99,-99,-99,-99,--,-99,--,-99,-99,-99,-99,--,-99
USco,J16102857-1904469,J16102857-1904469,10:28.6,-19:04:46.996,--,--,--,--,142,"[, ]",Evolved,1,"[ALMA, ]","[341.1, ]","[0.880, ]","[0.35, ]","[??, ]","[Barenfeld+2016, ]","[0.66, ]","[0.16, ]","[0.66, ]","[0.14, ]",0.14,"[0.064, ]","[(-0.064, 0.200), ]",--,--,#VALUE!,,,,,,,,J16102857-1904469,--,--,--,--,--,--,--,--,--,--,,,J16102857-1904469,-99,-99,-99,-99,--,-99,--,-99,-99,-99,-99,--,-99
USco,J16103956-1916524,J16103956-1916524,10:39.6,-19:16:52.460,6.4014,0.026,156.22,1.163,156.22,"[-9.036, -21.112]",Debris/Ev. Trans.,0,"[ALMA, ]","[341.1, ]","[0.880, ]","[0.35, ]","[??, ]","[Barenfeld+2016, ]","[0.07, ]","[0.16, ]","[<0.48, ]","[<0.12, ]",<0.12,"[, ]","[, ]",--,--,#VALUE!,,,,,,,,J16103956-1916524,--,--,--,--,--,--,--,--,--,--,,,J16103956-1916524,-99,-99,-99,-99,--,-99,--,-99,-99,-99,-99,--,-99
USco,J16104202-2101319,J16104202-2101319,10:42.0,-21:01:31.998,7.1156,0.017,140.54,1.187,140.54,"[-9.879, -23.338]",Debris/Ev. Trans.,0,"[ALMA, ]","[341.1, ]","[0.880, ]","[0.35, ]","[??, ]","[Barenfeld+2016, ]","[0.17, ]","[0.12, ]","[<0.36, ]","[<0.07, ]",<0.07,"[, ]","[, ]",--,--,#VALUE!,,,,,,,,J16104202-2101319,--,--,--,--,--,--,--,--,--,--,,,J16104202-2101319,-99,-99,-99,-99,--,-99,--,-99,-99,-99,-99,--,-99
USco,J16104636-1840598,J16104636-1840598,10:46.4,-18:40:59.873,7.073,0.0738,141.38,1.14,141.38,"[-9.480, -24.631]",Full,1,"[ALMA, ]","[341.1, ]","[0.880, ]","[0.35, ]","[??, ]","[Barenfeld+2016, ]","[1.78, ]","[0.16, ]","[1.78, ]","[0.36, ]",0.36,"[0.071, ]","[(-0.057, 0.107), ]",<,0.1,14.138,,,,,,,,J16104636-1840598,143.08,M4.5,3200,1.2,0.04,-3.98,0.19,-10.838632,--,--,"B15,Y",Manara+20,J16104636-1840598,3085,0.039,-3.99,0.136,-10.68,0.1225,-10.63,0.12,-10.62,0.136,-10.68,--,141.38
USco,J16111330-2019029,J16111330-2019029,11:13.3,-20:19:02.942,6.4982,0.0289,153.89,1.471,153.89,"[-7.893, -22.149]",Full,1,"[ALMA, ]","[341.1, ]","[0.880, ]","[0.35, ]","[??, ]","[Barenfeld+2016, ]","[4.88, ]","[0.16, ]","[4.88, ]","[1.17, ]",1.17,"[0.057, ]","[(-0.014, 0.057), ]",--,--,#VALUE!,,,,,,,,J16111330-2019029,155.31,M3.5,3340,0.6,0.03,-1.928,0.27,-9.010105436,--,--,"B15,Y",Manara+20,J16111330-2019029,3300,0.029,-1.935,0.237,-8.991,0.1975,-8.911,0.22,-8.96,0.237,-8.991,--,153.89
USco,J16111534-1757214,J16111534-1757214,11:15.3,-17:57:21.427,7.3647,0.0172,135.78,1.035,135.78,"[-8.954, -24.626]",Full,1,"[ALMA, ]","[341.1, ]","[0.880, ]","[0.35, ]","[??, ]","[Barenfeld+2016, ]","[0.18, ]","[0.16, ]","[<0.48, ]","[<0.09, ]",<0.09,"[, ]","[, ]",--,--,#VALUE!,,,,,,,,J16111534-1757214,--,--,--,--,--,--,--,--,--,--,,,J16111534-1757214,-99,-99,-99,-99,--,-99,--,-99,-99,-99,-99,--,-99
USco,J16112057-1820549,J16112057-1820549,11:20.6,-18:20:54.949,7.3407,0.0197,136.23,1.218,136.23,"[-9.045, -24.644]",Debris/Ev. Trans.,0,"[ALMA, ]","[341.1, ]","[0.880, ]","[0.35, ]","[??, ]","[Barenfeld+2016, ]","[-0.06, ]","[0.16, ]","[<0.48, ]","[<0.09, ]",<0.09,"[, ]","[, ]",--,--,#VALUE!,,,,,,,,J16112057-1820549,--,--,--,--,--,--,--,--,--,--,,,J16112057-1820549,-99,-99,-99,-99,--,-99,--,-99,-99,-99,-99,--,-99
USco,J16113134-1838259,J16113134-1838259,11:31.3,-18:38:25.926,7.5723,0.0718,132.06,4.006,142,"[-6.390, -26.766]",Full,1,"[ALMA, ]","[341.1, ]","[0.880, ]","[0.35, ]","[??, ]","[Barenfeld+2016, ]","[903.56, ]","[0.85, ]","[903.56, ]","[184.98, ]",192.88,"[0.401, ]","[0.001, ]",--,--,#VALUE!,,,,,,,,J16113134-1838259,--,--,--,--,--,--,--,--,--,--,,,J16113134-1838259,-99,-99,-99,-99,--,-99,--,-99,-99,-99,-99,--,-99
USco,J16115091-2012098,J16115091-2012098,11:50.9,-20:12:09.889,7.0996,0.0327,140.85,1.168,140.85,"[-11.815, -21.124]",Full,1,"[ALMA, ]","[341.1, ]","[0.880, ]","[0.35, ]","[??, ]","[Barenfeld+2016, ]","[0.66, ]","[0.16, ]","[0.66, ]","[0.13, ]",0.13,"[0.679, ]","[(-0.379, 0.043), ]",--,--,#VALUE!,,,,,,,,J16115091-2012098,--,--,--,--,--,--,--,--,--,--,,,J16115091-2012098,-99,-99,-99,-99,--,-99,--,-99,-99,-99,-99,--,-99
USco,J16122737-2009596,J16122737-2009596,12:27.4,-20:09:59.688,6.9904,0.0674,143.05,1.066,143.05,"[-8.313, -24.493]",Full,1,"[ALMA, ]","[341.1, ]","[0.880, ]","[0.35, ]","[??, ]","[Barenfeld+2016, ]","[0.53, ]","[0.16, ]","[0.53, ]","[0.11, ]",0.11,"[0.614, ]","[(-0.307, 0.107), ]",<,0.51,72.9555,,,,,,,,J16122737-2009596,--,--,--,--,--,--,--,--,--,--,,,J16122737-2009596,-99,-99,-99,-99,--,-99,--,-99,-99,-99,-99,--,-99
USco,J16123916-1859284,J16123916-1859284,12:39.2,-18:59:28.457,7.3823,0.0182,135.46,1.244,135.46,"[-8.483, -25.458]",Full,1,"[ALMA, ]","[341.1, ]","[0.880, ]","[0.35, ]","[??, ]","[Barenfeld+2016, ]","[6.01, ]","[0.29, ]","[6.01, ]","[1.12, ]",1.12,"[0.343, ]","[(-0.050, 0.057), ]",--,--,#VALUE!,,,,,,,,J16123916-1859284,139.15,M1,3705,0.6,0.22,-2.279,0.5,-9.32330639,--,--,"B15,Y",Manara+20,J16123916-1859284,3720,0.208,-2.302,0.52,-9.377,0.4724,-9.335,0.53,-9.38,0.52,-9.377,--,135.46
USco,J16124893-1800525,J16124893-1800525,12:48.9,-18:00:52.549,6.5195,0.028,153.39,1.189,153.39,"[-7.680, -21.414]",Debris/Ev. Trans.,0,"[ALMA, ]","[341.1, ]","[0.880, ]","[0.35, ]","[??, ]","[Barenfeld+2016, ]","[0.11, ]","[0.16, ]","[<0.48, ]","[<0.11, ]",<0.11,"[, ]","[, ]",--,--,#VALUE!,,,,,,,,J16124893-1800525,--,--,--,--,--,--,--,--,--,--,,,J16124893-1800525,-99,-99,-99,-99,--,-99,--,-99,-99,-99,-99,--,-99
USco,J16125533-2319456,J16125533-2319456,12:55.3,-23:19:45.638,6.5208,0.0174,153.36,0.926,153.36,"[-9.552, -23.710]",Debris/Ev. Trans.,0,"[ALMA, ]","[341.1, ]","[0.880, ]","[0.35, ]","[??, ]","[Barenfeld+2016, ]","[0.08, ]","[0.13, ]","[<0.39, ]","[<0.09, ]",<0.09,"[, ]","[, ]",--,--,#VALUE!,,,,,,,,J16125533-2319456,--,--,--,--,--,--,--,--,--,--,,,J16125533-2319456,-99,-99,-99,-99,--,-99,--,-99,-99,-99,-99,--,-99
USco,J16130996-1904269,J16130996-1904269,13:10.0,-19:04:26.908,7.3252,0.0435,136.52,1.164,136.52,"[-7.997, -24.258]",Full,1,"[ALMA, ]","[341.1, ]","[0.880, ]","[0.35, ]","[??, ]","[Barenfeld+2016, ]","[-0.05, ]","[0.16, ]","[<0.48, ]","[<0.09, ]",<0.09,"[, ]","[, ]",--,--,#VALUE!,,,,,,,,J16130996-1904269,--,--,--,--,--,--,--,--,--,--,,,J16130996-1904269,-99,-99,-99,-99,--,-99,--,-99,-99,-99,-99,--,-99
USco,J16133650-2503473,J16133650-2503473,13:36.5,-25:03:47.340,--,--,--,--,142,"[, ]",Full,1,"[ALMA, ]","[341.1, ]","[0.880, ]","[0.35, ]","[??, ]","[Barenfeld+2016, ]","[0.88, ]","[0.19, ]","[0.88, ]","[0.18, ]",0.19,"[0.321, ]","[(-0.236, 0.343), ]",<,0.54,76.68,,,,,,,,J16133650-2503473,145,M3,3415,1,0.11,-1.61,0.32,-8.53313238,--,--,"B15,Y",Manara+20,J16133650-2503473,3410,0.109,-1.61,0.315,-8.531,0.2875,-8.49,0.31,-8.53,0.315,-8.531,--,145
USco,J16135434-2320342,J16135434-2320342,13:54.3,-23:20:34.253,--,--,--,--,142,"[, ]",Full,1,"[ALMA, ]","[341.1, ]","[0.880, ]","[0.35, ]","[??, ]","[Barenfeld+2016, ]","[7.53, ]","[0.13, ]","[7.53, ]","[1.54, ]",1.61,"[0.071, ]","[(-0.021, 0.021), ]",--,--,#VALUE!,,,,,,,,J16135434-2320342,145,M4.5,3200,0.3,0.12,-2.285,0.2,-8.928117993,--,--,"B15,Y",Manara+20,J16135434-2320342,3085,0.119,-2.285,0.152,-8.784,0.17,-8.831,0.14,-8.73,0.152,-8.784,--,145
USco,J16141107-2305362,J16141107-2305362,14:11.1,-23:05:36.244,--,--,--,--,142,"[, ]",Full,1,"[ALMA, ]","[340.7, ]","[0.880, ]","[0.70x0.45, ]","[0.16, ]","[Carpenter+2014, ]","[4.77, ]","[0.14, ]","[4.77, ]","[0.98, ]",1.02,"[0.214, ]","[(-0.057, 0.064), ]",--,0.12,17.04,,,,,,,,J16141107-2305362,145,K4,4590,0.3,1.05,-1.393,1.25,-8.679853714,--,--,"B15,Y",Manara+20,J16141107-2305362,4375,1.049,-1.393,1.053,-8.564,1.1625,-8.607,0.92,-8.51,0.92,-8.51,--,145
USco,J16142029-1906481,J16142029-1906481,14:20.3,-19:06:48.136,7.149,0.0497,139.88,3.098,142,"[-6.988, -26.267]",Full,1,"[ALMA, ]","[340.7, ]","[0.880, ]","[0.77x0.45, ]","[0.15, ]","[Carpenter+2014, ]","[40.69, ]","[0.22, ]","[40.69, ]","[8.33, ]",8.69,"[0.207, ]","[(-0.014, 0.007), ]",--,0.11,15.62,,,,,,,Also has size from C14,J16142029-1906481,--,--,--,--,--,--,--,--,--,--,,,J16142029-1906481,-99,-99,-99,-99,--,-99,--,-99,-99,-99,-99,--,-99
USco,J16142893-1857224,J16142893-1857224,14:28.9,-18:57:22.457,7.3421,0.0298,136.2,2.211,142,"[-9.769, -24.398]",Debris/Ev. Trans.,0,"[ALMA, ]","[341.1, ]","[0.880, ]","[0.35, ]","[??, ]","[Barenfeld+2016, ]","[0.10, ]","[0.16, ]","[<0.48, ]","[<0.10, ]",<0.10,"[, ]","[, ]",--,--,#VALUE!,,,,,,,,J16142893-1857224,--,--,--,--,--,--,--,--,--,--,,,J16142893-1857224,-99,-99,-99,-99,--,-99,--,-99,-99,-99,-99,--,-99
USco,J16143367-1900133,J16143367-1900133,14:33.7,-19:00:13.370,7.3031,0.0265,136.93,1.248,136.93,"[-7.059, -25.624]",Full,1,"[ALMA, ]","[341.1, ]","[0.880, ]","[0.35, ]","[??, ]","[Barenfeld+2016, ]","[1.24, ]","[0.16, ]","[1.24, ]","[0.24, ]",0.24,"[0.079, ]","[(-0.064, 0.093), ]",<,0.43,58.8799,,,,,,,,J16143367-1900133,141.98,M3,3415,1.9,0.52,-2.744,0.29,-9.286509457,--,--,"B15,Y",Manara+20,J16143367-1900133,3410,0.483,-2.775,0.285,-9.33,0.3174,-9.377,0.29,-9.34,0.285,-9.33,--,136.93
USco,J16145918-2750230,J16145918-2750230,14:59.2,-27:50:23.010,6.6684,0.0155,149.96,1.037,149.96,"[-13.963, -21.109]",Debris/Ev. Trans.,0,"[ALMA, ]","[341.1, ]","[0.880, ]","[0.35, ]","[??, ]","[Barenfeld+2016, ]","[0.03, ]","[0.19, ]","[<0.57, ]","[<0.13, ]",<0.13,"[, ]","[, ]",--,--,#VALUE!,,,,,,,,J16145918-2750230,--,--,--,--,--,--,--,--,--,--,,,J16145918-2750230,-99,-99,-99,-99,--,-99,--,-99,-99,-99,-99,--,-99
USco,J16145928-2459308,J16145928-2459308,14:59.3,-24:59:30.804,6.28,0.0401,159.24,1.041,159.24,"[-7.377, -23.650]",Full,1,"[ALMA, ]","[341.1, ]","[0.880, ]","[0.35, ]","[??, ]","[Barenfeld+2016, ]","[-0.03, ]","[0.12, ]","[<0.36, ]","[<0.09, ]",<0.09,"[, ]","[, ]",--,--,#VALUE!,,,,,,,,J16145928-2459308,--,--,--,--,--,--,--,--,--,--,,,J16145928-2459308,-99,-99,-99,-99,--,-99,--,-99,-99,-99,-99,--,-99
USco,J16151239-2420091,J16151239-2420091,15:12.4,-24:20:09.121,6.8478,0.0669,146.03,1.009,146.03,"[-11.856, -20.557]",Transitional,1,"[ALMA, ]","[341.1, ]","[0.880, ]","[0.35, ]","[??, ]","[Barenfeld+2016, ]","[0.22, ]","[0.12, ]","[<0.36, ]","[<0.08, ]",<0.08,"[, ]","[, ]",--,--,#VALUE!,,,,,,,,J16151239-2420091,--,--,--,--,--,--,--,--,--,--,,,J16151239-2420091,-99,-99,-99,-99,--,-99,--,-99,-99,-99,-99,--,-99
USco,J16153456-2242421,J16153456-2242421,15:34.6,-22:42:42.109,7.2396,0.0192,138.13,1.445,138.13,"[-7.904, -25.971]",Full,1,"[ALMA, ]","[341.1, ]","[0.880, ]","[0.35, ]","[??, ]","[Barenfeld+2016, ]","[11.75, ]","[0.12, ]","[11.75, ]","[2.28, ]",2.28,"[0.150, ]","[(-0.014, 0.014), ]",--,0.24,33.1512,,,,,,,,J16153456-2242421,--,--,--,--,--,--,--,--,--,--,,,J16153456-2242421,-99,-99,-99,-99,--,-99,--,-99,-99,-99,-99,--,-99
USco,J16154416-1921171,J16154416-1921171,15:44.2,-19:21:17.140,7.8878,0.084,126.78,3.296,142,"[-7.699, -25.643]",Full,1,"[ALMA, ]","[341.1, ]","[0.880, ]","[0.35, ]","[??, ]","[Barenfeld+2016, ]","[23.57, ]","[0.16, ]","[23.57, ]","[4.83, ]",5.03,"[0.071, ]","[(-0.007, 0.014), ]",--,0.07,9.94,,,,,,,,J16154416-1921171,131.77,K7,4060,2.8,0.3,-0.345,0.81,-7.612610174,--,--,"B15,Y",Manara+20,J16154416-1921171,4020,0.363,-0.261,0.749,-7.442,0.78,-7.459,0.75,-7.44,0.75,-7.44,--,145
USco,J16163345-2521505,J16163345-2521505,16:33.5,-25:21:50.566,6.2714,0.0195,159.45,1.07,159.45,"[-10.335, -22.766]",Full,1,"[ALMA, ]","[341.1, ]","[0.880, ]","[0.35, ]","[??, ]","[Barenfeld+2016, ]","[2.88, ]","[0.30, ]","[2.88, ]","[0.74, ]",0.74,"[0.514, ]","[(-0.164, 0.179), ]",--,0.26,41.457,,,,,,,Also has size from C14,J16163345-2521505,--,--,--,--,--,--,--,--,--,--,,,J16163345-2521505,-99,-99,-99,-99,--,-99,--,-99,-99,-99,-99,--,-99
USco,J16181618-2619080,J16181618-2619080,18:16.2,-26:19:08.065,--,--,--,--,142,"[, ]",Evolved,1,"[ALMA, ]","[341.1, ]","[0.880, ]","[0.35, ]","[??, ]","[Barenfeld+2016, ]","[-0.07, ]","[0.12, ]","[<0.36, ]","[<0.07, ]",<0.08,"[, ]","[, ]",--,--,#VALUE!,,,,,,,,J16181618-2619080,--,--,--,--,--,--,--,--,--,--,,,J16181618-2619080,-99,-99,-99,-99,--,-99,--,-99,-99,-99,-99,--,-99
USco,J16181904-2028479,J16181904-2028479,18:19.0,-20:28:47.957,7.1596,0.0569,139.67,1.014,139.67,"[-7.245, -25.327]",Evolved,1,"[ALMA, ]","[341.1, ]","[0.880, ]","[0.35, ]","[??, ]","[Barenfeld+2016, ]","[4.62, ]","[0.12, ]","[4.62, ]","[0.92, ]",0.92,"[0.079, ]","[(-0.021, 0.043), ]",--,0.09,12.5703,,,,,,,,J16181904-2028479,137.92,M5,3125,1.6,0.05,-3.388,0.16,-10.09420412,--,--,"B15,Y",Manara+20,J16181904-2028479,2980,0.051,-3.377,0.1,-9.848,0.1,-9.847,0.09,-9.8,0.1,-9.848,--,139.67
USco,J16215466-2043091,J16215466-2043091,21:54.7,-20:43:09.127,9.1923,0.0214,108.79,1.315,108.79,"[-19.542, -31.144]",Debris/Ev. Trans.,0,"[ALMA, ]","[341.1, ]","[0.880, ]","[0.35, ]","[??, ]","[Barenfeld+2016, ]","[0.49, ]","[0.12, ]","[0.49, ]","[0.06, ]",0.06,"[0.057, ]","[(-0.057, 0.207), ]",<,0.48,52.2192,,,,,,,,J16215466-2043091,--,--,--,--,--,--,--,--,--,--,,,J16215466-2043091,-99,-99,-99,-99,--,-99,--,-99,-99,-99,-99,--,-99
USco,J16220961-1953005,J16220961-1953005,22:09.6,-19:53:00.575,7.4409,0.0311,134.39,1.676,134.39,"[-5.506, -28.235]",Debris/Ev. Trans.,0,"[ALMA, ]","[341.1, ]","[0.880, ]","[0.35, ]","[??, ]","[Barenfeld+2016, ]","[0.07, ]","[0.16, ]","[<0.48, ]","[<0.09, ]",<0.09,"[, ]","[, ]",--,--,#VALUE!,,,,,,,,J16220961-1953005,--,--,--,--,--,--,--,--,--,--,,,J16220961-1953005,-99,-99,-99,-99,--,-99,--,-99,-99,-99,-99,--,-99
USco,J16230783-2300596,J16230783-2300596,23:07.8,-23:00:59.670,7.2499,0.0215,137.93,1.16,137.93,"[-7.634, -25.197]",Debris/Ev. Trans.,0,"[ALMA, ]","[341.1, ]","[0.880, ]","[0.35, ]","[??, ]","[Barenfeld+2016, ]","[-0.35, ]","[0.12, ]","[<0.36, ]","[<0.07, ]",<0.07,"[, ]","[, ]",--,--,#VALUE!,,,,,,,,J16230783-2300596,--,--,--,--,--,--,--,--,--,--,,,J16230783-2300596,-99,-99,-99,-99,--,-99,--,-99,-99,-99,-99,--,-99
USco,J16235385-2946401,J16235385-2946401,23:53.9,-29:46:40.134,7.3969,0.0178,135.19,0.973,135.19,"[-13.646, -26.439]",Debris/Ev. Trans.,0,"[ALMA, ]","[341.1, ]","[0.880, ]","[0.35, ]","[??, ]","[Barenfeld+2016, ]","[0.11, ]","[0.12, ]","[<0.36, ]","[<0.07, ]",<0.07,"[, ]","[, ]",--,--,#VALUE!,,,,,,,,J16235385-2946401,--,--,--,--,--,--,--,--,--,--,,,J16235385-2946401,-99,-99,-99,-99,--,-99,--,-99,-99,-99,-99,--,-99
USco,J16270942-2148457,J16270942-2148457,27:09.4,-21:48:45.702,7.2482,0.0859,137.97,0.987,137.97,"[-12.054, -25.049]",Full,1,"[ALMA, ]","[341.1, ]","[0.880, ]","[0.35, ]","[??, ]","[Barenfeld+2016, ]","[2.87, ]","[0.12, ]","[2.87, ]","[0.55, ]",0.55,"[0.157, ]","[(-0.043, 0.071), ]",<,0.07,9.6579,,,,,,,,J16270942-2148457,--,--,--,--,--,--,--,--,--,--,,,J16270942-2148457,-99,-99,-99,-99,--,-99,--,-99,-99,-99,-99,--,-99
USco,J16303390-2428062,J16303390-2428062,30:33.9,-24:28:06.276,6.8209,0.0481,146.61,1.068,146.61,"[-6.304, -23.268]",Full,1,"[ALMA, ]","[341.1, ]","[0.880, ]","[0.35, ]","[??, ]","[Barenfeld+2016, ]","[0.60, ]","[0.12, ]","[0.60, ]","[0.13, ]",0.13,"[0.686, ]","[(-0.471, 0.021), ]",--,--,#VALUE!,,,,,,,,J16303390-2428062,--,--,--,--,--,--,--,--,--,--,,,J16303390-2428062,-99,-99,-99,-99,--,-99,--,-99,-99,-99,-99,--,-99
USco,J15555600-2045187,J15555600-2045187,55:56.0,-20:45:18.716,6.8477,0.1505,146.03,1.134,146.03,"[-13.642, -22.475]",Full,1,"[ALMA, ]","[??, ]","[0.885, ]","[0.56x0.44, ]","[??, ]","[vanderPlas+2016, ]","[0.68, ]","[0.13, ]","[0.68, ]","[0.15, ]",0.15,,,,,0,,,,,,,,J15555600-2045187,--,--,--,,--,--,--,--,--,--,,,J15555600-2045187,-99,-99,-99,-99,--,-99,--,-99,-99,-99,-99,--,-99
USco,J15560104-2338081,J15560104-2338081,56:01.0,-23:38:08.117,8.1419,0.1368,122.82,1.121,122.82,"[-18.694, -26.983]",Full,1,"[ALMA, ]","[??, ]","[0.885, ]","[0.56x0.44, ]","[??, ]","[vanderPlas+2016, ]","[2.46, ]","[0.12, ]","[2.46, ]","[0.38, ]",0.38,,,,,0,,,,,,,,J15560104-2338081,--,--,--,,--,--,--,--,--,--,,,J15560104-2338081,-99,-99,-99,-99,--,-99,--,-99,-99,-99,-99,--,-99
USco,J15591135-2338002,J15591135-2338002,59:11.4,-23:38:00.240,7.332,0.2352,136.39,1.05,136.39,"[-13.488, -25.655]",Full,1,"[ALMA, ]","[??, ]","[0.885, ]","[0.56x0.44, ]","[??, ]","[vanderPlas+2016, ]","[2.00, ]","[0.12, ]","[2.00, ]","[0.38, ]",0.38,,,,,0,,,,,,,,J15591135-2338002,--,--,--,,--,--,--,--,--,--,,,J15591135-2338002,-99,-99,-99,-99,--,-99,--,-99,-99,-99,-99,--,-99
USco,J16024575-2304509,J16024575-2304509,02:45.8,-23:04:50.920,9.8363,0.1928,101.66,2.878,142,"[-23.451, -32.915]",Full,1,"[ALMA, ]","[??, ]","[0.885, ]","[0.56x0.44, ]","[??, ]","[vanderPlas+2016, ]","[0.49, ]","[0.13, ]","[0.49, ]","[0.10, ]",0.11,,,,,0,,,,,,,,J16024575-2304509,--,--,--,,--,--,--,--,--,--,,,J16024575-2304509,-99,-99,-99,-99,--,-99,--,-99,-99,-99,-99,--,-99
USco,J16060391-2056443,J16060391-2056443,06:03.9,-20:56:44.369,7.1173,0.1769,140.5,1.087,140.5,"[-11.825, -22.145]",Full,1,"[ALMA, ]","[??, ]","[0.885, ]","[0.56x0.44, ]","[??, ]","[vanderPlas+2016, ]","[<=0.13, ]","[??, ]","[<0.13, ]","[<0.03, ]",<0.03,,,,,0,,,,,,,,J16060391-2056443,--,--,--,,--,--,--,--,--,--,,,J16060391-2056443,-99,-99,-99,-99,--,-99,--,-99,-99,-99,-99,--,-99
USco,J16100541-1919362,J16100541-1919362,10:05.4,-19:19:36.264,7.0494,0.205,141.86,1.17,141.86,"[-7.959, -24.498]",Full,1,"[ALMA, ]","[??, ]","[0.885, ]","[0.56x0.44, ]","[??, ]","[vanderPlas+2016, ]","[0.52, ]","[0.13, ]","[0.52, ]","[0.11, ]",0.11,,,,,0,,,,,,,,J16100541-1919362,--,--,--,,--,--,--,--,--,--,,,J16100541-1919362,-99,-99,-99,-99,--,-99,--,-99,-99,-99,-99,--,-99
USco,J16193976-2145349,J16193976-2145349,19:39.8,-21:45:34.999,--,--,--,--,142,"[, ]",Full,1,"[ALMA, ]","[??, ]","[0.885, ]","[0.56x0.44, ]","[??, ]","[vanderPlas+2016, ]","[0.94, ]","[0.12, ]","[0.94, ]","[0.20, ]",0.2,,,,,0,,,,,,,,J16193976-2145349,--,--,--,,--,--,--,--,--,--,,,J16193976-2145349,-99,-99,-99,-99,--,-99,--,-99,-99,-99,-99,--,-99
ChamI,J10533978-7712338,J10533978-7712338,53:39.8,-77:12:33.883,5.4268,0.0611,184.27,1.012,184.27,"[-23.290, 3.079]",II,1,"[ALMA, ]","[340, ]","[0.882, ]","[1.1x0.7, ]","[0.2, ]","[Long+2018, ]","[3.74, ]","[0.16, ]","[3.74, ]","[1.30, ]",<0.12,"[, ]","[, ]",<,0.11,20.2697,,,,,,II,,J10533978-7712338,191.81,M2,3560,1.8,0.023,-4.4,0.33,-11.72,0.32,-11.71,"...,UL,MAN,","Manara+16,17",J10533978-7712338,3560,0.021,-4.434,nan,nan,0.32,-11.75,nan,nan,0.32,-11.75,SL,184.27
ChamI,J10555973-7724399,J10555973-7724399,55:59.7,-77:24:39.913,5.4501,0.029,183.48,1.261,183.48,"[-23.691, 2.239]",II,1,"[ALMA, ]","[338, ]","[0.887, ]","[0.7x0.5, ]","[1.0, ]","[Pascucci+2016, ]","[34.10, ]","[1.32, ]","[34.10, ]","[11.89, ]",2.28,"[0.18, ]","[, ]",--,0.11,20.1828,,,,,,II,,J10555973-7724399,185.08,K7,4060,2.6,0.241,-1.12,0.81,-8.43,0.79,-8.42,"...,","Manara+16,17",J10555973-7724399,4020,0.236,-1.127,0.783,-8.42,0.745,-8.398,0.79,-8.42,0.79,-8.42,--,183.48
ChamI,J10561638-7630530,J10561638-7630530,56:16.4,-76:30:53.010,5.2393,0.0603,190.87,1.195,190.87,"[-22.773, 1.378]",II,1,"[ALMA, ]","[338, ]","[0.887, ]","[0.7x0.5, ]","[0.2, ]","[Pascucci+2016, ]","[3.99, ]","[0.16, ]","[3.99, ]","[1.51, ]",1.27,"[, ]","[, ]",<,0.12,22.9044,,,,,,II,,J10561638-7630530,196.48,M6.5,2935,0.3,0.121,-4.37,0.14,-10.78,0.12,-10.71,"...,LOWACC,","Manara+16,17",J10561638-7630530,2815,0.114,-4.395,nan,nan,0.1,-10.64,nan,nan,0.1,-10.64,<,190.87
ChamI,J10563044-7711393,J10563044-7711393,56:30.4,-77:11:39.307,5.533,0.0119,180.73,1.373,180.73,"[-23.738, 2.804]",II,1,"[ALMA, ]","[338, ]","[0.887, ]","[0.7x0.5, ]","[1.0, ]","[Pascucci+2016, ]","[117.58, ]","[1.10, ]","[117.58, ]","[39.79, ]",<1.33,"[, ]","[, ]",--,0.77,139.1621,,,,,,II,,J10563044-7711393,183.09,K7,4060,0.5,0.563,-2.12,0.76,-9.22,0.79,-9.24,"...,","Manara+16,17",J10563044-7711393,4020,0.548,-2.131,0.701,-9.193,0.74,-9.216,0.67,-9.18,0.67,-9.18,--,180.73
ChamI,J10574219-7659356,J10574219-7659356,57:42.2,-76:59:35.664,--,--,--,--,191,"[, ]",II,1,"[ALMA, ]","[338, ]","[0.887, ]","[0.7x0.5, ]","[1.0, ]","[Pascucci+2016, ]","[9.12, ]","[0.83, ]","[9.12, ]","[3.45, ]",3.41,"[, ]","[, ]",--,--,#VALUE!,,,,,,II,,J10574219-7659356,190,M3,3415,1.4,0.747,-1.83,nan,nan,0.32,-8.35,"...,","Manara+16,17",J10574219-7659356,3410,0.746,-1.83,nan,nan,0.3225,-8.344,0.29,-8.3,0.29,-8.3,--,190
ChamI,J10580597-7711501,J10580597-7711501,58:06.0,-77:11:50.100,5.3435,0.0728,187.14,0.988,187.14,"[-23.305, 2.337]",II,1,"[ALMA, ]","[338, ]","[0.887, ]","[0.7x0.5, ]","[0.2, ]","[Pascucci+2016, ]","[2.68, ]","[0.16, ]","[2.68, ]","[0.97, ]",0.97,"[, ]","[, ]",<,0.11,20.5854,,,,,,II,,J10580597-7711501,186.57,M5.5,3060,1.2,0.019,-4.94,0.11,-11.68,0.1,-11.65,"...,LOWACC,MAN,","Manara+16,17",J10580597-7711501,2920,0.019,-4.937,0.07,-11.45,nan,nan,0.09,-11.56,0.07,-11.45,<,187.14
ChamI,J10581677-7717170,J10581677-7717170,58:16.8,-77:17:17.056,5.2573,0.0258,190.21,2.935,191,"[-23.466, 2.030]",II/T,1,"[ALMA, ]","[338, ]","[0.887, ]","[0.7x0.5, ]","[1.0, ]","[Pascucci+2016, ]","[310.18, ]","[1.00, ]","[310.18, ]","[117.22, ]",116,"[, ]","[, ]",--,0.62,118.42,,,,,,II/T,,J10581677-7717170,189.84,K2,4900,1.3,1.647,-0.33,nan,nan,1.47,-7.65,"...,TD,","Manara+16,17",J10581677-7717170,4710,1.649,-0.329,1.399,-7.59,1.495,-7.618,1.27,-7.55,1.27,-7.55,--,190
ChamI,J10590108-7722407,J10590108-7722407,59:01.1,-77:22:40.710,5.4609,0.0128,183.12,1.353,183.12,"[-23.373, 2.274]",II,1,"[ALMA, ]","[338, ]","[0.887, ]","[0.7x0.5, ]","[1.0, ]","[Pascucci+2016, ]","[65.34, ]","[1.70, ]","[65.34, ]","[22.70, ]",22.7,"[0.40, ]","[, ]",--,0.23,42.1176,,,,,,II,,J10590108-7722407,185.21,K7,4060,0.8,0.509,-1.53,0.76,-8.65,0.79,-8.67,"...,","Manara+16,17",J10590108-7722407,4020,0.497,-1.539,0.717,-8.633,0.745,-8.649,0.7,-8.62,0.7,-8.62,--,183.12
ChamI,J10590699-7701404,J10590699-7701404,59:07.0,-77:01:40.444,5.3997,0.0125,185.2,1.171,185.2,"[-22.793, 2.239]",II,1,"[ALMA, ]","[338, ]","[0.887, ]","[0.7x0.5, ]","[1.0, ]","[Pascucci+2016, ]","[442.18, ]","[0.76, ]","[442.18, ]","[157.11, ]",157.11,"[0.51, ]","[, ]",--,0.36,66.672,,,,,,II,,J10590699-7701404,187.48,K0,5110,1.3,4.476,-1.28,nan,nan,2,-8.55,"...,","Manara+16,17",J10590699-7701404,4870,4.367,-1.29,nan,nan,2.025,-8.529,1.53,-8.41,1.53,-8.41,--,185.2
ChamI,J11004022-7619280,J11004022-7619280,00:40.2,-76:19:28.067,5.1811,0.0243,193.01,1.167,193.01,"[-22.558, 0.639]",II,1,"[ALMA, ]","[338, ]","[0.887, ]","[0.7x0.5, ]","[0.2, ]","[Pascucci+2016, ]","[69.75, ]","[0.17, ]","[69.75, ]","[26.92, ]",26.92,"[0.38, ]","[, ]",--,0.25,48.2525,,,,,,II,,J11004022-7619280,191.54,M4,3270,1.1,0.143,-2.29,0.23,-8.98,0.24,-9.01,"...,","Manara+16,17",J11004022-7619280,3190,0.145,-2.283,0.191,-8.869,0.2125,-8.914,0.18,-8.84,0.191,-8.869,--,193.01
ChamI,J11022491-7733357,J11022491-7733357,02:24.9,-77:33:35.716,5.9251,0.0675,168.77,6.406,191,"[-21.423, 5.021]",II/T,1,"[ALMA, ]","[338, ]","[0.887, ]","[0.7x0.5, ]","[1.0, ]","[Pascucci+2016, ]","[225.68, ]","[0.74, ]","[225.68, ]","[85.29, ]",84.4,"[0.45, ]","[, ]",--,0.25,47.75,,,,,,II/T,,J11022491-7733357,176.26,K2,4900,0.8,1.76,-0.89,nan,nan,1.5,-8.2,"...,TD,","Manara+16,17",J11022491-7733357,4710,2.045,-0.824,1.399,-8.038,1.57,-8.088,1.27,-8,1.27,-8,--,190
ChamI,J11023265-7729129,J11023265-7729129,02:32.7,-77:29:12.977,5.5213,0.0845,181.12,7.077,191,"[-22.647, 2.419]",II,1,"[ALMA, ]","[340, ]","[0.882, ]","[1.1x0.7, ]","[0.2, ]","[Long+2018, ]","[-0.00, ]","[0.16, ]","[<0.48, ]","[<0.18, ]",<0.18,"[, ]","[, ]",--,0.42,80.22,,,,,,II,,J11023265-7729129,195.35,M3,3415,1.4,0.388,-3.64,0.29,-10.24,0.32,-10.29,"...,LOWACC,","Manara+16,17",J11023265-7729129,3410,0.367,-3.664,0.288,-10.28,0.3225,-10.33,0.3,-10.3,0.288,-10.28,<,190
ChamI,J11025504-7721508,J11025504-7721508,02:55.0,-77:21:50.807,5.4288,0.0392,184.2,1.094,184.2,"[-23.791, 1.905]",II,1,"[ALMA, ]","[338, ]","[0.887, ]","[0.7x0.5, ]","[0.2, ]","[Pascucci+2016, ]","[1.16, ]","[0.16, ]","[1.16, ]","[0.41, ]",0.41,"[, ]","[, ]",<,0.23,42.366,,,,,,II,,J11025504-7721508,182.24,M4.5,3200,0.8,0.195,-2.01,0.19,-8.54,0.22,-8.6,"...,","Manara+16,17",J11025504-7721508,3085,0.199,-2,0.174,-8.449,0.1875,-8.479,0.16,-8.41,0.174,-8.449,--,184.2
ChamI,J11040425-7639328,J11040425-7639328,04:04.3,-76:39:32.828,5.1425,0.0617,194.46,1.085,194.46,"[-23.696, -0.817]",II,1,"[ALMA, ]","[338, ]","[0.887, ]","[0.7x0.5, ]","[0.2, ]","[Pascucci+2016, ]","[2.77, ]","[0.16, ]","[2.77, ]","[1.09, ]",1.09,"[, ]","[, ]",<,0.09,17.5014,,,,,,II,,J11040425-7639328,192.31,M4.5,3200,1.5,0.038,-3.75,0.18,-10.62,0.17,-10.57,"...,MAN,","Manara+16,17",J11040425-7639328,3085,0.038,-3.74,0.137,-10.44,0.12,-10.38,0.12,-10.37,0.137,-10.44,--,194.46
ChamI,J11040909-7627193,J11040909-7627193,04:09.1,-76:27:19.379,5.2645,0.0116,189.95,1.151,189.95,"[-22.223, 0.019]",II,1,"[ALMA, ]","[338, ]","[0.887, ]","[0.7x0.5, ]","[1.0, ]","[Pascucci+2016, ]","[104.78, ]","[0.60, ]","[104.78, ]","[39.16, ]",39.16,"[0.25, ]","[, ]",--,0.18,34.191,,,,,,II,,J11040909-7627193,191.78,K5,4350,2.4,2.155,0.53,0.96,-6.44,1.12,-6.51,"...,","Manara+16,17",J11040909-7627193,4210,2.114,0.5216,0.792,-6.34,0.9049,-6.398,0.67,-6.27,0.67,-6.27,--,189.95
ChamI,J11044258-7741571,J11044258-7741571,04:42.6,-77:41:57.131,5.2419,0.03,190.77,1.212,190.77,"[-23.025, 1.855]",II,1,"[ALMA, ]","[338, ]","[0.887, ]","[0.7x0.5, ]","[0.2, ]","[Pascucci+2016, ]","[4.15, ]","[0.16, ]","[4.15, ]","[1.56, ]",1.56,"[, ]","[, ]",--,0.14,26.7078,,,,,,II,,J11044258-7741571,193.15,M4,3270,1.2,0.131,-3.63,0.23,-10.34,0.24,-10.35,"...,LOWACC,","Manara+16,17",J11044258-7741571,3190,0.127,-3.64,0.193,-10.25,0.2075,-10.28,0.18,-10.23,0.193,-10.25,<,190.77
ChamI,J11045701-7715569,J11045701-7715569,04:57.0,-77:15:56.938,5.1656,0.0443,193.59,1.07,193.59,"[-22.712, 0.444]",II,1,"[ALMA, ]","[340, ]","[0.882, ]","[1.1x0.7, ]","[0.2, ]","[Long+2018, ]","[3.74, ]","[0.26, ]","[3.74, ]","[1.43, ]",1.43,"[, ]","[, ]",<,0.12,23.2308,,,,,,II,,J11045701-7715569,194.46,M3,3415,4.9,0.414,-0.94,0.29,-7.54,0.33,-7.59,"...,","Manara+16,17",J11045701-7715569,3410,0.41,-0.943,0.285,-7.535,0.3174,-7.581,0.3,-7.55,0.285,-7.535,--,193.59
ChamI,J11062554-7633418,J11062554-7633418,06:25.5,-76:33:41.868,4.9596,0.0763,201.63,0.959,201.63,"[-22.236, -1.011]",II,1,"[ALMA, ]","[338, ]","[0.887, ]","[0.7x0.5, ]","[0.2, ]","[Pascucci+2016, ]","[46.05, ]","[0.15, ]","[46.05, ]","[19.39, ]",19.39,"[0.23, ]","[, ]",--,0.16,32.2608,,,,,,II,,J11062554-7633418,209.3,M5.5,3060,2.5,0.048,-3.86,0.13,-10.48,0.12,-10.46,"...,MAN,","Manara+16,17",J11062554-7633418,2920,0.044,-3.892,0.079,-10.27,0.1,-10.37,0.09,-10.33,0.079,-10.27,--,201.63
ChamI,J11062942-7724586,J11062942-7724586,06:29.4,-77:24:58.644,--,--,--,--,191,"[, ]",II,1,"[ALMA, ]","[338, ]","[0.887, ]","[0.7x0.5, ]","[0.2, ]","[Pascucci+2016, ]","[0.25, ]","[0.16, ]","[<0.48, ]","[<0.18, ]",<0.18,"[, ]","[, ]",--,--,#VALUE!,,,,,,II,,J11062942-7724586,--,--,--,--,--,--,--,--,--,--,,--,J11062942-7724586,-99,-99,-99,-99,--,-99,--,-99,-99,-99,-99,--,-99
ChamI,J11063276-7625210,J11063276-7625210,06:32.8,-76:25:21.083,5.2858,0.1366,189.19,1.02,189.19,"[-21.444, 0.034]",II,1,"[ALMA, ]","[338, ]","[0.887, ]","[0.7x0.5, ]","[0.2, ]","[Pascucci+2016, ]","[-0.01, ]","[0.16, ]","[<0.48, ]","[<0.18, ]",<0.18,"[, ]","[, ]",--,--,#VALUE!,,,,,,II,,J11063276-7625210,187.14,M6.5,2935,0.7,0.022,-4.35,0.08,-10.87,nan,nan,"...,MAN,","Manara+16,17",J11063276-7625210,2815,0.022,-4.34,0.048,-10.63,nan,nan,nan,nan,0.048,-10.63,--,189.19
ChamI,J11063945-7736052,J11063945-7736052,06:39.5,-77:36:05.213,5.3444,0.3937,187.11,1.156,187.11,"[-23.899, 0.646]",II,1,"[ALMA, ]","[338, ]","[0.887, ]","[0.7x0.5, ]","[0.2, ]","[Pascucci+2016, ]","[0.37, ]","[0.16, ]","[<0.48, ]","[<0.17, ]",<0.17,"[, ]","[, ]",--,--,#VALUE!,,,,,,II,,J11063945-7736052,190,M5,3125,2.7,0.003,-98.85,nan,nan,0.16,-106.2,"...,UL,MAN,","Manara+16,17",J11063945-7736052,2980,0.002,-98.86,0.078,-105.8,0.1024,-105.9,nan,nan,0.078,-105.8,SL,187.11
ChamI,J11064180-7635489,J11064180-7635489,06:41.8,-76:35:48.980,5.1364,0.0249,194.69,1.152,194.69,"[-21.069, -0.505]",II,1,"[ALMA, ]","[338, ]","[0.887, ]","[0.7x0.5, ]","[0.2, ]","[Pascucci+2016, ]","[0.97, ]","[0.16, ]","[0.97, ]","[0.38, ]",0.38,"[, ]","[, ]",--,--,#VALUE!,,,,,,II,,J11064180-7635489,195.29,M5,3125,0,0.074,-2.39,0.17,-9.04,0.16,-9.03,"...,","Manara+16,17",J11064180-7635489,2980,0.073,-2.392,0.113,-8.841,0.1099,-8.826,0.09,-8.74,0.113,-8.841,--,194.69
ChamI,J11064510-7727023,J11064510-7727023,06:45.1,-77:27:02.322,5.3818,0.021,185.81,1.654,185.81,"[-22.470, 1.667]",II,1,"[ALMA, ]","[340, ]","[0.882, ]","[1.1x0.7, ]","[0.2, ]","[Long+2018, ]","[0.93, ]","[0.16, ]","[0.93, ]","[0.33, ]",0.33,"[, ]","[, ]",<,0.2,37.162,,,,,,II,,J11064510-7727023,185.47,K6,4205,3.4,0.712,-1.36,0.88,-8.5,0.94,-8.54,"...,","Manara+16,17",J11064510-7727023,4115,0.714,-1.358,0.775,-8.426,0.8249,-8.453,0.73,-8.4,0.73,-8.4,--,185.81
ChamI,J11065906-7718535,J11065906-7718535,06:59.1,-77:18:53.568,5.3329,0.0202,187.52,1.457,187.52,"[-23.291, 1.598]",II,1,"[ALMA, ]","[338, ]","[0.887, ]","[0.7x0.5, ]","[0.2, ]","[Pascucci+2016, ]","[24.28, ]","[0.35, ]","[24.28, ]","[8.84, ]",8.84,"[0.17, ]","[, ]",--,0.12,22.5024,,,,,,II,,J11065906-7718535,190.34,M4.5,3200,1.7,0.453,-1.5,nan,nan,0.25,-7.95,"...,","Manara+16,17",J11065906-7718535,3085,0.439,-1.512,nan,nan,0.2125,-7.874,nan,nan,0.2125,-7.874,--,187.52
ChamI,J11065939-7530559,J11065939-7530559,06:59.4,-75:30:55.976,5.1961,0.0777,192.45,1.007,192.45,"[-22.578, 1.302]",II,1,"[ALMA, ]","[338, ]","[0.887, ]","[0.7x0.5, ]","[0.2, ]","[Pascucci+2016, ]","[3.11, ]","[0.16, ]","[3.11, ]","[1.19, ]",1.19,"[, ]","[, ]",--,0.12,23.094,,,,,,II,,J11065939-7530559,196.24,M5.5,3060,0.4,0.015,-4.08,0.11,-10.87,0.11,-10.86,"...,","Manara+16,17",J11065939-7530559,2920,0.014,-4.096,0.066,-10.64,nan,nan,0.09,-10.78,0.066,-10.64,--,192.45
ChamI,J11070925-7718471,J11070925-7718471,07:09.3,-77:18:47.142,--,--,--,--,191,"[, ]",II,1,"[ALMA, ]","[340, ]","[0.882, ]","[1.1x0.7, ]","[0.2, ]","[Long+2018, ]","[0.65, ]","[0.17, ]","[0.65, ]","[0.24, ]",0.24,"[, ]","[, ]",<,0.25,47.75,,,,,,II,,J11070925-7718471,--,--,--,--,--,--,--,--,--,--,,--,J11070925-7718471,-99,-99,-99,-99,--,-99,--,-99,-99,-99,-99,--,-99
ChamI,J11071181-7625501,J11071181-7625501,07:11.8,-76:25:50.117,5.0023,0.0805,199.91,0.955,199.91,"[-22.300, -0.220]",II,1,"[ALMA, ]","[338, ]","[0.887, ]","[0.7x0.5, ]","[0.2, ]","[Pascucci+2016, ]","[0.03, ]","[0.16, ]","[<0.48, ]","[<0.20, ]",<0.20,"[, ]","[, ]",--,--,#VALUE!,,,,,,II,,J11071181-7625501,199.48,M5.5,3060,0.8,0.016,-4.79,0.11,-11.58,0.11,-11.56,"...,LOWACC,MAN,","Manara+16,17",J11071181-7625501,2920,0.016,-4.788,0.067,-11.32,nan,nan,0.09,-11.45,0.067,-11.32,<,199.91
ChamI,J11071206-7632232,J11071206-7632232,07:12.1,-76:32:23.233,5.158,0.013,193.87,1.326,193.87,"[-21.839, -0.436]",II,1,"[ALMA, ]","[340, ]","[0.882, ]","[1.1x0.7, ]","[0.2, ]","[Long+2018, ]","[6.57, ]","[0.25, ]","[6.57, ]","[2.52, ]",2.52,"[, ]","[, ]",--,0.22,42.6514,,,,,,II,,J11071206-7632232,195.75,M0,3850,1.5,0.599,-1.3,0.54,-8.2,0.56,-8.21,"...,","Manara+16,17",J11071206-7632232,3900,0.587,-1.308,0.583,-8.249,0.62,-8.275,0.56,-8.23,0.583,-8.249,--,193.87
ChamI,J11071330-7743498,J11071330-7743498,07:13.3,-77:43:49.879,5.299,0.1033,188.71,2.004,191,"[-25.031, -0.931]",II/T,1,"[ALMA, ]","[340, ]","[0.882, ]","[1.1x0.7, ]","[0.2, ]","[Long+2018, ]","[2.23, ]","[0.16, ]","[2.23, ]","[0.83, ]",0.82,"[, ]","[, ]",<,0.11,21.01,,,,,,II/T,,J11071330-7743498,173.47,M4,3270,2.6,0.082,-3.99,0.23,-10.81,0.22,-10.77,"...,LOWACC,TD,","Manara+16,17",J11071330-7743498,3190,0.098,-3.91,0.195,-10.59,0.1975,-10.59,0.17,-10.54,0.195,-10.59,<,190
ChamI,J11071860-7732516,J11071860-7732516,07:18.6,-77:32:51.662,5.0627,0.2342,197.52,1.155,197.52,"[-23.567, -0.797]",II,1,"[ALMA, ]","[338, ]","[0.887, ]","[0.7x0.5, ]","[0.2, ]","[Pascucci+2016, ]","[0.93, ]","[0.16, ]","[0.93, ]","[0.38, ]",0.38,"[, ]","[, ]",<,0.15,29.628,,,,,,II,,J11071860-7732516,198.58,M5.5,3060,4.8,0.039,-4,0.13,-10.67,0.11,-10.61,"...,","Manara+16,17",J11071860-7732516,2920,0.038,-4.004,0.076,-10.4,0.1,-10.51,0.09,-10.47,0.076,-10.4,--,197.52
ChamI,J11072074-7738073,J11072074-7738073,07:20.7,-77:38:07.354,5.2913,0.0133,188.99,1.148,188.99,"[-22.552, 1.214]",II,1,"[ALMA, ]","[338, ]","[0.887, ]","[0.7x0.5, ]","[1.0, ]","[Pascucci+2016, ]","[26.36, ]","[1.46, ]","[26.36, ]","[9.75, ]",9.75,"[0.29, ]","[, ]",<,0.09,17.0091,,,,,,II,,J11072074-7738073,190.62,K0,5110,1.5,7.239,-0.22,nan,nan,2.35,-7.45,"...,","Manara+16,17",J11072074-7738073,4870,7.115,-0.227,nan,nan,2.3275,-7.42,1.59,-7.26,1.59,-7.26,--,188.99
ChamI,J11072825-7652118,J11072825-7652118,07:28.3,-76:52:11.899,5.0097,0.0728,199.61,1.943,191,"[-23.846, 1.685]",II,1,"[ALMA, ]","[340, ]","[0.882, ]","[1.1x0.7, ]","[0.2, ]","[Long+2018, ]","[2.20, ]","[0.16, ]","[2.20, ]","[0.82, ]",0.81,"[, ]","[, ]",--,--,#VALUE!,,,,,,II,,J11072825-7652118,190,M3,3415,1.2,0.479,-1.57,0.29,-8.13  0.32,-8.18,"...,",,"Manara+16,17",J11072825-7652118,3410,0.479,-1.57,0.285,-8.127,0.32,-8.177,0.29,-8.13,0.285,-8.127,--,190
ChamI,J11074245-7733593,J11074245-7733593,07:42.5,-77:33:59.393,--,--,--,--,191,"[, ]",II,1,"[ALMA, ]","[338, ]","[0.887, ]","[0.7x0.5, ]","[0.2, ]","[Pascucci+2016, ]","[2.37, ]","[0.41, ]","[2.37, ]","[0.90, ]",0.89,"[0.34, ]","[, ]",--,--,#VALUE!,,,,,,II,,J11074245-7733593,190,M5.5,3060,2.4,0.056,-3.24,0.13,-9.84  0.12,-9.8,"...,",,"Manara+16,17",J11074245-7733593,2920,0.056,-3.24,0.089,-9.625,0.1,-9.674,0.09,-9.63,0.089,-9.625,--,190
ChamI,J11074366-7739411,J11074366-7739411,07:43.7,-77:39:41.148,5.2566,0.0169,190.24,1.307,190.24,"[-23.070, -0.360]",II,1,"[ALMA, ]","[338, ]","[0.887, ]","[0.7x0.5, ]","[1.0, ]","[Pascucci+2016, ]","[107.27, ]","[0.56, ]","[107.27, ]","[40.22, ]",40.22,"[0.26, ]","[, ]",--,0.17,32.3408,,,,,,II,,J11074366-7739411,194.81,M1,3705,2.8,0.445,-0.8,0.45,-7.65,0.47,-7.66,"...,","Manara+16,17",J11074366-7739411,3720,0.424,-0.82,0.463,-7.691,0.4775,-7.704,0.46,-7.69,0.463,-7.691,--,190.24
ChamI,J11074656-7615174,J11074656-7615174,07:46.6,-76:15:17.467,5.1911,0.1522,192.64,1.053,192.64,"[-22.099, 0.678]",II,1,"[ALMA, ]","[338, ]","[0.887, ]","[0.7x0.5, ]","[0.2, ]","[Pascucci+2016, ]","[2.18, ]","[0.16, ]","[2.18, ]","[0.84, ]",0.84,"[, ]","[, ]",<,0.09,17.3376,,,,,,II,,J11074656-7615174,194.22,M6.5,2935,0.5,0.01,-5.13,0.07,-11.76,nan,nan,"...,LOWACC,MAN,","Manara+16,17",J11074656-7615174,2815,0.009,-5.137,0.045,-11.57,nan,nan,nan,nan,0.045,-11.57,<,192.64
ChamI,J11075730-7717262,J11075730-7717262,07:57.3,-77:17:26.228,5.2152,0.2062,191.75,1.128,191.75,"[-22.207, 0.107]",II,1,"[ALMA, ]","[338, ]","[0.887, ]","[0.7x0.5, ]","[1.0, ]","[Pascucci+2016, ]","[6.47, ]","[0.80, ]","[6.47, ]","[2.46, ]",2.46,"[, ]","[, ]",<,0.15,28.7625,,,,,,II,,J11075730-7717262,--,--,--,--,--,--,--,--,--,--,,--,J11075730-7717262,-99,-99,-99,-99,--,-99,--,-99,-99,-99,-99,--,-99
ChamI,J11075792-7738449,J11075792-7738449,07:57.9,-77:38:44.927,5.3821,0.1966,185.8,2.917,191,"[-24.113, 2.588]",FS,1,"[ALMA, ]","[338, ]","[0.887, ]","[0.7x0.5, ]","[1.0, ]","[Pascucci+2016, ]","[19.85, ]","[1.48, ]","[19.85, ]","[7.50, ]",7.42,"[0.33, ]","[, ]",--,--,#VALUE!,,,,,,FS,,J11075792-7738449,163.19,K5,4350,3.2,0.531,-1.01,1.01,-8.31,1.04,-8.32,"...,","Manara+16,17",J11075792-7738449,4210,0.719,-0.877,0.888,-8.023,0.9549,-8.055,0.82,-7.99,0.82,-7.99,--,190
ChamI,J11075809-7742413,J11075809-7742413,07:58.1,-77:42:41.324,5.3329,0.0325,187.52,1.061,187.52,"[-22.711, -0.508]",II,1,"[ALMA, ]","[340, ]","[0.882, ]","[1.1x0.7, ]","[0.2, ]","[Long+2018, ]","[7.11, ]","[0.16, ]","[7.11, ]","[2.55, ]",2.55,"[, ]","[, ]",<,0.08,15.0016,,,,,,II,,J11075809-7742413,184.46,M3,3415,3.8,0.213,-1.37,0.29,-8.11,0.31,-8.14,"...,","Manara+16,17",J11075809-7742413,3410,0.22,-1.355,0.291,-8.092,0.3075,-8.115,0.31,-8.12,0.291,-8.092,--,187.52
ChamI,J11080002-7717304,J11080002-7717304,08:00.0,-77:17:30.484,4.6399,0.3058,215.52,2.638,191,"[-18.015, -0.760]",II,1,"[ALMA, ]","[340, ]","[0.882, ]","[1.1x0.7, ]","[0.2, ]","[Long+2018, ]","[-0.07, ]","[0.15, ]","[<0.45, ]","[<0.17, ]",<0.17,"[, ]","[, ]",<,0.13,24.83,,,,,,II,,J11080002-7717304,190,K7,4060,8,1.371,-3.08,0.67,-9.93,0.75,-9.98,"...,LOWACC,MAN,","Manara+16,17",J11080002-7717304,4020,1.371,-3.079,0.631,-9.897,0.715,-9.951,0.56,-9.85,0.56,-9.85,<,190
ChamI,J11080148-7742288,J11080148-7742288,08:01.5,-77:42:28.854,5.3147,0.2905,188.16,28.093,191,"[-17.212, -0.112]",II,1,"[ALMA, ]","[338, ]","[0.887, ]","[0.7x0.5, ]","[1.0, ]","[Pascucci+2016, ]","[44.37, ]","[0.82, ]","[44.37, ]","[16.77, ]",16.59,"[, ]","[, ]",--,--,#VALUE!,,,,,,II,,J11080148-7742288,190,K7,4060,1.9,2.313,-0.63,nan,nan,0.75,-7.42,"...,","Manara+16,17",J11080148-7742288,4020,2.312,-0.629,nan,nan,0.705,-7.381,nan,nan,0.705,-7.381,--,190
ChamI,J11080297-7738425,J11080297-7738425,08:03.0,-77:38:42.590,--,--,--,--,191,"[, ]",FS,1,"[ALMA, ]","[338, ]","[0.887, ]","[0.7x0.5, ]","[1.0, ]","[Pascucci+2016, ]","[102.24, ]","[0.58, ]","[102.24, ]","[38.64, ]",38.23,"[0.28, ]","[, ]",--,--,#VALUE!,,,,,,FS,,J11080297-7738425,190,M1,3705,3.4,0.169,-1.86,0.53,-8.98  0.45,-8.91,"...,",,"Manara+16,17",J11080297-7738425,3720,0.168,-1.86,0.532,-8.99,0.465,-8.932,0.55,-9.01,0.532,-8.99,--,190
ChamI,J11081509-7733531,J11081509-7733531,08:15.1,-77:33:53.158,5.3381,0.0352,187.33,3.247,191,"[-23.574, 0.530]",FS,1,"[ALMA, ]","[338, ]","[0.887, ]","[0.7x0.5, ]","[1.0, ]","[Pascucci+2016, ]","[209.29, ]","[0.43, ]","[209.29, ]","[79.09, ]",78.27,"[0.46, ]","[, ]",--,0.33,63.03,,,,,,FS,,J11081509-7733531,190,K0,5110,2.5,1.777,-1.47,1.4,-8.79  1.41,-8.79,"...,",,"Manara+16,17",J11081509-7733531,4870,1.776,-1.47,nan,nan,1.5149,-8.778,1.43,-8.75,1.43,-8.75,--,190
ChamI,J11081850-7730408,J11081850-7730408,08:18.5,-77:30:40.813,5.3563,0.1419,186.7,1.061,186.7,"[-25.065, 1.025]",II,1,"[ALMA, ]","[338, ]","[0.887, ]","[0.7x0.5, ]","[0.2, ]","[Pascucci+2016, ]","[0.26, ]","[0.16, ]","[<0.48, ]","[<0.17, ]",<0.17,"[, ]","[, ]",--,--,#VALUE!,,,,,,II,,J11081850-7730408,185.65,M6.5,2935,0,0.013,-5.04,0.07,-11.63,nan,nan,"...,LOWACC,","Manara+16,17",J11081850-7730408,2815,0.013,-5.035,0.045,-11.4,nan,nan,nan,nan,0.045,-11.4,<,186.7
ChamI,J11082238-7730277,J11082238-7730277,08:22.4,-77:30:27.713,5.2601,0.0673,190.11,1.046,190.11,"[-22.816, 0.286]",II,1,"[ALMA, ]","[338, ]","[0.887, ]","[0.7x0.5, ]","[0.2, ]","[Pascucci+2016, ]","[0.23, ]","[0.16, ]","[<0.48, ]","[<0.18, ]",<0.18,"[, ]","[, ]",--,--,#VALUE!,,,,,,II,,J11082238-7730277,193.28,M5.5,3060,1.3,0.044,-3.22,0.13,-9.86,0.12,-9.82,"...,","Manara+16,17",J11082238-7730277,2920,0.042,-3.234,0.077,-9.619,0.1,-9.727,0.09,-9.68,0.077,-9.619,--,190.11
ChamI,J11082570-7716396,J11082570-7716396,08:25.7,-77:16:39.619,--,--,--,--,191,"[, ]",II,1,"[ALMA, ]","[338, ]","[0.887, ]","[0.7x0.5, ]","[0.2, ]","[Pascucci+2016, ]","[0.23, ]","[0.15, ]","[<0.45, ]","[<0.17, ]",<0.17,"[, ]","[, ]",--,--,#VALUE!,,,,,,II,,J11082570-7716396,--,--,--,--,--,--,--,--,--,--,,--,J11082570-7716396,-99,-99,-99,-99,--,-99,--,-99,-99,-99,-99,--,-99
ChamI,J11082650-7715550,J11082650-7715550,08:26.5,-77:15:55.098,5.1079,0.1207,195.78,1.003,195.78,"[-22.186, -0.459]",II,1,"[ALMA, ]","[338, ]","[0.887, ]","[0.7x0.5, ]","[0.2, ]","[Pascucci+2016, ]","[-0.24, ]","[0.16, ]","[<0.48, ]","[<0.19, ]",<0.19,"[, ]","[, ]",--,--,#VALUE!,,,,,,II,,J11082650-7715550,200,M5.5,3060,2.5,0.022,-4.16,0.11,-10.89,0.11,-10.87,"...,MAN,","Manara+16,17",J11082650-7715550,2920,0.021,-4.178,0.07,-10.67,nan,nan,0.09,-10.78,0.07,-10.67,--,195.78
ChamI,J11083905-7716042,J11083905-7716042,08:39.1,-77:16:04.242,5.2687,0.0228,189.8,1.25,189.8,"[-22.508, 0.907]",II/T,1,"[ALMA, ]","[338, ]","[0.887, ]","[0.7x0.5, ]","[1.0, ]","[Pascucci+2016, ]","[14.11, ]","[0.79, ]","[14.11, ]","[5.27, ]",5.27,"[, ]","[, ]",<,0.09,17.082,,,,,,II/T,,J11083905-7716042,188.36,K7,4060,2.9,0.457,-1.49,0.78,-8.64,0.79,-8.65,"...,TD,","Manara+16,17",J11083905-7716042,4020,0.464,-1.483,0.723,-8.595,0.7549,-8.613,0.71,-8.59,0.71,-8.59,--,189.8
ChamI,J11083952-7734166,J11083952-7734166,08:39.5,-77:34:16.669,5.3366,0.067,187.39,1.296,187.39,"[-23.249, 0.592]",II,1,"[ALMA, ]","[338, ]","[0.887, ]","[0.7x0.5, ]","[0.2, ]","[Pascucci+2016, ]","[0.02, ]","[0.16, ]","[<0.48, ]","[<0.17, ]",<0.17,"[, ]","[, ]",--,--,#VALUE!,,,,,,II,,J11083952-7734166,179.32,M6.5,2935,0.1,0.088,-3.76,0.12,-10.17,0.11,-10.12,"...,","Manara+16,17",J11083952-7734166,2815,0.096,-3.721,nan,nan,0.1,-10,nan,nan,0.1,-10,--,187.39
ChamI,J11085090-7625135,J11085090-7625135,08:50.9,-76:25:13.588,5.2017,0.0416,192.24,1.048,192.24,"[-22.020, -0.158]",II,1,"[ALMA, ]","[338, ]","[0.887, ]","[0.7x0.5, ]","[0.2, ]","[Pascucci+2016, ]","[-0.04, ]","[0.16, ]","[<0.48, ]","[<0.18, ]",<0.18,"[, ]","[, ]",--,--,#VALUE!,,,,,,II,,J11085090-7625135,192.77,M5.5,3060,0.8,0.044,-3.89,0.13,-10.53,0.12,-10.49,"...,","Manara+16,17",J11085090-7625135,2920,0.043,-3.892,0.078,-10.27,0.1,-10.38,0.09,-10.33,0.078,-10.27,--,192.24
ChamI,J11085367-7521359,J11085367-7521359,08:53.7,-75:21:35.946,5.249,0.015,190.51,1.399,190.51,"[-22.533, 0.549]",II,1,"[ALMA, ]","[338, ]","[0.887, ]","[0.7x0.5, ]","[1.0, ]","[Pascucci+2016, ]","[24.60, ]","[1.37, ]","[24.60, ]","[9.25, ]",9.25,"[0.30, ]","[, ]",--,0.15,28.5765,,,,,,II,,J11085367-7521359,188.27,M1,3705,1.5,0.263,-0.92,0.49,-7.91,0.46,-7.88,"...,","Manara+16,17",J11085367-7521359,3720,0.269,-0.909,0.497,-7.909,0.4699,-7.885,0.5,-7.91,0.497,-7.909,--,190.51
ChamI,J11085464-7702129,J11085464-7702129,08:54.6,-77:02:12.962,5.3575,0.0328,186.65,1.893,191,"[-23.557, 1.003]",II,1,"[ALMA, ]","[340, ]","[0.882, ]","[1.1x0.7, ]","[0.2, ]","[Long+2018, ]","[4.03, ]","[0.16, ]","[4.03, ]","[1.50, ]",1.49,"[, ]","[, ]",<,0.13,24.83,,,,,,II,,J11085464-7702129,186.01,M0.5,3780,1.9,0.176,-1.89,0.6,-9.07,0.51,-9.01,"...,","Manara+16,17",J11085464-7702129,3810,0.183,-1.871,0.61,-9.064,0.5525,-9.021,0.64,-9.09,0.61,-9.064,--,190
ChamI,J11085497-7632410,J11085497-7632410,08:55.0,-76:32:41.086,5.1702,0.0689,193.42,0.966,193.42,"[-22.325, -0.991]",II,1,"[ALMA, ]","[338, ]","[0.887, ]","[0.7x0.5, ]","[0.2, ]","[Pascucci+2016, ]","[0.46, ]","[0.16, ]","[<0.48, ]","[<0.19, ]",<0.19,"[, ]","[, ]",--,--,#VALUE!,,,,,,II,,J11085497-7632410,194.65,M5.5,3060,1.8,0.04,-3.78,0.13,-10.43,0.12,-10.4,"...,MAN,","Manara+16,17",J11085497-7632410,2920,0.039,-3.785,0.077,-10.18,0.1,-10.29,0.09,-10.25,0.077,-10.18,--,193.42
ChamI,J11091812-7630292,J11091812-7630292,09:18.1,-76:30:29.250,5.4454,0.0624,183.64,1.244,183.64,"[-21.817, -0.675]",II,1,"[ALMA, ]","[340, ]","[0.882, ]","[1.1x0.7, ]","[0.2, ]","[Long+2018, ]","[2.78, ]","[0.16, ]","[2.78, ]","[0.96, ]",0.96,"[, ]","[, ]",--,--,#VALUE!,,,,,,II,,J11091812-7630292,187.63,M0,3850,5,0.344,-1.77,0.6,-8.83,0.57,-8.81,"...,MAN,","Manara+16,17",J11091812-7630292,3900,0.329,-1.788,0.653,-8.904,0.64,-8.895,0.65,-8.9,0.653,-8.904,--,183.64
ChamI,J11092266-7634320,J11092266-7634320,09:22.7,-76:34:32.023,5.1789,0.1593,193.09,1.11,193.09,"[-22.296, 0.034]",II,1,"[ALMA, ]","[338, ]","[0.887, ]","[0.7x0.5, ]","[1.0, ]","[Pascucci+2016, ]","[3.85, ]","[0.78, ]","[3.85, ]","[1.49, ]",1.49,"[, ]","[, ]",--,--,#VALUE!,,,,,,II,,J11092266-7634320,203.25,M1,3705,8,0.121,-1.99,0.56,-9.21,0.44,-9.11,"...,MAN,","Manara+16,17",J11092266-7634320,3720,0.109,-2.034,0.583,-9.299,0.4525,-9.189,0.58,-9.3,0.583,-9.299,--,193.09
ChamI,J11092379-7623207,J11092379-7623207,09:23.8,-76:23:20.756,5.2322,0.0154,191.12,1.571,191.12,"[-21.599, -0.339]",II,1,"[ALMA, ]","[338, ]","[0.887, ]","[0.7x0.5, ]","[1.0, ]","[Pascucci+2016, ]","[123.11, ]","[0.57, ]","[123.11, ]","[46.58, ]",46.58,"[0.26, ]","[, ]",--,0.17,32.4904,,,,,,II,,J11092379-7623207,192.3,M0.5,3780,1.2,0.794,-0.32,0.48,-7.08,0.51,-7.11,"...,","Manara+16,17",J11092379-7623207,3810,0.784,-0.325,0.496,-7.113,0.53,-7.141,0.46,-7.08,0.496,-7.113,--,191.12
ChamI,J11094260-7725578,J11094260-7725578,09:42.6,-77:25:57.860,5.1683,0.1087,193.49,1.133,193.49,"[-23.255, 0.278]",II,1,"[ALMA, ]","[338, ]","[0.887, ]","[0.7x0.5, ]","[0.2, ]","[Pascucci+2016, ]","[0.37, ]","[0.16, ]","[<0.48, ]","[<0.19, ]",<0.19,"[, ]","[, ]",--,--,#VALUE!,,,,,,II,,J11094260-7725578,--,--,--,--,--,--,--,--,--,--,,--,J11094260-7725578,-99,-99,-99,-99,--,-99,--,-99,-99,-99,-99,--,-99
ChamI,J11094621-7634463,J11094621-7634463,09:46.2,-76:34:46.387,5.0944,0.0402,196.29,1.079,196.29,"[-21.214, -0.929]",II,1,"[ALMA, ]","[338, ]","[0.887, ]","[0.7x0.5, ]","[1.0, ]","[Pascucci+2016, ]","[4.73, ]","[0.79, ]","[4.73, ]","[1.89, ]",1.89,"[, ]","[, ]",<,0.14,27.4806,,,,,,II,,J11094621-7634463,195.04,M3,3415,2.1,0.089,-2.26,0.33,-9.24,0.28,-9.17,"...,","Manara+16,17",J11094621-7634463,3410,0.09,-2.254,0.328,-9.235,0.2775,-9.163,0.31,-9.21,0.328,-9.235,--,196.29
ChamI,J11094742-7726290,J11094742-7726290,09:47.4,-77:26:29.062,5.2241,0.0856,191.42,0.924,191.42,"[-22.390, 0.511]",II,1,"[ALMA, ]","[338, ]","[0.887, ]","[0.7x0.5, ]","[1.0, ]","[Pascucci+2016, ]","[147.85, ]","[0.86, ]","[147.85, ]","[56.12, ]",56.12,"[0.75, ]","[, ]",--,0.53,101.4526,,,,,,II,,J11094742-7726290,192.96,M1,3705,5,0.145,-1.77,0.53,-8.93,0.46,-8.86,"...,MAN,","Manara+16,17",J11094742-7726290,3720,0.142,-1.776,0.557,-8.964,0.4699,-8.89,0.57,-8.97,0.557,-8.964,--,191.42
ChamI,J11095215-7639128,J11095215-7639128,09:52.2,-76:39:12.805,3.9844,0.1721,250.98,1.254,250.98,"[-21.592, -0.683]",II,1,"[ALMA, ]","[338, ]","[0.887, ]","[0.7x0.5, ]","[0.2, ]","[Pascucci+2016, ]","[0.37, ]","[0.16, ]","[<0.48, ]","[<0.31, ]",<0.31,"[, ]","[, ]",--,--,#VALUE!,,,,,,II,,J11095215-7639128,240.14,M6.5,2940,2.5,0.063,-3.85,0.1,-10.25,0.1,-10.26,"...,","Manara+16,17",J11095215-7639128,2815,0.068,-3.811,0.086,-10.1,nan,nan,nan,nan,0.086,-10.1,--,190
ChamI,J11095336-7728365,J11095336-7728365,09:53.4,-77:28:36.559,5.3871,0.3648,185.63,1.274,185.63,"[-22.579, 0.516]",II,1,"[ALMA, ]","[338, ]","[0.887, ]","[0.7x0.5, ]","[0.2, ]","[Pascucci+2016, ]","[0.29, ]","[0.16, ]","[<0.48, ]","[<0.17, ]",<0.17,"[, ]","[, ]",--,--,#VALUE!,,,,,,II,,J11095336-7728365,186.29,M5.5,3060,5.2,0.019,-3.52,0.11,-10.27,0.1,-10.23,"...,MAN,","Manara+16,17",J11095336-7728365,2920,0.018,-3.523,0.068,-10.02,nan,nan,0.09,-10.15,0.068,-10.02,--,185.63
ChamI,J11095340-7634255,J11095340-7634255,09:53.4,-76:34:25.511,5.1929,0.1038,192.57,6.127,191,"[-26.840, 2.146]",II,1,"[ALMA, ]","[338, ]","[0.887, ]","[0.7x0.5, ]","[1.0, ]","[Pascucci+2016, ]","[76.10, ]","[1.83, ]","[76.10, ]","[28.76, ]",28.46,"[0.56, ]","[, ]",--,0.36,68.76,,,,,,II,,J11095340-7634255,201.96,K7,4060,4.3,0.765,0.26,0.72,-6.75,0.75,-6.77,"...,","Manara+16,17",J11095340-7634255,4020,0.677,0.2069,0.691,-6.803,0.72,-6.82,0.65,-6.77,0.65,-6.77,--,190
ChamI,J11095407-7629253,J11095407-7629253,09:54.1,-76:29:25.310,5.0099,0.1669,199.6,9.312,191,"[-22.540, -0.820]",II,1,"[ALMA, ]","[338, ]","[0.887, ]","[0.7x0.5, ]","[1.0, ]","[Pascucci+2016, ]","[30.49, ]","[1.24, ]","[30.49, ]","[11.52, ]",11.4,"[0.13, ]","[, ]",--,--,#VALUE!,,,,,,II,,J11095407-7629253,212.11,M1,3705,1.8,0.193,-1.86,0.51,-8.94,0.45,-8.88,"...,","Manara+16,17",J11095407-7629253,3720,0.154,-1.955,0.544,-9.115,0.4625,-9.044,0.57,-9.13,0.544,-9.115,--,190
ChamI,J11095873-7737088,J11095873-7737088,09:58.7,-77:37:08.879,5.2479,0.0576,190.55,7.188,191,"[-22.717, 1.437]",II,1,"[ALMA, ]","[338, ]","[0.887, ]","[0.7x0.5, ]","[1.0, ]","[Pascucci+2016, ]","[20.81, ]","[0.57, ]","[20.81, ]","[7.86, ]",7.78,"[, ]","[, ]",--,--,#VALUE!,,,,,,II,,J11095873-7737088,191.29,M0.5,3780,3,0.872,0.04,0.47,-6.7,0.5,-6.73,"...,","Manara+16,17",J11095873-7737088,3810,0.86,0.0341,0.491,-6.729,0.5375,-6.768,0.45,-6.69,0.491,-6.729,--,190
ChamI,J11100010-7634578,J11100010-7634578,10:00.1,-76:34:57.893,5.2965,0.0314,188.8,2.798,191,"[-22.507, -0.812]",II,1,"[ALMA, ]","[338, ]","[0.887, ]","[0.7x0.5, ]","[1.0, ]","[Pascucci+2016, ]","[1363.47, ]","[0.82, ]","[1363.47, ]","[515.28, ]",509.9,"[0.56, ]","[, ]",--,--,#VALUE!,,,,,,II,,J11100010-7634578,192.08,K0,5110,4.1,3.862,0.78,nan,nan,1.9,-6.5,"...,","Manara+16,17",J11100010-7634578,4870,3.778,0.7705,nan,nan,1.9299,-6.478,1.5,-6.37,1.5,-6.37,--,190
ChamI,J11100369-7633291,J11100369-7633291,10:03.7,-76:33:29.178,5.1085,0.0482,195.75,1.04,195.75,"[-21.610, -1.608]",II,1,"[ALMA, ]","[338, ]","[0.887, ]","[0.7x0.5, ]","[1.0, ]","[Pascucci+2016, ]","[9.83, ]","[0.79, ]","[9.83, ]","[3.90, ]",3.9,"[, ]","[, ]",<,0.15,29.3625,,,,,,II,,J11100369-7633291,201.01,M0,3850,5,0.363,-2.25,0.59,-9.29,0.58,-9.28,"...,MAN,","Manara+16,17",J11100369-7633291,3900,0.344,-2.273,0.646,-9.374,0.6349,-9.366,0.64,-9.37,0.646,-9.374,--,195.75
ChamI,J11100469-7635452,J11100469-7635452,10:04.7,-76:35:45.272,5.1797,0.0117,193.06,1.089,193.06,"[-20.672, -1.147]",II,1,"[ALMA, ]","[338, ]","[0.887, ]","[0.7x0.5, ]","[1.0, ]","[Pascucci+2016, ]","[7.73, ]","[0.78, ]","[7.73, ]","[2.98, ]",2.98,"[, ]","[, ]",--,0.18,34.7508,,,,,,II,,J11100469-7635452,195,K7,4060,1.1,0.505,-2.42,0.76,-9.54  0.82,-9.57,"...,",,"Manara+16,17",J11100469-7635452,4020,0.495,-2.428,0.715,-9.522,0.735,-9.533,0.7,-9.51,0.7,-9.51,--,193.06
ChamI,J11100704-7629376,J11100704-7629376,10:07.0,-76:29:37.698,5.7305,0.2207,174.5,21.213,191,"[-23.039, -1.287]",II,1,"[ALMA, ]","[338, ]","[0.887, ]","[0.7x0.5, ]","[1.0, ]","[Pascucci+2016, ]","[7.17, ]","[0.78, ]","[7.17, ]","[2.71, ]",2.68,"[, ]","[, ]",--,--,#VALUE!,,,,,,II,,J11100704-7629376,179.61,K7,4060,1.2,0.668,-1.49,0.72,-8.53,0.77,-8.56,"...,","Manara+16,17",J11100704-7629376,4020,0.747,-1.441,0.683,-8.425,0.72,-8.447,0.63,-8.39,0.63,-8.39,--,190
ChamI,J11100785-7727480,J11100785-7727480,10:07.9,-77:27:48.082,4.8795,0.229,204.94,1.134,204.94,"[-22.567, -0.418]",II,1,"[ALMA, ]","[338, ]","[0.887, ]","[0.7x0.5, ]","[0.2, ]","[Pascucci+2016, ]","[0.49, ]","[0.16, ]","[0.49, ]","[0.21, ]",0.21,"[, ]","[, ]",--,--,#VALUE!,,,,,,II,,J11100785-7727480,199.93,M5.5,3060,6,0.056,-4.09,0.14,-10.7,0.12,-10.65,"...,MAN,","Manara+16,17",J11100785-7727480,2920,0.058,-4.068,0.091,-10.45,0.1,-10.49,0.09,-10.45,0.091,-10.45,--,204.94
ChamI,J11101141-7635292,J11101141-7635292,10:11.4,-76:35:29.288,5.1005,0.0257,196.06,1.161,196.06,"[-22.157, -1.434]",II,1,"[ALMA, ]","[338, ]","[0.887, ]","[0.7x0.5, ]","[1.0, ]","[Pascucci+2016, ]","[73.82, ]","[1.40, ]","[73.82, ]","[29.40, ]",29.4,"[0.19, ]","[, ]",--,0.14,27.4484,,,,,,II,,J11101141-7635292,195.37,K5,4350,4.1,0.91,-2.3,1.02,-9.48,1.08,-9.5,"...,LOWACC,","Manara+16,17",J11101141-7635292,4210,0.916,-2.296,0.848,-9.37,0.9399,-9.414,0.78,-9.34,0.78,-9.34,<,196.06
ChamI,J11103801-7732399,J11103801-7732399,10:38.0,-77:32:39.905,--,--,--,--,191,"[, ]",II,1,"[ALMA, ]","[338, ]","[0.887, ]","[0.7x0.5, ]","[1.0, ]","[Pascucci+2016, ]","[5.37, ]","[0.78, ]","[5.37, ]","[2.03, ]",2.01,"[, ]","[, ]",--,--,#VALUE!,,,,,,II,,J11103801-7732399,190,K4,4590,3.9,2.679,-0.79,1.3,-7.89,1.52,-7.96,"...,","Manara+16,17",J11103801-7732399,4375,2.678,-0.79,0.991,-7.731,1.18,-7.807,0.82,-7.65,0.82,-7.65,--,190
ChamI,J11104141-7720480,J11104141-7720480,10:41.4,-77:20:48.048,5.005,0.1662,199.8,1.055,199.8,"[-22.417, 0.387]",II,1,"[ALMA, ]","[338, ]","[0.887, ]","[0.7x0.5, ]","[0.2, ]","[Pascucci+2016, ]","[0.00, ]","[0.16, ]","[<0.48, ]","[<0.20, ]",<0.20,"[, ]","[, ]",--,--,#VALUE!,,,,,,II,,J11104141-7720480,204.22,M5.5,3060,3.6,0.024,-2.91,0.12,-9.63,0.1,-9.57,"...,MAN,","Manara+16,17",J11104141-7720480,2920,0.022,-2.929,0.071,-9.412,nan,nan,0.09,-9.51,0.071,-9.412,--,199.8
ChamI,J11104959-7717517,J11104959-7717517,10:49.6,-77:17:51.745,5.3565,0.0201,186.69,1.28,186.69,"[-22.317, 1.296]",II,1,"[ALMA, ]","[338, ]","[0.887, ]","[0.7x0.5, ]","[1.0, ]","[Pascucci+2016, ]","[58.37, ]","[1.45, ]","[58.37, ]","[21.07, ]",21.07,"[0.34, ]","[, ]",--,0.21,39.2049,,,,,,II,,J11104959-7717517,185.16,M2,3560,2.7,0.201,-0.68,0.38,-7.6,0.38,-7.59,"...,","Manara+16,17",J11104959-7717517,3560,0.204,-0.672,0.383,-7.581,0.3799,-7.577,0.41,-7.61,0.383,-7.581,--,186.69
ChamI,J11105333-7634319,J11105333-7634319,10:53.3,-76:34:31.994,5.1753,0.0165,193.23,1.294,193.23,"[-21.720, -0.833]",II,1,"[ALMA, ]","[338, ]","[0.887, ]","[0.7x0.5, ]","[1.0, ]","[Pascucci+2016, ]","[31.02, ]","[1.29, ]","[31.02, ]","[12.00, ]",12,"[0.22, ]","[, ]",--,0.16,30.9168,,,,,,II,,J11105333-7634319,194.69,M3,3415,1.2,0.237,-0.97,0.29,-7.7,0.31,-7.72,"...,","Manara+16,17",J11105333-7634319,3410,0.233,-0.976,0.291,-7.7,0.31,-7.726,0.3,-7.72,0.291,-7.7,--,193.23
ChamI,J11105359-7725004,J11105359-7725004,10:53.6,-77:25:00.484,5.1568,0.2094,193.92,1.026,193.92,"[-22.763, 0.205]",II,1,"[ALMA, ]","[338, ]","[0.887, ]","[0.7x0.5, ]","[0.2, ]","[Pascucci+2016, ]","[7.88, ]","[0.34, ]","[7.88, ]","[3.07, ]",3.07,"[0.18, ]","[, ]",--,0.12,23.2704,,,,,,II,,J11105359-7725004,195.78,M5,3125,5.5,0.052,-3.37,0.16,-10.09,0.15,-10.05,"...,MAN,","Manara+16,17",J11105359-7725004,2980,0.051,-3.378,0.103,-9.865,0.1,-9.85,0.09,-9.8,0.103,-9.865,--,193.92
ChamI,J11105597-7645325,J11105597-7645325,10:56.0,-76:45:32.573,6.4247,0.6263,155.65,14.313,191,"[-23.748, 0.142]",II,1,"[ALMA, ]","[338, ]","[0.887, ]","[0.7x0.5, ]","[0.2, ]","[Pascucci+2016, ]","[2.23, ]","[0.22, ]","[2.23, ]","[0.84, ]",0.83,"[, ]","[, ]",--,--,#VALUE!,,,,,,II,,J11105597-7645325,190,M6.5,2935,1.3,0.183,-3.09,nan,nan,0.14,-9.4,"...,","Manara+16,17",J11105597-7645325,2815,0.182,-3.089,nan,nan,0.1024,-9.245,nan,nan,0.1024,-9.245,--,190
ChamI,J11111083-7641574,J11111083-7641574,11:10.8,-76:41:57.433,--,--,--,--,191,"[, ]",II,1,"[ALMA, ]","[338, ]","[0.887, ]","[0.7x0.5, ]","[1.0, ]","[Pascucci+2016, ]","[54.27, ]","[1.75, ]","[54.27, ]","[20.51, ]",20.3,"[0.74, ]","[, ]",--,0.5,95.5,,,,,,II,,J11111083-7641574,190,M1,3705,2.2,0.004,-2.75,nan,nan,nan,nan,"...,UL,","Manara+16,17",J11111083-7641574,3720,0.004,-2.75,nan,nan,nan,nan,nan,nan,nan,nan,SL,190
ChamI,J11113965-7620152,J11113965-7620152,11:39.7,-76:20:15.252,5.206,0.0216,192.09,1.986,191,"[-21.807, -0.250]",II,1,"[ALMA, ]","[338, ]","[0.887, ]","[0.7x0.5, ]","[1.0, ]","[Pascucci+2016, ]","[21.48, ]","[0.80, ]","[21.48, ]","[8.12, ]",8.03,"[, ]","[, ]",<,0.09,17.19,,,,,,II,,J11113965-7620152,190.51,M3.5,3340,1,0.411,-0.66,0.25,-7.18,0.29,-7.24,"...,","Manara+16,17",J11113965-7620152,3300,0.408,-0.662,0.248,-7.166,0.28,-7.218,0.24,-7.15,0.248,-7.166,--,190
ChamI,J11114632-7620092,J11114632-7620092,11:46.3,-76:20:09.211,5.2188,0.0103,191.61,0.901,191.61,"[-21.891, -0.220]",II,1,"[ALMA, ]","[338, ]","[0.887, ]","[0.7x0.5, ]","[1.0, ]","[Pascucci+2016, ]","[35.20, ]","[1.26, ]","[35.20, ]","[13.39, ]",13.39,"[0.19, ]","[, ]",--,0.14,26.8254,,,,,,II,,J11114632-7620092,192.52,K2,4900,0.8,1.491,-0.58,1.4,-7.9,1.41,-7.9,"...,","Manara+16,17",J11114632-7620092,4710,1.476,-0.584,1.399,-7.868,1.4399,-7.881,1.27,-7.83,1.27,-7.83,--,191.61
ChamI,J11120351-7726009,J11120351-7726009,12:03.5,-77:26:00.992,5.3729,0.0722,186.12,1.104,186.12,"[-23.393, 0.401]",II,1,"[ALMA, ]","[338, ]","[0.887, ]","[0.7x0.5, ]","[0.2, ]","[Pascucci+2016, ]","[2.95, ]","[0.16, ]","[2.95, ]","[1.06, ]",1.06,"[, ]","[, ]",<,0.11,20.4732,,,,,,II,,J11120351-7726009,185.49,M5.5,3060,2.8,0.094,-3.19,0.14,-9.71,0.15,-9.72,"...,","Manara+16,17",J11120351-7726009,2920,0.094,-3.187,0.121,-9.591,0.1,-9.507,0.1,-9.52,0.121,-9.591,--,186.12
ChamI,J11120984-7634366,J11120984-7634366,12:09.8,-76:34:36.610,5.1932,0.0219,192.56,1.247,192.56,"[-21.668, -1.122]",II,1,"[ALMA, ]","[338, ]","[0.887, ]","[0.7x0.5, ]","[0.2, ]","[Pascucci+2016, ]","[4.44, ]","[0.22, ]","[4.44, ]","[1.71, ]",1.71,"[, ]","[, ]",<,0.11,21.1816,,,,,,II,,J11120984-7634366,193.23,M5,3125,0.1,0.204,-2.66,0.18,-9.11,0.2,-9.17,"...,","Manara+16,17",J11120984-7634366,2980,0.202,-2.663,nan,nan,0.155,-9.025,nan,nan,0.155,-9.025,--,192.56
ChamI,J11122441-7637064,J11122441-7637064,12:24.4,-76:37:06.406,5.2145,0.0108,191.77,0.875,191.77,"[-21.840, -0.327]",II,1,"[ALMA, ]","[340, ]","[0.882, ]","[1.1x0.7, ]","[0.2, ]","[Long+2018, ]","[1.21, ]","[0.16, ]","[1.21, ]","[0.45, ]",0.45,"[, ]","[, ]",--,--,#VALUE!,,,,,,II,,J11122441-7637064,193.81,K2,4900,0.1,0.939,-0.62,1.19,-7.97,1.18,-7.97,"...,","Manara+16,17",J11122441-7637064,4710,0.919,-0.629,1.235,-7.962,1.23,-7.96,1.21,-7.96,1.21,-7.96,--,191.77
ChamI,J11122772-7644223,J11122772-7644223,12:27.7,-76:44:22.344,5.2148,0.0142,191.76,1.333,191.76,"[-21.653, -0.769]",II,1,"[ALMA, ]","[338, ]","[0.887, ]","[0.7x0.5, ]","[1.0, ]","[Pascucci+2016, ]","[59.05, ]","[1.29, ]","[59.05, ]","[22.49, ]",22.49,"[0.12, ]","[, ]",--,0.12,23.0112,,,,,,II,,J11122772-7644223,193.24,K0,5110,1,3.72,-0.03,nan,nan,1.87,-7.31,"...,","Manara+16,17",J11122772-7644223,4870,3.663,-0.036,nan,nan,1.9175,-7.289,1.5,-7.18,1.5,-7.18,--,191.76
ChamI,J11123092-7644241,J11123092-7644241,12:30.9,-76:44:24.130,5.1481,0.0199,194.25,1.158,194.25,"[-21.980, -0.579]",II,1,"[ALMA, ]","[338, ]","[0.887, ]","[0.7x0.5, ]","[1.0, ]","[Pascucci+2016, ]","[12.18, ]","[0.83, ]","[12.18, ]","[4.76, ]",4.76,"[, ]","[, ]",<,0.13,25.2525,,,,,,II,,J11123092-7644241,196,M0.5,3780,2.1,0.27,-0.67,0.56,-7.74,0.51,-7.7,"...,","Manara+16,17",J11123092-7644241,3810,0.265,-0.677,0.576,-7.766,0.545,-7.741,0.59,-7.78,0.576,-7.766,--,194.25
ChamI,J11124268-7722230,J11124268-7722230,12:42.7,-77:22:23.052,5.2302,0.1675,191.2,17.609,191,"[-23.792, 0.700]",II/T,1,"[ALMA, ]","[340, ]","[0.882, ]","[1.1x0.7, ]","[0.2, ]","[Long+2018, ]","[-0.00, ]","[0.16, ]","[<0.48, ]","[<0.18, ]",<0.18,"[, ]","[, ]",<,0.18,34.38,,,,,,II/T,,J11124268-7722230,201.58,K0,5110,1.2,3.984,-2.09,nan,nan,1.92,-9.37,"...,LOWACC,TD,","Manara+16,17",J11124268-7722230,4870,3.539,-2.141,nan,nan,1.9025,-9.398,1.5,-9.3,1.5,-9.3,<,190
ChamI,J11124861-7647066,J11124861-7647066,12:48.6,-76:47:06.673,5.2869,0.0238,189.15,1.035,189.15,"[-22.314, -0.139]",II,1,"[ALMA, ]","[338, ]","[0.887, ]","[0.7x0.5, ]","[0.2, ]","[Pascucci+2016, ]","[-0.10, ]","[0.16, ]","[<0.48, ]","[<0.18, ]",<0.18,"[, ]","[, ]",--,--,#VALUE!,,,,,,II,,J11124861-7647066,191.24,M4.5,3200,0.4,0.157,-2.9,0.19,-9.47,0.22,-9.52,"...,","Manara+16,17",J11124861-7647066,3085,0.153,-2.909,0.156,-9.365,0.175,-9.415,0.14,-9.32,0.156,-9.365,--,189.15
ChamI,J11132446-7629227,J11132446-7629227,13:24.5,-76:29:22.729,5.2476,0.0233,190.56,1.227,190.56,"[-22.120, -0.415]",II,1,"[ALMA, ]","[338, ]","[0.887, ]","[0.7x0.5, ]","[1.0, ]","[Pascucci+2016, ]","[8.07, ]","[0.79, ]","[8.07, ]","[3.04, ]",3.04,"[, ]","[, ]",--,0.17,32.3952,,,,,,II,,J11132446-7629227,189.52,M4,3270,0.8,0.154,-2.9,0.23,-9.58,0.24,-9.6,"...,","Manara+16,17",J11132446-7629227,3190,0.155,-2.895,0.188,-9.46,0.2125,-9.511,0.18,-9.45,0.188,-9.46,--,190.56
ChamI,J11142454-7733062,J11142454-7733062,14:24.5,-77:33:06.217,5.3057,0.0429,188.48,1.114,188.48,"[-22.749, 0.481]",II,1,"[ALMA, ]","[338, ]","[0.887, ]","[0.7x0.5, ]","[0.2, ]","[Pascucci+2016, ]","[7.43, ]","[0.34, ]","[7.43, ]","[2.73, ]",2.73,"[0.18, ]","[, ]",--,0.12,22.6176,,,,,,II,,J11142454-7733062,188.95,M4.5,3200,2.2,0.167,-2.26,0.19,-8.82,0.23,-8.88,"...,","Manara+16,17",J11142454-7733062,3085,0.166,-2.262,0.161,-8.715,0.18,-8.763,0.14,-8.67,0.161,-8.715,--,188.48
ChamI,J11160287-7624533,J11160287-7624533,16:02.9,-76:24:53.316,6.9172,1.0518,144.57,3.428,191,"[-23.103, -2.944]",II,1,"[ALMA, ]","[338, ]","[0.887, ]","[0.7x0.5, ]","[1.0, ]","[Pascucci+2016, ]","[12.83, ]","[1.68, ]","[12.83, ]","[4.85, ]",4.8,"[0.43, ]","[, ]",--,0.29,55.39,,,,,,II,,J11160287-7624533,--,--,--,--,--,--,--,--,--,--,,--,J11160287-7624533,-99,-99,-99,-99,--,-99,--,-99,-99,-99,-99,--,-99
ChamI,J11173700-7704381,J11173700-7704381,17:37.0,-77:04:38.118,5.2945,0.0148,188.88,1.618,188.88,"[-22.010, -1.282]",II/T,1,"[ALMA, ]","[338, ]","[0.887, ]","[0.7x0.5, ]","[1.0, ]","[Pascucci+2016, ]","[28.26, ]","[1.29, ]","[28.26, ]","[10.44, ]",10.44,"[0.20, ]","[, ]",--,0.16,30.2208,,,,,,II/T,,J11173700-7704381,188.38,M0.5,3780,0.7,0.582,-1.02,0.49,-7.85,0.51,-7.88,"...,TD,","Manara+16,17",J11173700-7704381,3810,0.585,-1.017,0.52,-7.889,0.54,-7.905,0.49,-7.87,0.52,-7.889,--,188.88
ChamI,J11175211-7629392,J11175211-7629392,17:52.1,-76:29:39.264,5.1662,0.029,193.57,1.292,193.57,"[-21.303, -0.635]",II,1,"[ALMA, ]","[338, ]","[0.887, ]","[0.7x0.5, ]","[0.2, ]","[Pascucci+2016, ]","[-0.31, ]","[0.16, ]","[<0.48, ]","[<0.19, ]",<0.19,"[, ]","[, ]",--,--,#VALUE!,,,,,,II,,J11175211-7629392,160,M4.5,3200,0.8,0.07,-4.39,0.2,-11.16,0.18,-11.12,"...,LOWACC,","Manara+16,17",J11175211-7629392,3085,0.102,-4.224,0.15,-10.75,0.165,-10.79,0.13,-10.7,0.15,-10.75,<,193.57
ChamI,J11183572-7935548,J11183572-7935548,18:35.7,-79:35:54.884,10.2502,0.0751,97.56,6.82,191,"[-41.965, 2.646]",II/T,1,"[ALMA, ]","[338, ]","[0.887, ]","[0.7x0.5, ]","[0.2, ]","[Pascucci+2016, ]","[14.52, ]","[0.35, ]","[14.52, ]","[5.49, ]",5.43,"[0.22, ]","[, ]",--,0.17,32.47,,,,,,II/T,,J11183572-7935548,94.62,M5,3125,0,0.091,-2.96,0.17,-9.57  0.17,0.17,-9.57,"...,TD,","Manara+16,17",J11183572-7935548,2980,0.366,-2.354,nan,nan,0.175,-8.641,nan,nan,0.175,-8.641,--,190
ChamI,J11241186-7630425,J11241186-7630425,24:11.9,-76:30:42.599,5.3966,0.0453,185.3,1.118,185.3,"[-22.692, -0.248]",II/T,1,"[ALMA, ]","[338, ]","[0.887, ]","[0.7x0.5, ]","[0.2, ]","[Pascucci+2016, ]","[1.47, ]","[0.16, ]","[1.47, ]","[0.52, ]",0.52,"[, ]","[, ]",<,0.12,22.236,,,,,,II/T,,J11241186-7630425,184.75,M5.5,3060,1,0.04,-3.78,0.13,-10.43,0.12,-10.39,"...,TD,","Manara+16,17",J11241186-7630425,2920,0.04,-3.777,0.077,-10.17,0.1,-10.28,0.09,-10.24,0.077,-10.17,--,185.3
ChamI,J11432669-7804454,J11432669-7804454,43:26.7,-78:04:45.451,6.5174,0.4108,153.44,20.491,191,"[-44.597, -5.045]",II,1,"[ALMA, ]","[338, ]","[0.887, ]","[0.7x0.5, ]","[0.2, ]","[Pascucci+2016, ]","[1.36, ]","[0.50, ]","[<1.50, ]","[<0.57, ]",<0.56,"[0.53, ]","[, ]",--,--,#VALUE!,,,,,,II,,J11432669-7804454,190,M5.5,3060,0.4,0.127,-2.04,0.15,-8.5,0.16,-8.54,"...,","Manara+16,17",J11432669-7804454,2920,0.127,-2.039,nan,nan,0.115,-8.356,nan,nan,0.115,-8.356,--,190
rOph,J162034.2-242613,J16203419-2426134,20:34.2,-24:26:13.000,--,--,--,--,139,--,II,1,"[, ALMA]","[, 225.4]","[, 1.33]","[, 0.98x0.74]","[, ??]","[, C-W+2019]","[, 0.22]","[, 0.11]","[, <0.33]","[, <0.19]",<0.19,"[, ]","[, ]",--,--,#VALUE!,,,,,,II,,J162034.2-242613,--,--,--,,--,--,--,--,--,--,,,J162034.2-242613,-99,-99,-99,-99,--,-99,--,-99,-99,-99,-99,--,-99
rOph,J162118.5-225458,J16211848-2254578,21:18.5,-22:54:58.000,7.1463,0.0394,139.93,0.991,139.93,"[-8.584, -24.360]",II,1,"[, ALMA]","[, 225.4]","[, 1.33]","[, 0.98x0.74]","[, ??]","[, C-W+2019]","[, 3.26]","[, 0.13]","[, 3.26]","[, 1.92]",1.92,"[, ]","[, ]",--,--,#VALUE!,,,,,,II,,J162118.5-225458,--,--,--,,--,--,--,--,--,--,,,J162118.5-225458,-99,-99,-99,-99,--,-99,--,-99,-99,-99,-99,--,-99
rOph,J162131.9-230140,J16213192-2301403,21:31.9,-23:01:40.000,7.355,0.0827,135.96,1.292,135.96,"[-8.269, -25.186]",II,1,"[, ALMA]","[, 225.4]","[, 1.33]","[, 0.28x0.19]","[, 0.15]","[, C-W+2019]","[, 4.60]","[, 0.16]","[, 4.60]","[, 2.56]",2.56,"[, ]","[, ]",--,--,#VALUE!,,,,,,II,,J162131.9-230140,--,--,--,,--,--,--,--,--,--,,,J162131.9-230140,-99,-99,-99,-99,--,-99,--,-99,-99,-99,-99,--,-99
rOph,J162138.7-225328,J16213872-2253285,21:38.7,-22:53:28.000,--,--,--,--,139,--,I,0,"[, ALMA]","[, 225.4]","[, 1.33]","[, 0.28x0.19]","[, 0.15]","[, C-W+2019]","[, 0.17]","[, 0.20]","[, <0.60]","[, <0.35]",<0.35,"[, ]","[, ]",--,--,#VALUE!,,,,,,I,,J162138.7-225328,--,--,--,,--,--,--,--,--,--,,,J162138.7-225328,-99,-99,-99,-99,--,-99,--,-99,-99,-99,-99,--,-99
rOph,J162142.0-231343,J16214199-2313432,21:42.0,-23:13:43.000,7.3524,0.058,136.01,1.011,136.01,"[-11.134, -25.336]",II,1,"[, ALMA]","[, 225.4]","[, 1.33]","[, 0.98x0.74]","[, ??]","[, C-W+2019]","[, 1.75]","[, 0.11]","[, 1.75]","[, 0.97]",0.97,"[, ]","[, ]",--,--,#VALUE!,,,,,,II,,J162142.0-231343,--,--,--,,--,--,--,--,--,--,,,J162142.0-231343,-99,-99,-99,-99,--,-99,--,-99,-99,-99,-99,--,-99
rOph,J162145.1-234232,J16214513-2342316,21:45.1,-23:42:32.000,--,--,--,--,139,--,I,0,"[, ALMA]","[, 225.4]","[, 1.33]","[, 0.28x0.19]","[, 0.15]","[, C-W+2019]","[, 40.09]","[, 0.23]","[, 40.09]","[, 23.28]",23.28,"[, ]","[, ]",--,--,#VALUE!,,,,,,I,,J162145.1-234232,--,--,--,,--,--,--,--,--,--,,,J162145.1-234232,-99,-99,-99,-99,--,-99,--,-99,-99,-99,-99,--,-99
rOph,J162148.5-234027,J16214848-2340273,21:48.5,-23:40:27.000,6.8889,0.2105,145.16,0.941,145.16,"[-5.680, -27.279]",F,1,"[, ALMA]","[, 225.4]","[, 1.33]","[, 0.28x0.19]","[, 0.15]","[, C-W+2019]","[, 3.25]","[, 0.31]","[, 3.25]","[, 2.06]",2.06,"[, ]","[, ]",--,--,#VALUE!,,,,,,F,,J162148.5-234027,--,--,--,,--,--,--,--,--,--,,,J162148.5-234027,-99,-99,-99,-99,--,-99,--,-99,-99,-99,-99,--,-99
rOph,J162157.7-242943,J16215769-2429433,21:57.7,-24:29:43.000,7.2372,0.017,138.17,1.005,138.17,"[-14.081, -25.112]",III,0,"[, ALMA]","[, 225.4]","[, 1.33]","[, 0.98x0.74]","[, ??]","[, C-W+2019]","[, -0.17]","[, 0.13]","[, <0.39]","[, <0.22]",<0.22,"[, ]","[, ]",--,--,#VALUE!,,,,,,III,,J162157.7-242943,--,--,--,,--,--,--,--,--,--,,,J162157.7-242943,-99,-99,-99,-99,--,-99,--,-99,-99,-99,-99,--,-99
rOph,J162218.5-232148,J16221852-2321480,22:18.5,-23:21:48.000,7.3072,0.0415,136.85,2.653,139,"[-7.597, -26.005]",II,1,"[, ALMA]","[, 225.4]","[, 1.33]","[, 0.28x0.19]","[, 0.15]","[, C-W+2019]","[, 29.84]","[, 0.24]","[, 29.84]","[, 17.33]",17.33,"[, ]","[, ]",--,--,#VALUE!,,,,,,II,,J162218.5-232148,--,--,--,,--,--,--,--,--,--,,,J162218.5-232148,-99,-99,-99,-99,--,-99,--,-99,-99,-99,-99,--,-99
rOph,J162221.0-230402,J16222099-2304025,22:21.0,-23:04:02.000,6.2625,0.2956,159.68,2.033,139,"[-12.041, -25.478]",I,0,"[, ALMA]","[, 225.4]","[, 1.33]","[, 0.28x0.19]","[, 0.15]","[, C-W+2019]","[, -0.19]","[, 0.13]","[, <0.39]","[, <0.23]",<0.23,"[, ]","[, ]",--,--,#VALUE!,,,,,,I,,J162221.0-230402,--,--,--,,--,--,--,--,--,--,,,J162221.0-230402,-99,-99,-99,-99,--,-99,--,-99,-99,-99,-99,--,-99
rOph,J162225.0-232955,J16222497-2329553,22:25.0,-23:29:55.000,7.2712,0.035,137.53,1.018,137.53,"[-7.717, -26.272]",II,1,"[, ALMA]","[, 225.4]","[, 1.33]","[, 0.28x0.19]","[, 0.15]","[, C-W+2019]","[, 13.57]","[, 0.18]","[, 13.57]","[, 7.71]",7.71,"[, ]","[, ]",--,--,#VALUE!,,,,,,II,,J162225.0-232955,--,--,--,,--,--,--,--,--,--,,,J162225.0-232955,-99,-99,-99,-99,--,-99,--,-99,-99,-99,-99,--,-99
rOph,J162225.2-240514,J16222521-2405139,22:25.2,-24:05:14.000,7.5963,0.2891,131.64,1.075,131.64,"[-15.985, -24.607]",II,1,"[, ALMA]","[, 225.4]","[, 1.33]","[, 0.98x0.74]","[, ??]","[, C-W+2019]","[, 0.08]","[, 0.13]","[, <0.39]","[, <0.20]",<0.20,"[, ]","[, ]",--,--,#VALUE!,,,,,,II,,J162225.2-240514,--,--,--,,--,--,--,--,--,--,,,J162225.2-240514,-99,-99,-99,-99,--,-99,--,-99,-99,-99,-99,--,-99
rOph,J162235.6-233734,J16223564-2337342,22:35.6,-23:37:34.000,7.0203,0.0644,142.44,0.957,142.44,"[-9.266, -26.548]",II,1,"[, ALMA]","[, 225.4]","[, 1.33]","[, 0.98x0.74]","[, ??]","[, C-W+2019]","[, -0.20]","[, 0.13]","[, <0.39]","[, <0.24]",<0.24,"[, ]","[, ]",--,--,#VALUE!,,,,,,II,,J162235.6-233734,--,--,--,,--,--,--,--,--,--,,,J162235.6-233734,-99,-99,-99,-99,--,-99,--,-99,-99,-99,-99,--,-99
rOph,J162241.8-242538,J16224176-2425380,22:41.8,-24:25:38.000,5.8935,0.1846,169.68,0.985,169.68,"[-11.197, -20.954]",II,1,"[, ALMA]","[, 225.4]","[, 1.33]","[, 0.98x0.74]","[, ??]","[, C-W+2019]","[, -0.28]","[, 0.12]","[, <0.36]","[, <0.31]",<0.31,"[, ]","[, ]",--,--,#VALUE!,,,,,,II,,J162241.8-242538,--,--,--,,--,--,--,--,--,--,,,J162241.8-242538,-99,-99,-99,-99,--,-99,--,-99,-99,-99,-99,--,-99
rOph,J162244.9-231713,J16224494-2317134,22:44.9,-23:17:13.000,7.1102,0.1483,140.64,0.971,140.64,"[-8.349, -25.253]",II,1,"[, ALMA]","[, 225.4]","[, 1.33]","[, 0.98x0.74]","[, ??]","[, C-W+2019]","[, -0.21]","[, 0.12]","[, <0.36]","[, <0.21]",<0.21,"[, ]","[, ]",--,--,#VALUE!,,,,,,II,,J162244.9-231713,--,--,--,,--,--,--,--,--,--,,,J162244.9-231713,-99,-99,-99,-99,--,-99,--,-99,-99,-99,-99,--,-99
rOph,J162245.4-243124,J16224539-2431237,22:45.4,-24:31:24.000,4.0974,0.4732,244.06,2.227,139,"[6.869, -23.734]",II,1,"[, ALMA]","[, 225.4]","[, 1.33]","[, 0.28x0.19]","[, 0.15]","[, C-W+2019]","[, -0.03]","[, 0.31]","[, <0.93]","[, <0.54]",<0.54,"[, ]","[, ]",--,--,#VALUE!,,,,,,II,,J162245.4-243124,--,--,--,,--,--,--,--,--,--,,,J162245.4-243124,-99,-99,-99,-99,--,-99,--,-99,-99,-99,-99,--,-99
rOph,J162247.2-230013,J16224719-2300134,22:47.2,-23:00:13.000,6.9221,0.0917,144.46,0.881,144.46,"[-7.817, -25.047]",II,1,"[, ALMA]","[, 225.4]","[, 1.33]","[, 0.98x0.74]","[, ??]","[, C-W+2019]","[, 0.17]","[, 0.13]","[, <0.39]","[, <0.24]",<0.24,"[, ]","[, ]",--,--,#VALUE!,,,,,,II,,J162247.2-230013,--,--,--,,--,--,--,--,--,--,,,J162247.2-230013,-99,-99,-99,-99,--,-99,--,-99,-99,-99,-99,--,-99
rOph,J162248.6-230218,J16224864-2302179,22:48.6,-23:02:18.000,7.3018,0.1388,136.95,1.024,136.95,"[-7.525, -27.046]",II,1,"[, ALMA]","[, 225.4]","[, 1.33]","[, 0.98x0.74]","[, ??]","[, C-W+2019]","[, 0.24]","[, 0.11]","[, <0.33]","[, <0.19]",<0.19,"[, ]","[, ]",--,--,#VALUE!,,,,,,II,,J162248.6-230218,--,--,--,,--,--,--,--,--,--,,,J162248.6-230218,-99,-99,-99,-99,--,-99,--,-99,-99,-99,-99,--,-99
rOph,J162259.8-232635,J16225985-2326348,22:59.8,-23:26:35.000,7.1887,0.0203,139.11,0.966,139.11,"[-5.461, -25.181]",III,0,"[, ALMA]","[, 225.4]","[, 1.33]","[, 0.98x0.74]","[, ??]","[, C-W+2019]","[, -0.08]","[, 0.12]","[, <0.36]","[, <0.21]",<0.21,"[, ]","[, ]",--,--,#VALUE!,,,,,,III,,J162259.8-232635,--,--,--,,--,--,--,--,--,--,,,J162259.8-232635,-99,-99,-99,-99,--,-99,--,-99,-99,-99,-99,--,-99
rOph,J162305.4-230257,J16230544-2302566,23:05.4,-23:02:57.000,--,--,--,--,139,--,I,0,"[, ALMA]","[, 225.4]","[, 1.33]","[, 0.28x0.19]","[, 0.15]","[, C-W+2019]","[, 5.24]","[, 0.19]","[, 5.24]","[, 3.04]",3.04,"[, ]","[, ]",--,--,#VALUE!,,,,,,I,,J162305.4-230257,--,--,--,,--,--,--,--,--,--,,,J162305.4-230257,-99,-99,-99,-99,--,-99,--,-99,-99,-99,-99,--,-99
rOph,J162305.9-233818,J16230589-2338176,23:05.9,-23:38:18.000,--,--,--,--,139,--,II,1,"[, ALMA]","[, 225.4]","[, 1.33]","[, 0.98x0.74]","[, ??]","[, C-W+2019]","[, 0.04]","[, 0.12]","[, <0.36]","[, <0.21]",<0.21,"[, ]","[, ]",--,--,#VALUE!,,,,,,II,,J162305.9-233818,--,--,--,,--,--,--,--,--,--,,,J162305.9-233818,-99,-99,-99,-99,--,-99,--,-99,-99,-99,-99,--,-99
rOph,J162306.9-225737,J16230686-2257367,23:06.9,-22:57:37.000,7.3207,1.227,136.6,1.106,136.6,"[-5.724, -22.592]",F,1,"[, ALMA]","[, 225.4]","[, 1.33]","[, 0.28x0.19]","[, 0.15]","[, C-W+2019]","[, 0.73]","[, 0.13]","[, 0.73]","[, 0.41]",0.41,"[, ]","[, ]",--,--,#VALUE!,,,,,,F,,J162306.9-225737,--,--,--,,--,--,--,--,--,--,,,J162306.9-225737,-99,-99,-99,-99,--,-99,--,-99,-99,-99,-99,--,-99
rOph,J162308.8-225743,J16230880-2257426,23:08.8,-22:57:43.000,7.046,0.0296,141.92,1.175,141.92,"[-8.500, -24.507]",II,1,"[, ALMA]","[, 225.4]","[, 1.33]","[, 0.28x0.19]","[, 0.15]","[, C-W+2019]","[, 1.89]","[, 0.28]","[, 1.89]","[, 1.14]",1.14,"[, ]","[, ]",--,--,#VALUE!,,,,,,II,,J162308.8-225743,--,--,--,,--,--,--,--,--,--,,,J162308.8-225743,-99,-99,-99,-99,--,-99,--,-99,-99,-99,-99,--,-99
rOph,J162309.2-241705,J16230923-2417047,23:09.2,-24:17:05.000,6.3868,0.0253,156.57,1.258,156.57,"[-8.937, -23.848]",II,1,"[, ALMA]","[, 225.4]","[, 1.33]","[, 0.28x0.19]","[, 0.15]","[, C-W+2019]","[, 43.40]","[, 0.24]","[, 43.40]","[, 31.97]",31.97,"[, ]","[, ]",--,--,#VALUE!,,,,,,II,,J162309.2-241705,--,--,--,,--,--,--,--,--,--,,,J162309.2-241705,-99,-99,-99,-99,--,-99,--,-99,-99,-99,-99,--,-99
rOph,J162313.7-230358,J16231370-2303580,23:13.7,-23:03:58.000,7.0848,0.1327,141.15,1.035,141.15,"[-7.816, -25.160]",II,1,"[, ALMA]","[, 225.4]","[, 1.33]","[, 0.98x0.74]","[, ??]","[, C-W+2019]","[, 0.33]","[, 0.12]","[, <0.36]","[, <0.22]",<0.22,"[, ]","[, ]",--,--,#VALUE!,,,,,,II,,J162313.7-230358,--,--,--,,--,--,--,--,--,--,,,J162313.7-230358,-99,-99,-99,-99,--,-99,--,-99,-99,-99,-99,--,-99
rOph,J162315.6-234300,J16231566-2343003,23:15.6,-23:43:00.000,8.4833,1.132,117.88,1.19,117.88,"[-5.837, -24.341]",II,1,"[, ALMA]","[, 225.4]","[, 1.33]","[, 0.98x0.74]","[, ??]","[, C-W+2019]","[, 1.71]","[, 0.12]","[, 1.71]","[, 0.71]",0.71,"[, ]","[, ]",--,--,#VALUE!,,,,,,II,,J162315.6-234300,--,--,--,,--,--,--,--,--,--,,,J162315.6-234300,-99,-99,-99,-99,--,-99,--,-99,-99,-99,-99,--,-99
rOph,J162332.2-242554,J16233223-2425536,23:32.2,-24:25:54.000,--,--,--,--,139,--,F,1,"[, ALMA]","[, 225.4]","[, 1.33]","[, 0.28x0.19]","[, 0.15]","[, C-W+2019]","[, 0.08]","[, 0.13]","[, <0.39]","[, <0.23]",<0.23,"[, ]","[, ]",--,--,#VALUE!,,,,,,F,,J162332.2-242554,--,--,--,,--,--,--,--,--,--,,,J162332.2-242554,-99,-99,-99,-99,--,-99,--,-99,-99,-99,-99,--,-99
rOph,J162332.8-225847,J16233283-2258468,23:32.8,-22:58:47.000,7.0934,0.0513,140.98,1.104,140.98,"[-9.055, -24.227]",II,1,"[, ALMA]","[, 225.4]","[, 1.33]","[, 0.98x0.74]","[, ??]","[, C-W+2019]","[, 2.70]","[, 0.12]","[, 2.70]","[, 1.61]",1.61,"[, ]","[, ]",--,--,#VALUE!,,,,,,II,,J162332.8-225847,--,--,--,,--,--,--,--,--,--,,,J162332.8-225847,-99,-99,-99,-99,--,-99,--,-99,-99,-99,-99,--,-99
rOph,J162334.8-234030,J16233483-2340303,23:34.8,-23:40:30.000,7.1325,0.0222,140.2,1.046,140.2,"[-6.667, -24.556]",II,1,"[, ALMA]","[, 225.4]","[, 1.33]","[, 0.28x0.19]","[, 0.15]","[, C-W+2019]","[, 2.78]","[, 0.27]","[, 2.78]","[, 1.64]",1.64,"[, ]","[, ]",--,--,#VALUE!,,,,,,II,,J162334.8-234030,--,--,--,,--,--,--,--,--,--,,,J162334.8-234030,-99,-99,-99,-99,--,-99,--,-99,-99,-99,-99,--,-99
rOph,J162336.1-240221,J16233609-2402209,23:36.1,-24:02:21.000,6.9652,0.0998,143.57,0.902,143.57,"[-6.722, -26.447]",II,1,"[, ALMA]","[, 225.4]","[, 1.33]","[, 0.98x0.74]","[, ??]","[, C-W+2019]","[, 2.62]","[, 0.12]","[, 2.62]","[, 1.62]",1.62,"[, ]","[, ]",--,--,#VALUE!,,,,,,II,,J162336.1-240221,--,--,--,,--,--,--,--,--,--,,,J162336.1-240221,-99,-99,-99,-99,--,-99,--,-99,-99,-99,-99,--,-99
rOph,J162338.5-230545,J16233852-2305447,23:38.5,-23:05:45.000,6.907,0.1027,144.78,0.951,144.78,"[-7.938, -23.907]",II,1,"[, ALMA]","[, 225.4]","[, 1.33]","[, 0.98x0.74]","[, ??]","[, C-W+2019]","[, 6.99]","[, 0.11]","[, 6.99]","[, 4.40]",4.4,"[, ]","[, ]",--,--,#VALUE!,,,,,,II,,J162338.5-230545,--,--,--,,--,--,--,--,--,--,,,J162338.5-230545,-99,-99,-99,-99,--,-99,--,-99,-99,-99,-99,--,-99
rOph,J162350.5-225838,J16235053-2258380,23:50.5,-22:58:38.000,7.3367,0.0681,136.3,1.084,136.3,"[-9.154, -22.548]",II,1,"[, ALMA]","[, 225.4]","[, 1.33]","[, 0.98x0.74]","[, ??]","[, C-W+2019]","[, 1.24]","[, 0.11]","[, 1.24]","[, 0.69]",0.69,"[, ]","[, ]",--,--,#VALUE!,,,,,,II,,J162350.5-225838,--,--,--,,--,--,--,--,--,--,,,J162350.5-225838,-99,-99,-99,-99,--,-99,--,-99,-99,-99,-99,--,-99
rOph,J162413.5-241822,J16241346-2418219,24:13.5,-24:18:22.000,--,--,--,--,139,--,II,1,"[, ALMA]","[, 225.4]","[, 1.33]","[, 0.98x0.74]","[, ??]","[, C-W+2019]","[, 4.26]","[, 0.11]","[, 4.26]","[, 2.47]",2.47,"[, ]","[, ]",--,--,#VALUE!,,,,,,II,,J162413.5-241822,--,--,--,,--,--,--,--,--,--,,,J162413.5-241822,-99,-99,-99,-99,--,-99,--,-99,-99,-99,-99,--,-99
rOph,J162415.9-241115,J16241591-2411148,24:15.9,-24:11:15.000,7.1171,0.2648,140.51,1.068,140.51,"[-4.803, -25.411]",II,1,"[, ALMA]","[, 225.4]","[, 1.33]","[, 0.98x0.74]","[, ??]","[, C-W+2019]","[, 2.49]","[, 0.12]","[, 2.49]","[, 1.48]",1.48,"[, ]","[, ]",--,--,#VALUE!,,,,,,II,,J162415.9-241115,--,--,--,,--,--,--,--,--,--,,,J162415.9-241115,-99,-99,-99,-99,--,-99,--,-99,-99,-99,-99,--,-99
rOph,J162435.2-242620,J16243520-2426196,24:35.2,-24:26:20.000,7.3398,0.4979,136.24,4.038,139,"[-14.265, -24.676]",II,1,"[, ALMA]","[, 225.4]","[, 1.33]","[, 0.98x0.74]","[, ??]","[, C-W+2019]","[, 0.85]","[, 0.11]","[, 0.85]","[, 0.49]",0.49,"[, ]","[, ]",--,--,#VALUE!,,,,,,II,,J162435.2-242620,103.4,M4,3270,,0.095499259,-99,0.23,-99,--,--,-99,Testi+22,J162435.2-242620,3190,0.172,-98.74,0.188,-105.2,0.2175,-105.3,0.18,-105.28,0.188,-105.2,--,139.4
rOph,J162452.3-250127,J16245231-2501269,24:52.3,-25:01:27.000,7.2929,0.4203,137.12,1.182,137.12,"[-7.558, -25.446]",II,1,"[, ALMA]","[, 225.4]","[, 1.33]","[, 0.98x0.74]","[, ??]","[, C-W+2019]","[, 0.50]","[, 0.11]","[, 0.50]","[, 0.28]",0.28,"[, ]","[, ]",--,--,#VALUE!,,,,,,II,,J162452.3-250127,--,--,--,,--,--,--,--,--,--,,,J162452.3-250127,-99,-99,-99,-99,--,-99,--,-99,-99,-99,-99,--,-99
rOph,J162453.0-250556,J16245302-2505561,24:53.0,-25:05:56.000,7.3337,0.0202,136.36,1.146,136.36,"[-8.317, -25.697]",III,0,"[, ALMA]","[, 225.4]","[, 1.33]","[, 0.98x0.74]","[, ??]","[, C-W+2019]","[, 0.70]","[, 0.11]","[, 0.70]","[, 0.39]",0.39,"[, ]","[, ]",--,--,#VALUE!,,,,,,III,,J162453.0-250556,--,--,--,,--,--,--,--,--,--,,,J162453.0-250556,-99,-99,-99,-99,--,-99,--,-99,-99,-99,-99,--,-99
rOph,J162459.8-245601,J16245974-2456008,24:59.8,-24:56:01.000,7.2798,0.1563,137.37,1.258,137.37,"[-8.022, -22.145]",II,1,"[, ALMA]","[, 225.4]","[, 1.33]","[, 0.28x0.19]","[, 0.15]","[, C-W+2019]","[, 2.91]","[, 0.31]","[, 2.91]","[, 1.65]",1.65,"[, ]","[, ]",--,--,#VALUE!,,,,,,II,,J162459.8-245601,131.99,M3.5,3342,,0.257039578,-99,0.26,-99,--,--,-99,Testi+22,J162459.8-245601,3300,0.278,-98.96,0.237,-105.5,0.27,-105.5,0.24,-105.54,0.237,-105.5,--,137.37
rOph,J162502.1-245932 b,J16250208-2459323,25:02.1,-24:59:32.000,7.1804,0.0404,139.27,1.088,139.27,"[-8.655, -24.131]",b,0,"[, ALMA]","[, 225.4]","[, 1.33]","[, 0.28x0.19]","[, 0.15]","[, C-W+2019]","[, 9.24]","[, 0.20]","[, 9.24]","[, 5.39]",5.39,"[, ]","[, ]",--,--,#VALUE!,,,,,,b,,J162502.1-245932,142.04,M3,3415,,0.316227766,-99,0.29,-99,--,--,-99,Testi+22,J162502.1-245932 b,3410,0.304,-99.01,0.292,-105.6,0.3149,-105.7,0.3,-105.7,0.292,-105.6,--,139.27
rOph,J162502.1-245932,J16250208-2459323,25:02.1,-24:59:32.000,7.1804,0.0404,139.27,1.088,139.27,"[-8.655, -24.131]",II,1,"[, ALMA]","[, 225.4]","[, 1.33]","[, 0.28x0.19]","[, 0.15]","[, C-W+2019]","[, 13.10]","[, 0.31]","[, 13.10]","[, 7.64]",7.64,"[, ]","[, ]",--,--,#VALUE!,,,,,,II,,J162502.1-245932,142.04,M3,3415,,0.316227766,-99,0.29,-99,--,--,-99,Testi+22,J162502.1-245932,3410,0.304,-99.01,0.292,-105.6,0.3149,-105.7,0.3,-105.7,0.292,-105.6,--,139.27
rOph,J162506.2-244657,J16250623-2446570,25:06.2,-24:46:57.000,7.2978,0.1989,137.03,1.136,137.03,"[-6.521, -24.077]",II,1,"[, ALMA]","[, 225.4]","[, 1.33]","[, 0.98x0.74]","[, ??]","[, C-W+2019]","[, 3.02]","[, 0.12]","[, 3.02]","[, 1.70]",1.7,"[, ]","[, ]",--,--,#VALUE!,,,,,,II,,J162506.2-244657,146.24,M5,3125,,0.054954087,-99,0.16,-99,--,--,-99,Testi+22,J162506.2-244657,2980,0.048,-99.05,0.099,-105.5,0.1,-105.5,0.09,-105.49,0.099,-105.5,--,137.03
rOph,J162506.9-235050,J16250692-2350502,25:06.9,-23:50:50.000,7.0341,0.0755,142.16,1.04,142.16,"[-6.500, -26.432]",II,1,"[, ALMA]","[, 225.4]","[, 1.33]","[, 0.28x0.19]","[, 0.15]","[, C-W+2019]","[, 5.21]","[, 0.22]","[, 5.21]","[, 3.16]",3.16,"[, ]","[, ]",--,--,#VALUE!,,,,,,II,,J162506.9-235050,--,--,--,,--,--,--,--,--,--,,,J162506.9-235050,-99,-99,-99,-99,--,-99,--,-99,-99,-99,-99,--,-99
rOph,J162522.1-241751,J16252214-2417505,25:22.1,-24:17:51.000,7.0365,0.2135,142.12,0.871,142.12,"[-6.600, -24.815]",II,1,"[, ALMA]","[, 225.4]","[, 1.33]","[, 0.98x0.74]","[, ??]","[, C-W+2019]","[, 0.22]","[, 0.11]","[, <0.33]","[, <0.20]",<0.20,"[, ]","[, ]",--,--,#VALUE!,,,,,,II,,J162522.1-241751,143.37,M4,3270,,0.120226444,-99,0.23,-99,--,--,-99,Testi+22,J162522.1-241751,3190,0.118,-99,0.191,-105.6,0.2049,-105.6,0.18,-105.61,0.191,-105.6,--,142.12
rOph,J162522.6-243453,J16252261-2434534,25:22.6,-24:34:53.000,--,--,--,--,139,--,II,1,"[, ALMA]","[, 225.4]","[, 1.33]","[, 0.98x0.74]","[, ??]","[, C-W+2019]","[, 1.52]","[, 0.12]","[, 1.52]","[, 0.88]",0.88,"[, ]","[, ]",--,--,#VALUE!,,,,,,II,,J162522.6-243453,--,--,--,,--,--,--,--,--,--,,,J162522.6-243453,-99,-99,-99,-99,--,-99,--,-99,-99,-99,-99,--,-99
rOph,J162524.3-242944,J16252434-2429442,25:24.3,-24:29:44.000,7.6119,0.0347,131.37,2.067,139,"[-6.810, -27.023]",II,1,"[, ALMA]","[, 225.4]","[, 1.33]","[, 0.28x0.19]","[, 0.15]","[, C-W+2019]","[, 12.40]","[, 0.15]","[, 12.40]","[, 7.20]",7.2,"[, ]","[, ]",--,--,#VALUE!,,,,,,II,,J162524.3-242944,133.59,M4,3270,,0.234422882,-99,0.22,-99,--,--,-99,Testi+22,J162524.3-242944,3190,0.253,-98.96,0.191,-105.4,0.2325,-105.5,0.19,-105.43,0.191,-105.4,--,139.4
rOph,J162525.7-243708,J16252572-2437080,25:25.7,-24:37:08.000,--,--,--,--,139,--,II,1,"[, ALMA]","[, 225.4]","[, 1.33]","[, 0.98x0.74]","[, ??]","[, C-W+2019]","[, 0.06]","[, 0.12]","[, <0.36]","[, <0.21]",<0.21,"[, ]","[, ]",--,--,#VALUE!,,,,,,II,,J162525.7-243708,--,--,--,,--,--,--,--,--,--,,,J162525.7-243708,-99,-99,-99,-99,--,-99,--,-99,-99,-99,-99,--,-99
rOph,J162527.6-243648,J16252757-2436476,25:27.6,-24:36:48.000,9.3922,0.2356,106.47,3.685,139,"[-9.956, -18.270]",F,1,"[, ALMA]","[, 225.4]","[, 1.33]","[, 0.28x0.19]","[, 0.15]","[, C-W+2019]","[, -0.13]","[, 0.15]","[, <0.45]","[, <0.26]",<0.26,"[, ]","[, ]",--,--,#VALUE!,,,,,,F,,J162527.6-243648,--,--,--,,--,--,--,--,--,--,,,J162527.6-243648,-99,-99,-99,-99,--,-99,--,-99,-99,-99,-99,--,-99
rOph,J162532.5-232626,J16253253-2326264,25:32.5,-23:26:26.000,6.9107,0.04,144.7,1.704,144.7,"[-6.373, -24.644]",II,1,"[, ALMA]","[, 225.4]","[, 1.33]","[, 0.28x0.19]","[, 0.15]","[, C-W+2019]","[, 1.22]","[, 0.16]","[, 1.22]","[, 0.77]",0.77,"[, ]","[, ]",--,--,#VALUE!,,,,,,II,,J162532.5-232626,--,--,--,,--,--,--,--,--,--,,,J162532.5-232626,-99,-99,-99,-99,--,-99,--,-99,-99,-99,-99,--,-99
rOph,J162533.2-232530,J16253316-2325304,25:33.2,-23:25:30.000,7.2579,0.0681,137.78,1.165,137.78,"[-8.465, -25.363]",II,1,"[, ALMA]","[, 225.4]","[, 1.33]","[, 0.98x0.74]","[, ??]","[, C-W+2019]","[, 0.63]","[, 0.12]","[, 0.63]","[, 0.36]",0.36,"[, ]","[, ]",--,--,#VALUE!,,,,,,II,,J162533.2-232530,--,--,--,,--,--,--,--,--,--,,,J162533.2-232530,-99,-99,-99,-99,--,-99,--,-99,-99,-99,-99,--,-99
rOph,J162535.5-243210,J16253550-2432103,25:35.5,-24:32:10.000,7.0987,0.1705,140.87,1.125,140.87,"[-5.948, -24.680]",II,1,"[, ALMA]","[, 225.4]","[, 1.33]","[, 0.98x0.74]","[, ??]","[, C-W+2019]","[, 0.18]","[, 0.12]","[, <0.36]","[, <0.21]",<0.21,"[, ]","[, ]",--,--,#VALUE!,,,,,,II,,J162535.5-243210,146.18,M4,3270,,0.16218101,-99,0.23,-99,--,--,-99,Testi+22,J162535.5-243210,3190,0.15,-99.03,0.188,-105.6,0.215,-105.6,0.18,-105.58,0.188,-105.6,--,140.87
rOph,J162536.7-241542,J16253673-2415424,25:36.7,-24:15:42.000,6.9183,0.0914,144.54,2.451,139,"[-5.265, -27.356]",II,1,"[, ALMA]","[, 225.4]","[, 1.33]","[, 0.28x0.19]","[, 0.15]","[, C-W+2019]","[, 7.95]","[, 0.20]","[, 7.95]","[, 4.62]",4.62,"[, ]","[, ]",--,--,#VALUE!,,,,,,II,,J162536.7-241542,142.87,K4,4500,,1.862087137,-1.66,1.18,-8.8,--,--,1,Testi+22,J162536.7-241542,4375,1.762,-1.683,1,-8.72,1.1775,-8.791,0.84,-8.64,0.84,-8.64,<,139.4
rOph,J162538.1-242236 b,J16253812-2422362,25:38.1,-24:22:36.000,7.4487,0.4192,134.25,1.24,134.25,"[-5.506, -26.050]",b,0,"[, ALMA]","[, 225.4]","[, 1.33]","[, 0.28x0.19]","[, 0.15]","[, C-W+2019]","[, 1.32]","[, 0.16]","[, 1.32]","[, 0.71]",0.71,"[, ]","[, ]",--,--,#VALUE!,,,,,,b,,J162538.1-242236,--,--,--,,--,--,--,--,--,--,,,J162538.1-242236 b,-99,-99,-99,-99,--,-99,--,-99,-99,-99,-99,--,-99
rOph,J162538.1-242236,J16253812-2422362,25:38.1,-24:22:36.000,7.4487,0.4192,134.25,1.24,134.25,"[-5.506, -26.050]",II,1,"[, ALMA]","[, 225.4]","[, 1.33]","[, 0.28x0.19]","[, 0.15]","[, C-W+2019]","[, 72.26]","[, 0.20]","[, 72.26]","[, 39.14]",39.14,"[, ]","[, ]",--,--,#VALUE!,,,,,,II,,J162538.1-242236,--,--,--,,--,--,--,--,--,--,,,J162538.1-242236,-99,-99,-99,-99,--,-99,--,-99,-99,-99,-99,--,-99
rOph,J162539.4-232642,J16253943-2326419,25:39.4,-23:26:42.000,--,--,--,--,139,--,II,1,"[, ALMA]","[, 225.4]","[, 1.33]","[, 0.28x0.19]","[, 0.15]","[, C-W+2019]","[, 1.62]","[, 0.30]","[, 1.62]","[, 0.94]",0.94,"[, ]","[, ]",--,--,#VALUE!,,,,,,II,,J162539.4-232642,--,--,--,,--,--,--,--,--,--,,,J162539.4-232642,-99,-99,-99,-99,--,-99,--,-99,-99,-99,-99,--,-99
rOph,J162539.6-242635,J16253958-2426349,25:39.6,-24:26:35.000,5.6396,0.3653,177.32,2.575,139,"[-6.522, -24.424]",F,1,"[, ALMA]","[, 225.4]","[, 1.33]","[, 0.28x0.19]","[, 0.15]","[, C-W+2019]","[, 0.20]","[, 0.15]","[, <0.45]","[, <0.26]",<0.26,"[, ]","[, ]",--,--,#VALUE!,,,,,,F,,J162539.6-242635,216.43,M2,3560,,1.953416802,-0.706711201,0.35,-7.095208671,--,--,0,Testi+22,J162539.6-242635,3560,0.805,-1.091,0.376,-7.694,0.39,-7.709,0.33,-7.63,0.376,-7.694,--,139.4
rOph,J162542.9-232526,J16254289-2325260,25:42.9,-23:25:26.000,7.2013,0.0223,138.86,1.096,138.86,"[-7.057, -24.664]",II,1,"[, ALMA]","[, 225.4]","[, 1.33]","[, 0.28x0.19]","[, 0.15]","[, C-W+2019]","[, 2.47]","[, 0.13]","[, 2.47]","[, 1.43]",1.43,"[, ]","[, ]",--,--,#VALUE!,,,,,,II,,J162542.9-232526,--,--,--,,--,--,--,--,--,--,,,J162542.9-232526,-99,-99,-99,-99,--,-99,--,-99,-99,-99,-99,--,-99
rOph,J162546.6-242336,J16254662-2423361,25:46.6,-24:23:36.000,--,--,--,--,139,--,F,1,"[, ALMA]","[, 225.4]","[, 1.33]","[, 0.28x0.19]","[, 0.15]","[, C-W+2019]","[, 22.09]","[, 0.27]","[, 22.09]","[, 12.83]",12.83,"[, ]","[, ]",--,--,#VALUE!,,,,,,F,,J162546.6-242336,--,--,--,,--,--,--,--,--,--,,,J162546.6-242336,-99,-99,-99,-99,--,-99,--,-99,-99,-99,-99,--,-99
rOph,J162556.1-242048,J16255615-2420481,25:56.1,-24:20:48.000,7.4208,0.0275,134.76,1.455,134.76,"[-7.439, -26.534]",II,1,"[, ALMA]","[, 225.4]","[, 1.33]","[, 0.28x0.19]","[, 0.15]","[, C-W+2019]","[, 70.45]","[, 0.20]","[, 70.45]","[, 38.45]",38.45,"[, ]","[, ]",--,0.21,28.2996,,,,,,II,,J162556.1-242048,134.6,K6,4202,,1.819700859,-0.12,0.8,-7.03,--,--,0,Testi+22,J162556.1-242048,4115,1.824,-0.118,0.717,-6.95,0.805,-7,0.61,-6.88,0.61,-6.88,--,134.76
rOph,J162601.4-242520,J16260137-2425203,26:01.4,-24:25:20.000,9.5524,1.6626,104.69,1.174,104.69,"[-10.294, -28.618]",II,1,"[, ALMA]","[, 225.4]","[, 1.33]","[, 0.98x0.74]","[, ??]","[, C-W+2019]","[, -0.05]","[, 0.12]","[, <0.36]","[, <0.12]",<0.12,"[, ]","[, ]",--,--,#VALUE!,,,,,,II,,J162601.4-242520,--,--,--,,--,--,--,--,--,--,,,J162601.4-242520,-99,-99,-99,-99,--,-99,--,-99,-99,-99,-99,--,-99
rOph,J162603.0-242336,J16260302-2423360,26:03.0,-24:23:36.000,7.3439,0.0308,136.17,0.935,136.17,"[-19.798, -27.146]",II,1,"[, ALMA]","[, 225.4]","[, 1.33]","[, 0.28x0.19]","[, 0.15]","[, C-W+2019]","[, -0.10]","[, 0.14]","[, <0.42]","[, <0.23]",<0.23,"[, ]","[, ]",--,--,#VALUE!,,,,,,II,,J162603.0-242336,--,--,--,,--,--,--,--,--,--,,,J162603.0-242336,-99,-99,-99,-99,--,-99,--,-99,-99,-99,-99,--,-99
rOph,J162604.6-241751,J16260457-2417514,26:04.6,-24:17:51.000,--,--,--,--,139,--,II,1,"[, ALMA]","[, 225.4]","[, 1.33]","[, 0.98x0.74]","[, ??]","[, C-W+2019]","[, 0.96]","[, 0.12]","[, 0.96]","[, 0.56]",0.56,"[, ]","[, ]",--,--,#VALUE!,,,,,,II,,J162604.6-241751,139.4,M4.5,3197,,0.077624712,-3.47,0.2,-10.2,--,--,1,Testi+22,J162604.6-241751,3085,0.077,-3.472,0.149,-10.06,0.1525,-10.06,0.12,-9.98,0.149,-10.06,<,139.4
rOph,J162607.0-242724,J16260704-2427241,26:07.0,-24:27:24.000,--,--,--,--,139,--,II,1,"[, ALMA]","[, 225.4]","[, 1.33]","[, 0.98x0.74]","[, ??]","[, C-W+2019]","[, 5.93]","[, 0.11]","[, 5.93]","[, 3.44]",3.44,"[, ]","[, ]",--,--,#VALUE!,,,,,,II,,J162607.0-242724,--,--,--,,--,--,--,--,--,--,,,J162607.0-242724,-99,-99,-99,-99,--,-99,--,-99,-99,-99,-99,--,-99
rOph,J162609.9-243354,J16260993-2433540,26:09.9,-24:33:54.000,7.1001,0.2462,140.84,0.921,140.84,"[-5.214, -26.806]",I,0,"[, ALMA]","[, 225.4]","[, 1.33]","[, 0.28x0.19]","[, 0.15]","[, C-W+2019]","[, 0.19]","[, 0.14]","[, <0.42]","[, <0.25]",<0.25,"[, ]","[, ]",--,--,#VALUE!,,,,,,I,,J162609.9-243354,--,--,--,,--,--,--,--,--,--,,,J162609.9-243354,-99,-99,-99,-99,--,-99,--,-99,-99,-99,-99,--,-99
rOph,J162610.3-242055,J16261033-2420548,26:10.3,-24:20:55.000,--,--,--,--,139,--,II,1,"[, ALMA]","[, 225.4]","[, 1.33]","[, 0.28x0.19]","[, 0.15]","[, C-W+2019]","[, 172.78]","[, 0.33]","[, 172.78]","[, 100.33]",100.33,"[, ]","[, ]",--,--,#VALUE!,,,,,,II,,J162610.3-242055,139.4,K8,3989,,3.981071706,-1.01,0.69,-7.63,--,--,1,Testi+22,J162610.3-242055,3900,3.958,-1.012,nan,nan,0.615,-7.562,nan,nan,0.615,-7.562,<,139.4
rOph,J162616.8-242223,J16261684-2422231,26:16.8,-24:22:23.000,7.2769,0.0962,137.42,0.936,137.42,"[-6.920, -27.218]",II,1,"[, ALMA]","[, 225.4]","[, 1.33]","[, 0.28x0.19]","[, 0.15]","[, C-W+2019]","[, 3.44]","[, 0.15]","[, 3.44]","[, 1.95]",1.95,"[, ]","[, ]",--,--,#VALUE!,,,,,,II,,J162616.8-242223,138.18,M0,3850,,1.9498446,-1.42,0.73,-8.08,--,--,1,Testi+22,J162616.8-242223,3900,1.928,-1.424,nan,nan,0.5825,-8.107,0.54,-8.08,0.54,-8.08,<,137.42
rOph,J162617.1-242021,J16261706-2420216,26:17.1,-24:20:21.000,7.3937,0.0199,135.25,0.891,135.25,"[-6.284, -27.050]",II,1,"[, ALMA]","[, 225.4]","[, 1.33]","[, 0.28x0.19]","[, 0.15]","[, C-W+2019]","[, 6.07]","[, 0.28]","[, 6.07]","[, 3.34]",3.34,"[, ]","[, ]",--,--,#VALUE!,,,,,,II,,J162617.1-242021,134.27,K6,4202,,1.230268771,-1.59,0.83,-8.59,--,--,0,Testi+22,J162617.1-242021,4115,1.248,-1.583,0.734,-8.507,0.8,-8.544,0.64,-8.45,0.64,-8.45,--,135.25
rOph,J162617.2-242345,J16261722-2423453,26:17.2,-24:23:45.000,--,--,--,--,139,--,I,0,"[, ALMA]","[, 225.4]","[, 1.33]","[, 0.28x0.19]","[, 0.15]","[, C-W+2019]","[, 67.80]","[, 0.18]","[, 67.80]","[, 39.37]",39.37,"[, ]","[, ]",--,--,#VALUE!,,,,,,I,,J162617.2-242345,--,--,--,,--,--,--,--,--,--,,,J162617.2-242345,-99,-99,-99,-99,--,-99,--,-99,-99,-99,-99,--,-99
rOph,J162618.1-243033,J16261813-2430330,26:18.1,-24:30:33.000,--,--,--,--,139,--,II,1,"[, ALMA]","[, 225.4]","[, 1.33]","[, 0.98x0.74]","[, ??]","[, C-W+2019]","[, 0.22]","[, 0.11]","[, <0.33]","[, <0.19]",<0.19,"[, ]","[, ]",--,--,#VALUE!,,,,,,II,,J162618.1-243033,139.4,M6,2990,,0.10964782,-99,0.13,-99,--,--,-99,Testi+22,J162618.1-243033,2860,0.109,-99,nan,nan,0.1,-105.2,nan,nan,0.1,-105.2,--,139.4
rOph,J162618.6-242951,J16261858-2429514,26:18.6,-24:29:51.000,--,--,--,--,139,--,II,1,"[, ALMA]","[, 225.4]","[, 1.33]","[, 0.98x0.74]","[, ??]","[, C-W+2019]","[, 0.45]","[, 0.11]","[, 0.45]","[, 0.26]",0.26,"[, ]","[, ]",--,--,#VALUE!,,,,,,II,,J162618.6-242951,139.4,M8,2710,,0.012302688,-99,0.03,-99,--,--,-99,Testi+22,J162618.6-242951,2670,0.012,-99,0.028,-105.1,nan,nan,nan,nan,0.028,-105.1,--,139.4
rOph,J162618.8-242610,J16261882-2426105,26:18.8,-24:26:10.000,--,--,--,--,139,--,II,1,"[, ALMA]","[, 225.4]","[, 1.33]","[, 0.98x0.74]","[, ??]","[, C-W+2019]","[, 0.68]","[, 0.12]","[, 0.68]","[, 0.39]",0.39,"[, ]","[, ]",--,--,#VALUE!,,,,,,II,,J162618.8-242610,139.4,M6.5,2940,,0.036307805,-2.73,0.08,-9.17,--,--,0,Testi+22,J162618.8-242610,2815,0.036,-2.732,0.058,-8.998,nan,nan,nan,nan,0.058,-8.998,--,139.4
rOph,J162618.9-242820,J16261886-2428196,26:18.9,-24:28:20.000,7.2713,0.2092,137.53,1.159,137.53,"[-8.379, -27.541]",II,1,"[, ALMA]","[, 225.4]","[, 1.33]","[, 0.28x0.19]","[, 0.15]","[, C-W+2019]","[, 96.51]","[, 0.22]","[, 96.51]","[, 54.86]",54.86,"[, ]","[, ]",--,0.32,44.0096,,,,,,II,,J162618.9-242820,138.42,M0,3850,,2.570395783,-0.08,0.88,-6.68,--,--,0,Testi+22,J162618.9-242820,3900,2.537,-0.085,nan,nan,0.5875,-6.711,nan,nan,0.5875,-6.711,--,137.53
rOph,J162619.0-242414,J16261898-2424142,26:19.0,-24:24:14.000,--,--,--,--,139,--,F,1,"[, ALMA]","[, 225.4]","[, 1.33]","[, 0.28x0.19]","[, 0.15]","[, C-W+2019]","[, 21.24]","[, 0.43]","[, 21.24]","[, 12.33]",12.33,"[, ]","[, ]",--,--,#VALUE!,,,,,,F,,J162619.0-242414,139.4,M6,2990,,0.308493166,-99,0.14,-99,--,--,-99,Testi+22,J162619.0-242414,2860,0.306,-99,nan,nan,0.135,-105.1,nan,nan,0.135,-105.1,--,139.4
rOph,J162619.5-243727,J16261949-2437275,26:19.5,-24:37:27.000,7.3902,0.0453,135.31,1.081,135.31,"[-5.821, -25.868]",II,1,"[, ALMA]","[, 225.4]","[, 1.33]","[, 0.98x0.74]","[, ??]","[, C-W+2019]","[, 0.45]","[, 0.12]","[, 0.45]","[, 0.25]",0.25,"[, ]","[, ]",--,--,#VALUE!,,,,,,II,,J162619.5-243727,133.4,M4.5,3197,,0.131825674,-99,0.2,-99,--,--,-99,Testi+22,J162619.5-243727,3085,0.135,-98.98,0.153,-105.4,0.17,-105.5,0.14,-105.42,0.153,-105.4,--,135.31
rOph,J162620.8-242839,J16262083-2428395,26:20.8,-24:28:39.000,--,--,--,--,139,--,II,1,"[, ALMA]","[, 225.4]","[, 1.33]","[, 0.98x0.74]","[, ??]","[, C-W+2019]","[, 0.67]","[, 0.12]","[, 0.67]","[, 0.39]",0.39,"[, ]","[, ]",--,--,#VALUE!,,,,,,II,,J162620.8-242839,--,--,--,,--,--,--,--,--,--,,,J162620.8-242839,-99,-99,-99,-99,--,-99,--,-99,-99,-99,-99,--,-99
rOph,J162621.0-240847,J16262096-2408468,26:21.0,-24:08:47.000,7.0563,0.2004,141.72,1.028,141.72,"[-6.886, -28.443]",II,1,"[, ALMA]","[, 225.4]","[, 1.33]","[, 0.98x0.74]","[, ??]","[, C-W+2019]","[, 1.11]","[, 0.11]","[, 1.11]","[, 0.67]",0.67,"[, ]","[, ]",--,--,#VALUE!,,,,,,II,,J162621.0-240847,143.56,M7,2880,,0.023442288,-99,0.06,-99,--,--,-99,Testi+22,J162621.0-240847,2770,0.022,-99.01,0.045,-105.2,nan,nan,nan,nan,0.045,-105.2,--,141.72
rOph,J162621.5-242601,J16262152-2426009,26:21.5,-24:26:01.000,7.3371,0.1524,136.29,1.142,136.29,"[-8.392, -25.652]",II,1,"[, ALMA]","[, 225.4]","[, 1.33]","[, 0.98x0.74]","[, ??]","[, C-W+2019]","[, 2.53]","[, 0.12]","[, 2.53]","[, 1.41]",1.41,"[, ]","[, ]",--,--,#VALUE!,,,,,,II,,J162621.5-242601,136.59,M5.5,3060,,0.074131024,-3.31,0.14,-9.88,--,--,0,Testi+22,J162621.5-242601,2920,0.073,-3.311,0.103,-9.701,0.1,-9.686,0.09,-9.64,0.103,-9.701,--,136.29
rOph,J162621.9-244440,J16262189-2444397,26:21.9,-24:44:40.000,6.6677,0.136,149.98,1.124,149.98,"[-7.806, -26.632]",II,1,"[, ALMA]","[, 225.4]","[, 1.33]","[, 0.98x0.74]","[, ??]","[, C-W+2019]","[, 0.85]","[, 0.12]","[, 0.85]","[, 0.57]",0.57,"[, ]","[, ]",--,--,#VALUE!,,,,,,II,,J162621.9-244440,151.26,M7.25,2840,,0.069183097,-3.18,0.09,-9.46,--,--,0,Testi+22,J162621.9-244440,2745,0.068,-3.187,nan,nan,nan,nan,nan,nan,nan,nan,--,149.98
rOph,J162622.3-242407,J16262226-2424070,26:22.3,-24:24:07.000,--,--,--,--,139,--,F,1,"[, ALMA]","[, 225.4]","[, 1.33]","[, 0.28x0.19]","[, 0.15]","[, C-W+2019]","[, -0.17]","[, 0.15]","[, <0.45]","[, <0.26]",<0.26,"[, ]","[, ]",--,--,#VALUE!,,,,,,F,,J162622.3-242407,139.4,M7,2880,,0.007019167,-3.962696132,0.05,-10.54423523,--,--,1,Testi+22,J162622.3-242407,2770,0.006,-3.965,0.037,-10.38,nan,nan,nan,nan,0.037,-10.38,<,139.4
rOph,J162622.9-242846,J16262295-2428461,26:22.9,-24:28:46.000,--,--,--,--,139,--,II,1,"[, ALMA]","[, 225.4]","[, 1.33]","[, 0.98x0.74]","[, ??]","[, C-W+2019]","[, -0.05]","[, 0.12]","[, <0.36]","[, <0.21]",<0.21,"[, ]","[, ]",--,--,#VALUE!,,,,,,II,,J162622.9-242846,139.4,M6,2990,,0.102329299,-99,0.13,-99,--,--,-99,Testi+22,J162622.9-242846,2860,0.101,-99,nan,nan,0.1,-105.2,nan,nan,0.1,-105.2,--,139.4
rOph,J162623.4-242101 b,J16262335-2420597,26:23.4,-24:21:01.000,8.4482,0.2989,118.37,1.069,118.37,"[-7.849, -24.852]",b,0,"[, ALMA]","[, 225.4]","[, 1.33]","[, 0.28x0.19]","[, 0.15]","[, C-W+2019]","[, 17.24]","[, 0.28]","[, 17.24]","[, 7.26]",7.26,"[, ]","[, ]",--,--,#VALUE!,,,,,,b,,J162623.4-242101,125.69,K0,5250,,11.48153621,-0.81,2.6,-8.01,--,--,0,Testi+22,J162623.4-242101 b,4870,10.18,-0.862,nan,nan,2.5899,-8.023,2.01,-7.91,2.01,-7.91,--,118.37
rOph,J162623.4-242101,J16262335-2420597,26:23.4,-24:21:01.000,8.4482,0.2989,118.37,1.069,118.37,"[-7.849, -24.852]",II,1,"[, ALMA]","[, 225.4]","[, 1.33]","[, 0.28x0.19]","[, 0.15]","[, C-W+2019]","[, 20.32]","[, 0.15]","[, 20.32]","[, 8.56]",8.56,"[, ]","[, ]",--,--,#VALUE!,,,,,,II,,J162623.4-242101,125.69,K0,5250,,11.48153621,-0.81,2.6,-8.01,--,--,0,Testi+22,J162623.4-242101,4870,10.18,-0.862,nan,nan,2.5899,-8.023,2.01,-7.91,2.01,-7.91,--,118.37
rOph,J162623.6-242439,J16262357-2424394,26:23.6,-24:24:39.000,--,--,--,--,139,--,F,1,"[, ALMA]","[, 225.4]","[, 1.33]","[, 0.28x0.19]","[, 0.15]","[, C-W+2019]","[, 139.45]","[, 0.28]","[, 139.45]","[, 80.97]",80.97,"[, ]","[, ]",--,--,#VALUE!,,,,,,F,,J162623.6-242439,139.4,K7,4060,,0.512867935,-1.429525242,0.77,-8.564992149,--,--,0,Testi+22,J162623.6-242439,4020,0.509,-1.432,0.717,-8.52,0.74,-8.533,0.69,-8.5,0.69,-8.5,--,139.4
rOph,J162623.7-244314,J16262367-2443138,26:23.7,-24:43:14.000,7.2379,0.0429,138.16,2.142,139,"[-7.831, -26.188]",II,1,"[, ALMA]","[, 225.4]","[, 1.33]","[, 0.28x0.19]","[, 0.15]","[, C-W+2019]","[, 239.03]","[, 0.38]","[, 239.03]","[, 138.80]",138.8,"[, ]","[, ]",--,0.85,118.15,,,,,,II,,J162623.7-244314,138.46,K6,4202,,1.479108388,-2.13,0.8,-9.09,--,--,1,Testi+22,J162623.7-244314,4115,1.49,-2.126,0.717,-9.002,0.795,-9.046,0.62,-8.94,0.62,-8.94,<,139.4
rOph,J162623.8-241829,J16262381-2418290,26:23.8,-24:18:29.000,--,--,--,--,139,--,II,1,"[, ALMA]","[, 225.4]","[, 1.33]","[, 0.98x0.74]","[, ??]","[, C-W+2019]","[, 0.34]","[, 0.12]","[, <0.36]","[, <0.21]",<0.21,"[, ]","[, ]",--,--,#VALUE!,,,,,,II,,J162623.8-241829,139.4,M5.5,3060,,0.009772372,-99,0.1,-99,--,--,-99,Testi+22,J162623.8-241829,2920,0.009,-99,0.063,-105.6,nan,nan,nan,nan,0.063,-105.6,--,139.4
rOph,J162624.0-242448,J16262404-2424480,26:24.0,-24:24:48.000,7.1692,0.141,139.49,1.279,139.49,"[-8.616, -25.300]",II,1,"[, ALMA]","[, 225.4]","[, 1.33]","[, 0.28x0.19]","[, 0.15]","[, C-W+2019]","[, 3.57]","[, 0.13]","[, 3.57]","[, 2.09]",2.09,"[, ]","[, ]",--,--,#VALUE!,,,,,,II,,J162624.0-242448,137.87,K5.5,4276,,7.58577575,-1.09,1.12,-7.84,--,--,1,Testi+22,J162624.0-242448,4162,7.765,-1.079,nan,nan,0.9499,-7.728,nan,nan,0.9499,-7.728,<,139.49
rOph,J162624.1-241613,J16262407-2416134,26:24.1,-24:16:13.000,7.1809,0.0639,139.26,0.926,139.26,"[-7.971, -24.725]",II,1,"[, ALMA]","[, 225.4]","[, 1.33]","[, 0.28x0.19]","[, 0.15]","[, C-W+2019]","[, 361.20]","[, 0.32]","[, 361.20]","[, 210.52]",210.52,"[, ]","[, ]",--,0.68,94.6968,,,,,,II,,J162624.1-241613,136.22,K5.5,4276,,6.760829754,0.42,1.1,-6.34,--,--,0,Testi+22,J162624.1-241613,4162,7.065,0.4391,nan,nan,0.9399,-6.225,nan,nan,0.9399,-6.225,--,139.26
rOph,J162625.5-242301,J16262548-2423015,26:25.5,-24:23:01.000,--,--,--,--,139,--,I,0,"[, ALMA]","[, 225.4]","[, 1.33]","[, 0.28x0.19]","[, 0.15]","[, C-W+2019]","[, 47.38]","[, 0.17]","[, 47.38]","[, 27.51]",27.51,"[, ]","[, ]",--,--,#VALUE!,,,,,,I,,J162625.5-242301,--,--,--,,--,--,--,--,--,--,,,J162625.5-242301,-99,-99,-99,-99,--,-99,--,-99,-99,-99,-99,--,-99
rOph,J162627.5-244154,J16262753-2441535,26:27.5,-24:41:54.000,--,--,--,--,139,--,F,1,"[, ALMA]","[, 225.4]","[, 1.33]","[, 0.28x0.19]","[, 0.15]","[, C-W+2019]","[, 9.25]","[, 0.16]","[, 9.25]","[, 5.37]",5.37,"[, ]","[, ]",--,--,#VALUE!,,,,,,F,,J162627.5-244154,--,--,--,,--,--,--,--,--,--,,,J162627.5-244154,-99,-99,-99,-99,--,-99,--,-99,-99,-99,-99,--,-99
rOph,J162627.8-242642,J16262780-2426418,26:27.8,-24:26:42.000,6.509,0.4573,153.63,1.138,153.63,"[-6.729, -23.770]",II,1,"[, ALMA]","[, 225.4]","[, 1.33]","[, 0.98x0.74]","[, ??]","[, C-W+2019]","[, 1.90]","[, 0.11]","[, 1.90]","[, 1.35]",1.35,"[, ]","[, ]",--,--,#VALUE!,,,,,,II,,J162627.8-242642,--,--,--,,--,--,--,--,--,--,,,J162627.8-242642,-99,-99,-99,-99,--,-99,--,-99,-99,-99,-99,--,-99
rOph,J162630.4-242257,J16263046-2422571,26:30.4,-24:22:57.000,--,--,--,--,139,--,F,1,"[, ALMA]","[, 225.4]","[, 1.33]","[, 0.28x0.19]","[, 0.15]","[, C-W+2019]","[, 44.65]","[, 0.13]","[, 44.65]","[, 25.93]",25.93,"[, ]","[, ]",--,--,#VALUE!,,,,,,F,,J162630.4-242257,--,--,--,,--,--,--,--,--,--,,,J162630.4-242257,-99,-99,-99,-99,--,-99,--,-99,-99,-99,-99,--,-99
rOph,J162633.0-240017,J16263297-2400168,26:33.0,-24:00:17.000,7.2528,0.058,137.88,1.001,137.88,"[-6.218, -28.252]",II,1,"[, ALMA]","[, 225.4]","[, 1.33]","[, 0.98x0.74]","[, ??]","[, C-W+2019]","[, 3.71]","[, 0.12]","[, 3.71]","[, 2.12]",2.12,"[, ]","[, ]",--,--,#VALUE!,,,,,,II,,J162633.0-240017,137.27,M4.5,3197,,0.089125094,-99,0.2,-99,--,--,-99,Testi+22,J162633.0-240017,3085,0.089,-98.99,0.149,-105.5,0.1525,-105.5,0.13,-105.49,0.149,-105.5,--,137.88
rOph,J162636.2-240509,J16263619-2405094,26:36.2,-24:05:09.000,7.2306,0.2412,138.3,1.084,138.3,"[-6.731, -27.762]",II,1,"[, ALMA]","[, 225.4]","[, 1.33]","[, 0.98x0.74]","[, ??]","[, C-W+2019]","[, 0.31]","[, 0.12]","[, <0.36]","[, <0.21]",<0.21,"[, ]","[, ]",--,--,#VALUE!,,,,,,II,,J162636.2-240509,135.87,M6.5,2940,,0.022387211,-99,0.07,-99,--,--,-99,Testi+22,J162636.2-240509,2815,0.023,-98.98,0.049,-105.2,nan,nan,nan,nan,0.049,-105.2,--,138.3
rOph,J162636.8-241552,J16263682-2415518,26:36.8,-24:15:52.000,7.3212,0.1385,136.59,1.301,136.59,"[-5.520, -27.068]",F,1,"[, ALMA]","[, 225.4]","[, 1.33]","[, 0.28x0.19]","[, 0.15]","[, C-W+2019]","[, 15.24]","[, 0.23]","[, 15.24]","[, 8.55]",8.55,"[, ]","[, ]",--,--,#VALUE!,,,,,,F,,J162636.8-241552,136.11,M0,3850,,0.375750933,-2.507017635,0.59,-9.548267961,--,--,1,Testi+22,J162636.8-241552,3900,0.378,-2.503,0.631,-9.574,0.64,-9.58,0.63,-9.57,0.631,-9.574,<,136.59
rOph,J162637.1-241560 b,J16263713-2415599,26:37.1,-24:16:00.000,7.3466,0.1027,136.12,0.912,136.12,"[-6.034, -26.883]",b,0,"[, ALMA]","[, 225.4]","[, 1.33]","[, 0.98x0.74]","[, ??]","[, C-W+2019]","[, 8.89]","[, 0.12]","[, 8.89]","[, 4.95]",4.95,"[, ]","[, ]",--,--,#VALUE!,,,,,,b,,J162637.1-241560,133.81,M5,3125,,0.095499259,-99,0.17,-99,--,--,-99,Testi+22,J162637.1-241560 b,2980,0.098,-98.98,0.124,-105.4,0.12,-105.3,0.11,-105.34,0.124,-105.4,--,136.12
rOph,J162637.1-241560,J16263713-2415599,26:37.1,-24:16:00.000,7.3466,0.1027,136.12,0.912,136.12,"[-6.034, -26.883]",II,1,"[, ALMA]","[, 225.4]","[, 1.33]","[, 0.98x0.74]","[, ??]","[, C-W+2019]","[, 0.48]","[, 0.12]","[, 0.48]","[, 0.27]",0.27,"[, ]","[, ]",--,--,#VALUE!,,,,,,II,,J162637.1-241560,133.81,M5,3125,,0.095499259,-99,0.17,-99,--,--,-99,Testi+22,J162637.1-241560,2980,0.098,-98.98,0.124,-105.4,0.12,-105.3,0.11,-105.34,0.124,-105.4,--,136.12
rOph,J162637.8-242301,J16263778-2423007,26:37.8,-24:23:01.000,--,--,--,--,139,--,F,1,"[, ALMA]","[, 225.4]","[, 1.33]","[, 0.28x0.19]","[, 0.15]","[, C-W+2019]","[, 8.20]","[, 0.13]","[, 8.20]","[, 4.76]",4.76,"[, ]","[, ]",--,--,#VALUE!,,,,,,F,,J162637.8-242301,--,--,--,,--,--,--,--,--,--,,,J162637.8-242301,-99,-99,-99,-99,--,-99,--,-99,-99,-99,-99,--,-99
rOph,J162637.8-243903,J16263780-2439031,26:37.8,-24:39:03.000,6.3229,0.8988,158.16,1.141,158.16,"[-4.976, -26.809]",II,1,"[, ALMA]","[, 225.4]","[, 1.33]","[, 0.98x0.74]","[, ??]","[, C-W+2019]","[, 0.63]","[, 0.12]","[, 0.63]","[, 0.47]",0.47,"[, ]","[, ]",--,--,#VALUE!,,,,,,II,,J162637.8-243903,139.4,M5.5,3060,,0.018620871,-99,0.11,-99,--,--,-99,Testi+22,J162637.8-243903,2920,0.023,-98.89,0.071,-105.3,nan,nan,0.09,-105.46,0.071,-105.3,--,158.16
rOph,J162640.5-242714,J16264046-2427144,26:40.5,-24:27:14.000,--,--,--,--,139,--,I,0,"[, ALMA]","[, 225.4]","[, 1.33]","[, 0.28x0.19]","[, 0.15]","[, C-W+2019]","[, 97.54]","[, 0.47]","[, 97.54]","[, 56.64]",56.64,"[, ]","[, ]",--,--,#VALUE!,,,,,,I,,J162640.5-242714,--,--,--,,--,--,--,--,--,--,,,J162640.5-242714,-99,-99,-99,-99,--,-99,--,-99,-99,-99,-99,--,-99
rOph,J162640.8-243051,J16264083-2430509,26:40.8,-24:30:51.000,--,--,--,--,139,--,II,1,"[, ALMA]","[, 225.4]","[, 1.33]","[, 0.98x0.74]","[, ??]","[, C-W+2019]","[, 3.65]","[, 0.12]","[, 3.65]","[, 2.12]",2.12,"[, ]","[, ]",--,--,#VALUE!,,,,,,II,,J162640.8-243051,139.4,M5.75,3025,,0.030199517,-99,0.11,-99,--,--,-99,Testi+22,J162640.8-243051,2890,0.03,-99,0.066,-105.3,nan,nan,nan,nan,0.066,-105.3,--,139.4
rOph,J162641.2-244018,J16264125-2440179,26:41.2,-24:40:18.000,7.1201,0.2227,140.45,4.575,139,"[-5.194, -27.174]",II,1,"[, ALMA]","[, 225.4]","[, 1.33]","[, 0.28x0.19]","[, 0.15]","[, C-W+2019]","[, 0.03]","[, 0.17]","[, <0.51]","[, <0.30]",<0.30,"[, ]","[, ]",--,--,#VALUE!,,,,,,II,,J162641.2-244018,167.72,M4.5,3197,,0.512861384,-2.24,0.28,-8.68,--,--,1,Testi+22,J162641.2-244018,3085,0.352,-2.403,nan,nan,0.2075,-8.802,nan,nan,0.2075,-8.802,<,139.4
rOph,J162642.1-243103,J16264214-2431029,26:42.1,-24:31:03.000,--,--,--,--,139,--,F,1,"[, ALMA]","[, 225.4]","[, 1.33]","[, 0.28x0.19]","[, 0.15]","[, C-W+2019]","[, 9.60]","[, 0.18]","[, 9.60]","[, 5.57]",5.57,"[, ]","[, ]",--,--,#VALUE!,,,,,,F,,J162642.1-243103,--,--,--,,--,--,--,--,--,--,,,J162642.1-243103,-99,-99,-99,-99,--,-99,--,-99,-99,-99,-99,--,-99
rOph,J162642.9-242030 b,J16264285-2420299,26:42.9,-24:20:30.000,7.2781,0.0742,137.4,0.968,137.4,"[-6.197, -25.161]",b,0,"[, ALMA]","[, 225.4]","[, 1.33]","[, 0.28x0.19]","[, 0.15]","[, C-W+2019]","[, 2.58]","[, 0.19]","[, 2.58]","[, 1.46]",1.46,"[, ]","[, ]",--,--,#VALUE!,,,,,,b,,J162642.9-242030,136.74,K7,4060,,2.511886432,-1.11,0.87,-7.88,--,--,0,Testi+22,J162642.9-242030 b,4020,2.536,-1.105,nan,nan,0.705,-7.837,nan,nan,0.705,-7.837,--,137.4
rOph,J162642.9-242030,J16264285-2420299,26:42.9,-24:20:30.000,7.2781,0.0742,137.4,0.968,137.4,"[-6.197, -25.161]",II,1,"[, ALMA]","[, 225.4]","[, 1.33]","[, 0.28x0.19]","[, 0.15]","[, C-W+2019]","[, 13.71]","[, 0.18]","[, 13.71]","[, 7.78]",7.78,"[, ]","[, ]",--,--,#VALUE!,,,,,,II,,J162642.9-242030,136.74,K7,4060,,2.511886432,-1.11,0.87,-7.88,--,--,0,Testi+22,J162642.9-242030,4020,2.536,-1.105,nan,nan,0.705,-7.837,nan,nan,0.705,-7.837,--,137.4
rOph,J162645.0-242308,J16264502-2423077,26:45.0,-24:23:08.000,9.0853,0.8505,110.07,1.086,110.07,"[-7.954, -28.295]",II,1,"[, ALMA]","[, 225.4]","[, 1.33]","[, 0.28x0.19]","[, 0.15]","[, C-W+2019]","[, 312.57]","[, 0.42]","[, 312.57]","[, 113.81]",113.81,"[, ]","[, ]",--,1.19,130.9833,,,,,,II,,J162645.0-242308,139.4,K8,3989,,1.513561248,-0.36,0.63,-7.14,--,--,0,Testi+22,J162645.0-242308,3900,0.943,-0.565,0.557,-7.383,0.605,-7.419,0.51,-7.34,0.557,-7.383,--,110.07
rOph,J162646.4-241160,J16264643-2412000,26:46.4,-24:12:00.000,7.4979,0.5052,133.37,15.485,139,"[-0.075, -22.895]",II,1,"[, ALMA]","[, 225.4]","[, 1.33]","[, 0.28x0.19]","[, 0.15]","[, C-W+2019]","[, 7.46]","[, 0.13]","[, 7.46]","[, 4.33]",4.33,"[, ]","[, ]",--,--,#VALUE!,,,,,,II,,J162646.4-241160,109.54,K0,5250,,3.630780548,-1.42,1.75,-8.69,--,--,0,Testi+22,J162646.4-241160,4870,5.846,-1.213,nan,nan,2.18,-8.42,1.56,-8.27,1.56,-8.27,--,139.4
rOph,J162648.5-242839,J16264848-2428389,26:48.5,-24:28:39.000,--,--,--,--,139,--,F,1,"[, ALMA]","[, 225.4]","[, 1.33]","[, 0.28x0.19]","[, 0.15]","[, C-W+2019]","[, 52.54]","[, 0.13]","[, 52.54]","[, 30.51]",30.51,"[, ]","[, ]",--,--,#VALUE!,,,,,,F,,J162648.5-242839,--,--,--,,--,--,--,--,--,--,,,J162648.5-242839,-99,-99,-99,-99,--,-99,--,-99,-99,-99,-99,--,-99
rOph,J162648.5-242839 b,J16264848-2428389,26:48.5,-24:28:39.000,--,--,--,--,139,--,b,0,"[, ALMA]","[, 225.4]","[, 1.33]","[, 0.28x0.19]","[, 0.15]","[, C-W+2019]","[, 2.32]","[, 0.27]","[, 2.32]","[, 1.35]",1.35,"[, ]","[, ]",--,--,#VALUE!,,,,,,b,,J162648.5-242839,--,--,--,,--,--,--,--,--,--,,,J162648.5-242839 b,-99,-99,-99,-99,--,-99,--,-99,-99,-99,-99,--,-99
rOph,J162648.6-235634,J16264864-2356341,26:48.6,-23:56:34.000,7.21,0.0263,138.7,1.1,138.7,"[-6.382, -27.782]",II,1,"[, ALMA]","[, 225.4]","[, 1.33]","[, 0.28x0.19]","[, 0.15]","[, C-W+2019]","[, 2.81]","[, 0.13]","[, 2.81]","[, 1.62]",1.62,"[, ]","[, ]",--,--,#VALUE!,,,,,,II,,J162648.6-235634,137.36,K5.5,4276,,1.047128548,-99,0.92,-99,--,--,-99,Testi+22,J162648.6-235634,4162,1.067,-98.99,0.783,-105.9,0.875,-106,0.7,-105.94,0.7,-105.94,--,138.7
rOph,J162649.0-243825,J16264897-2438252,26:49.0,-24:38:25.000,7.5468,0.4144,132.51,1.045,132.51,"[-4.845, -25.296]",II,1,"[, ALMA]","[, 225.4]","[, 1.33]","[, 0.28x0.19]","[, 0.15]","[, C-W+2019]","[, 21.76]","[, 0.36]","[, 21.76]","[, 11.48]",11.48,"[, ]","[, ]",--,0.13,17.2263,,,,,,II,,J162649.0-243825,132.57,M3,3415,,0.257039578,-0.52,0.29,-7.23,--,--,0,Testi+22,J162649.0-243825,3410,0.256,-0.52,0.292,-7.224,0.3149,-7.256,0.3,-7.24,0.292,-7.224,--,132.51
rOph,J162652.0-243039,J16265197-2430394,26:52.0,-24:30:39.000,--,--,--,--,139,--,F,1,"[, ALMA]","[, 225.4]","[, 1.33]","[, 0.28x0.19]","[, 0.15]","[, C-W+2019]","[, 10.33]","[, 0.34]","[, 10.33]","[, 6.00]",6,"[, ]","[, ]",--,--,#VALUE!,,,,,,F,,J162652.0-243039,--,--,--,,--,--,--,--,--,--,,,J162652.0-243039,-99,-99,-99,-99,--,-99,--,-99,-99,-99,-99,--,-99
rOph,J162653.5-243236,J16265346-2432362,26:53.5,-24:32:36.000,--,--,--,--,139,--,F,1,"[, ALMA]","[, 225.4]","[, 1.33]","[, 0.28x0.19]","[, 0.15]","[, C-W+2019]","[, 2.63]","[, 0.17]","[, 2.63]","[, 1.53]",1.53,"[, ]","[, ]",--,--,#VALUE!,,,,,,F,,J162653.5-243236,--,--,--,,--,--,--,--,--,--,,,J162653.5-243236,-99,-99,-99,-99,--,-99,--,-99,-99,-99,-99,--,-99
rOph,J162654.3-242438,J16265429-2424381,26:54.3,-24:24:38.000,--,--,--,--,139,--,F,1,"[, ALMA]","[, 225.4]","[, 1.33]","[, 0.28x0.19]","[, 0.15]","[, C-W+2019]","[, 2.45]","[, 0.16]","[, 2.45]","[, 1.42]",1.42,"[, ]","[, ]",--,--,#VALUE!,,,,,,F,,J162654.3-242438,--,--,--,,--,--,--,--,--,--,,,J162654.3-242438,-99,-99,-99,-99,--,-99,--,-99,-99,-99,-99,--,-99
rOph,J162654.4-242621,J16265444-2426207,26:54.4,-24:26:21.000,--,--,--,--,139,--,II,1,"[, ALMA]","[, 225.4]","[, 1.33]","[, 0.98x0.74]","[, ??]","[, C-W+2019]","[, 1.27]","[, 0.14]","[, 1.27]","[, 0.74]",0.74,"[, ]","[, ]",--,--,#VALUE!,,,,,,II,,J162654.4-242621,139.4,M0,3850,,0.851138038,-2.11,0.53,-8.94,--,--,1,Testi+22,J162654.4-242621,3900,0.846,-2.112,0.557,-8.954,0.61,-8.993,0.52,-8.92,0.557,-8.954,<,139.4
rOph,J162654.8-242702,J16265477-2427022,26:54.8,-24:27:02.000,--,--,--,--,139,--,F,1,"[, ALMA]","[, 225.4]","[, 1.33]","[, 0.28x0.19]","[, 0.15]","[, C-W+2019]","[, 1.20]","[, 0.13]","[, 1.20]","[, 0.70]",0.7,"[, ]","[, ]",--,--,#VALUE!,,,,,,F,,J162654.8-242702,--,--,--,,--,--,--,--,--,--,,,J162654.8-242702,-99,-99,-99,-99,--,-99,--,-99,-99,-99,-99,--,-99
rOph,J162656.3-244120,J16265636-2441204,26:56.3,-24:41:20.000,--,--,--,--,139,--,II,1,"[, ALMA]","[, 225.4]","[, 1.33]","[, 0.98x0.74]","[, ??]","[, C-W+2019]","[, -0.08]","[, 0.13]","[, <0.39]","[, <0.23]",<0.23,"[, ]","[, ]",--,--,#VALUE!,,,,,,II,,J162656.3-244120,139.4,L3,1810,,0.00057544,-99,0.006,-99,--,--,-99,Testi+22,J162656.3-244120,2520,0,-99,nan,nan,nan,nan,nan,nan,nan,nan,--,139.4
rOph,J162656.8-241351,J16265677-2413515,26:56.8,-24:13:51.000,7.3251,0.1653,136.52,0.929,136.52,"[-10.047, -25.206]",II,1,"[, ALMA]","[, 225.4]","[, 1.33]","[, 0.28x0.19]","[, 0.15]","[, C-W+2019]","[, 15.41]","[, 1.22]","[, 15.41]","[, 8.63]",8.63,"[, ]","[, ]",--,--,#VALUE!,,,,,,II,,J162656.8-241351,133.9,K7,4060,,0.776247117,-99,0.72,-99,--,--,-99,Testi+22,J162656.8-241351,4020,0.806,-98.98,0.668,-105.9,0.725,-105.9,0.62,-105.91,0.62,-105.91,--,136.52
rOph,J162657.3-243539,J16265733-2435388,26:57.3,-24:35:39.000,--,--,--,--,139,--,II,1,"[, ALMA]","[, 225.4]","[, 1.33]","[, 0.98x0.74]","[, ??]","[, C-W+2019]","[, 1.19]","[, 0.12]","[, 1.19]","[, 0.69]",0.69,"[, ]","[, ]",--,--,#VALUE!,,,,,,II,,J162657.3-243539,139.4,M6,2990,,0.549540874,-0.95,0.19,-7.18,--,--,1,Testi+22,J162657.3-243539,2860,0.546,-0.952,nan,nan,nan,nan,nan,nan,nan,nan,<,139.4
rOph,J162658.3-243741,J16265827-2437409,26:58.3,-24:37:41.000,--,--,--,--,139,--,F,1,"[, ALMA]","[, 225.4]","[, 1.33]","[, 0.28x0.19]","[, 0.15]","[, C-W+2019]","[, 0.10]","[, 0.14]","[, <0.42]","[, <0.24]",<0.24,"[, ]","[, ]",--,--,#VALUE!,,,,,,F,,J162658.3-243741,--,--,--,,--,--,--,--,--,--,,,J162658.3-243741,-99,-99,-99,-99,--,-99,--,-99,-99,-99,-99,--,-99
rOph,J162658.4-242130,J16265839-2421299,26:58.4,-24:21:30.000,--,--,--,--,139,--,II,1,"[, ALMA]","[, 225.4]","[, 1.33]","[, 0.98x0.74]","[, ??]","[, C-W+2019]","[, 0.42]","[, 0.13]","[, 0.42]","[, 0.24]",0.24,"[, ]","[, ]",--,--,#VALUE!,,,,,,II,,J162658.4-242130,139.4,M6,2990,,0.004570882,-4.25,0.08,-11.16,--,--,1,Testi+22,J162658.4-242130,2860,0.004,-4.252,0.054,-10.94,nan,nan,nan,nan,0.054,-10.94,<,139.4
rOph,J162658.4-244532,J16265843-2445318,26:58.4,-24:45:32.000,--,--,--,--,139,--,II,1,"[, ALMA]","[, 225.4]","[, 1.33]","[, 0.28x0.19]","[, 0.15]","[, C-W+2019]","[, 180.30]","[, 0.43]","[, 180.30]","[, 104.69]",104.69,"[, ]","[, ]",--,--,#VALUE!,,,,,,II,,J162658.4-244532,139.4,M0,3850,,2.511886432,-0.31,0.86,-6.91,--,--,0,Testi+22,J162658.4-244532,3900,2.497,-0.312,nan,nan,0.5875,-6.942,nan,nan,0.5875,-6.942,--,139.4
rOph,J162658.6-241835,J16265863-2418346,26:58.6,-24:18:35.000,--,--,--,--,139,--,II,1,"[, ALMA]","[, 225.4]","[, 1.33]","[, 0.98x0.74]","[, ??]","[, C-W+2019]","[, 3.98]","[, 0.12]","[, 3.98]","[, 2.31]",2.31,"[, ]","[, ]",--,--,#VALUE!,,,,,,II,,J162658.6-241835,139.4,M4.5,3197,,0.123026877,-2.03,0.2,-8.69,--,--,0,Testi+22,J162658.6-241835,3085,0.122,-2.032,0.152,-8.527,0.1675,-8.568,0.14,-8.48,0.152,-8.527,--,139.4
rOph,J162658.6-242455,J16265867-2424555,26:58.6,-24:24:55.000,--,--,--,--,139,--,II,1,"[, ALMA]","[, 225.4]","[, 1.33]","[, 0.98x0.74]","[, ??]","[, C-W+2019]","[, 0.18]","[, 0.12]","[, <0.36]","[, <0.21]",<0.21,"[, ]","[, ]",--,--,#VALUE!,,,,,,II,,J162658.6-242455,--,--,--,,--,--,--,--,--,--,,,J162658.6-242455,-99,-99,-99,-99,--,-99,--,-99,-99,-99,-99,--,-99
rOph,J162659.0-243557,J16265904-2435568,26:59.0,-24:35:57.000,--,--,--,--,139,--,II,1,"[, ALMA]","[, 225.4]","[, 1.33]","[, 0.98x0.74]","[, ??]","[, C-W+2019]","[, -0.11]","[, 0.11]","[, <0.33]","[, <0.19]",<0.19,"[, ]","[, ]",--,--,#VALUE!,,,,,,II,,J162659.0-243557,139.4,M4,3270,,0.263026799,-2.09,0.22,-8.64,--,--,1,Testi+22,J162659.0-243557,3190,0.261,-2.092,0.193,-8.555,0.23,-8.63,0.19,-8.56,0.193,-8.555,<,139.4
rOph,J162703.0-242615,J16270300-2426146,27:03.0,-24:26:15.000,--,--,--,--,139,--,F,1,"[, ALMA]","[, 225.4]","[, 1.33]","[, 0.28x0.19]","[, 0.15]","[, C-W+2019]","[, 21.73]","[, 0.26]","[, 21.73]","[, 12.62]",12.62,"[, ]","[, ]",--,--,#VALUE!,,,,,,F,,J162703.0-242615,--,--,--,,--,--,--,--,--,--,,,J162703.0-242615,-99,-99,-99,-99,--,-99,--,-99,-99,-99,-99,--,-99
rOph,J162703.6-242005,J16270359-2420054,27:03.6,-24:20:05.000,--,--,--,--,139,--,F,1,"[, ALMA]","[, 225.4]","[, 1.33]","[, 0.28x0.19]","[, 0.15]","[, C-W+2019]","[, 35.49]","[, 0.22]","[, 35.49]","[, 20.61]",20.61,"[, ]","[, ]",--,--,#VALUE!,,,,,,F,,J162703.6-242005,--,--,--,,--,--,--,--,--,--,,,J162703.6-242005,-99,-99,-99,-99,--,-99,--,-99,-99,-99,-99,--,-99
rOph,J162704.1-242830,J16270410-2428299,27:04.1,-24:28:30.000,--,--,--,--,139,--,F,1,"[, ALMA]","[, 225.4]","[, 1.33]","[, 0.28x0.19]","[, 0.15]","[, C-W+2019]","[, 14.30]","[, 0.23]","[, 14.30]","[, 8.30]",8.3,"[, ]","[, ]",--,--,#VALUE!,,,,,,F,,J162704.1-242830,--,--,--,,--,--,--,--,--,--,,,J162704.1-242830,-99,-99,-99,-99,--,-99,--,-99,-99,-99,-99,--,-99
rOph,J162704.6-242716,J16270457-2427156,27:04.6,-24:27:16.000,--,--,--,--,139,--,F,1,"[, ALMA]","[, 225.4]","[, 1.33]","[, 0.28x0.19]","[, 0.15]","[, C-W+2019]","[, -0.03]","[, 0.15]","[, <0.45]","[, <0.26]",<0.26,"[, ]","[, ]",--,--,#VALUE!,,,,,,F,,J162704.6-242716,--,--,--,,--,--,--,--,--,--,,,J162704.6-242716,-99,-99,-99,-99,--,-99,--,-99,-99,-99,-99,--,-99
rOph,J162705.2-243630,J16270524-2436297,27:05.2,-24:36:30.000,--,--,--,--,139,--,I,0,"[, ALMA]","[, 225.4]","[, 1.33]","[, 0.28x0.19]","[, 0.15]","[, C-W+2019]","[, 54.85]","[, 0.54]","[, 54.85]","[, 31.85]",31.85,"[, ]","[, ]",--,--,#VALUE!,,,,,,I,,J162705.2-243630,--,--,--,,--,--,--,--,--,--,,,J162705.2-243630,-99,-99,-99,-99,--,-99,--,-99,-99,-99,-99,--,-99
rOph,J162705.7-244013,J16270567-2440130,27:05.7,-24:40:13.000,--,--,--,--,139,--,II,1,"[, ALMA]","[, 225.4]","[, 1.33]","[, 0.98x0.74]","[, ??]","[, C-W+2019]","[, 0.21]","[, 0.11]","[, <0.33]","[, <0.19]",<0.19,"[, ]","[, ]",--,--,#VALUE!,,,,,,II,,J162705.7-244013,--,--,--,,--,--,--,--,--,--,,,J162705.7-244013,-99,-99,-99,-99,--,-99,--,-99,-99,-99,-99,--,-99
rOph,J162706.0-242618,J16270597-2426185,27:06.0,-24:26:18.000,--,--,--,--,139,--,II,1,"[, ALMA]","[, 225.4]","[, 1.33]","[, 0.98x0.74]","[, ??]","[, C-W+2019]","[, -0.03]","[, 0.12]","[, <0.36]","[, <0.21]",<0.21,"[, ]","[, ]",--,--,#VALUE!,,,,,,II,,J162706.0-242618,--,--,--,,--,--,--,--,--,--,,,J162706.0-242618,-99,-99,-99,-99,--,-99,--,-99,-99,-99,-99,--,-99
rOph,J162706.0-242836,J16270597-2428363,27:06.0,-24:28:36.000,--,--,--,--,139,--,II,1,"[, ALMA]","[, 225.4]","[, 1.33]","[, 0.98x0.74]","[, ??]","[, C-W+2019]","[, 0.16]","[, 0.12]","[, <0.36]","[, <0.21]",<0.21,"[, ]","[, ]",--,--,#VALUE!,,,,,,II,,J162706.0-242836,139.4,M4.5,3197,,0.039810717,-99,0.18,-99,--,--,-99,Testi+22,J162706.0-242836,3085,0.039,-99,0.137,-105.6,0.1299,-105.6,0.12,-105.62,0.137,-105.6,--,139.4
rOph,J162706.6-244149,J16270659-2441488,27:06.6,-24:41:49.000,7.0633,0.115,141.58,1.058,141.58,"[-5.706, -25.830]",II,1,"[, ALMA]","[, 225.4]","[, 1.33]","[, 0.98x0.74]","[, ??]","[, C-W+2019]","[, 1.81]","[, 0.13]","[, 1.81]","[, 1.09]",1.09,"[, ]","[, ]",--,--,#VALUE!,,,,,,II,,J162706.6-244149,142.12,M5.5,3060,,0.087096359,-2.37,0.14,-8.91,--,--,0,Testi+22,J162706.6-244149,2920,0.086,-2.373,0.114,-8.773,0.1,-8.713,0.1,-8.7,0.114,-8.773,--,141.58
rOph,J162706.8-243815,J16270677-2438149,27:06.8,-24:38:15.000,--,--,--,--,139,--,I,0,"[, ALMA]","[, 225.4]","[, 1.33]","[, 0.28x0.19]","[, 0.15]","[, C-W+2019]","[, 22.19]","[, 0.37]","[, 22.19]","[, 12.88]",12.88,"[, ]","[, ]",--,--,#VALUE!,,,,,,I,,J162706.8-243815,--,--,--,,--,--,--,--,--,--,,,J162706.8-243815,-99,-99,-99,-99,--,-99,--,-99,-99,-99,-99,--,-99
rOph,J162709.1-241201,J16270907-2412007,27:09.1,-24:12:01.000,6.9613,0.1677,143.65,0.975,143.65,"[-6.997, -23.684]",II,1,"[, ALMA]","[, 225.4]","[, 1.33]","[, 0.28x0.19]","[, 0.15]","[, C-W+2019]","[, 3.62]","[, 0.12]","[, 3.62]","[, 2.24]",2.24,"[, ]","[, ]",--,--,#VALUE!,,,,,,II,,J162709.1-241201,141.27,M2.5,3488,,0.190546072,-2.44,0.34,-9.3,--,--,1,Testi+22,J162709.1-241201,3485,0.197,-2.425,0.334,-9.264,0.3449,-9.277,0.36,-9.29,0.334,-9.264,<,143.65
rOph,J162709.1-243408,J16270910-2434081,27:09.1,-24:34:08.000,7.4296,0.4017,134.6,1.117,134.6,"[-7.150, -26.495]",II,1,"[, ALMA]","[, 225.4]","[, 1.33]","[, 0.28x0.19]","[, 0.15]","[, C-W+2019]","[, 40.73]","[, 0.47]","[, 40.73]","[, 22.18]",22.18,"[, ]","[, ]",--,--,#VALUE!,,,,,,II,,J162709.1-243408,130.7,K7,4060,,1.445439771,-1.27,0.67,-8.14,--,--,0,Testi+22,J162709.1-243408,4020,1.532,-1.244,0.638,-8.042,0.71,-8.088,0.55,-7.98,0.55,-7.98,--,134.6
rOph,J162709.3-244022,J16270935-2440224,27:09.3,-24:40:22.000,--,--,--,--,139,--,F,1,"[, ALMA]","[, 225.4]","[, 1.33]","[, 0.28x0.19]","[, 0.15]","[, C-W+2019]","[, 9.50]","[, 0.15]","[, 9.50]","[, 5.52]",5.52,"[, ]","[, ]",--,--,#VALUE!,,,,,,F,,J162709.3-244022,--,--,--,,--,--,--,--,--,--,,,J162709.3-244022,-99,-99,-99,-99,--,-99,--,-99,-99,-99,-99,--,-99
rOph,J162711.2-244047,J16271117-2440466,27:11.2,-24:40:47.000,--,--,--,--,139,--,F,1,"[, ALMA]","[, 225.4]","[, 1.33]","[, 0.28x0.19]","[, 0.15]","[, C-W+2019]","[, 38.29]","[, 0.18]","[, 38.29]","[, 22.23]",22.23,"[, ]","[, ]",--,--,#VALUE!,,,,,,F,,J162711.2-244047,--,--,--,,--,--,--,--,--,--,,,J162711.2-244047,-99,-99,-99,-99,--,-99,--,-99,-99,-99,-99,--,-99
rOph,J162711.7-243832,J16271171-2438320,27:11.7,-24:38:32.000,--,--,--,--,139,--,F,1,"[, ALMA]","[, 225.4]","[, 1.33]","[, 0.28x0.19]","[, 0.15]","[, C-W+2019]","[, 1.74]","[, 0.16]","[, 1.74]","[, 1.01]",1.01,"[, ]","[, ]",--,--,#VALUE!,,,,,,F,,J162711.7-243832,--,--,--,,--,--,--,--,--,--,,,J162711.7-243832,-99,-99,-99,-99,--,-99,--,-99,-99,-99,-99,--,-99
rOph,J162712.1-243449,J16271213-2434491,27:12.1,-24:34:49.000,--,--,--,--,139,--,II,1,"[, ALMA]","[, 225.4]","[, 1.33]","[, 0.98x0.74]","[, ??]","[, C-W+2019]","[, 0.53]","[, 0.10]","[, 0.53]","[, 0.31]",0.31,"[, ]","[, ]",--,--,#VALUE!,,,,,,II,,J162712.1-243449,139.4,M2,3560,,0.107151931,-2.09,0.43,-9.21,--,--,0,Testi+22,J162712.1-243449,3560,0.106,-2.092,0.432,-9.195,0.355,-9.109,0.43,-9.2,0.432,-9.195,--,139.4
rOph,J162713.3-244133,J16271326-2441337,27:13.3,-24:41:33.000,--,--,--,--,139,--,III,0,"[, ALMA]","[, 225.4]","[, 1.33]","[, 0.98x0.74]","[, ??]","[, C-W+2019]","[, 0.19]","[, 0.12]","[, <0.36]","[, <0.21]",<0.21,"[, ]","[, ]",--,--,#VALUE!,,,,,,III,,J162713.3-244133,--,--,--,,--,--,--,--,--,--,,,J162713.3-244133,-99,-99,-99,-99,--,-99,--,-99,-99,-99,-99,--,-99
rOph,J162713.7-241817,J16271372-2418168,27:13.7,-24:18:17.000,7.2888,0.2049,137.2,1.051,137.2,"[-7.272, -27.348]",II,1,"[, ALMA]","[, 225.4]","[, 1.33]","[, 0.28x0.19]","[, 0.15]","[, C-W+2019]","[, 6.18]","[, 0.18]","[, 6.18]","[, 3.50]",3.5,"[, ]","[, ]",--,--,#VALUE!,,,,,,II,,J162713.7-241817,136.59,M0,3850,,0.72443596,-1.82,0.53,-8.68,--,--,1,Testi+22,J162713.7-241817,3900,0.73,-1.816,0.57,-8.699,0.615,-8.732,0.53,-8.67,0.57,-8.699,<,137.2
rOph,J162713.8-244332,J16271382-2443316,27:13.8,-24:43:32.000,7.1056,0.3615,140.73,1.065,140.73,"[-6.466, -24.171]",II,1,"[, ALMA]","[, 225.4]","[, 1.33]","[, 0.28x0.19]","[, 0.15]","[, C-W+2019]","[, 22.02]","[, 0.36]","[, 22.02]","[, 13.11]",13.11,"[, ]","[, ]",--,--,#VALUE!,,,,,,II,,J162713.8-244332,145.45,M3,3415,,0.389045145,-1.61,0.29,-8.23,--,--,0,Testi+22,J162713.8-244332,3410,0.364,-1.638,0.285,-8.255,0.3174,-8.302,0.3,-8.27,0.285,-8.255,--,140.73
rOph,J162714.5-242646,J16271450-2426460,27:14.5,-24:26:46.000,--,--,--,--,139,--,F,1,"[, ALMA]","[, 225.4]","[, 1.33]","[, 0.28x0.19]","[, 0.15]","[, C-W+2019]","[, 5.63]","[, 0.27]","[, 5.63]","[, 3.27]",3.27,"[, ]","[, ]",--,--,#VALUE!,,,,,,F,,J162714.5-242646,--,--,--,,--,--,--,--,--,--,,,J162714.5-242646,-99,-99,-99,-99,--,-99,--,-99,-99,-99,-99,--,-99
rOph,J162715.1-245139,J16271513-2451388,27:15.1,-24:51:39.000,7.3456,0.0235,136.14,1.139,136.14,"[-6.145, -28.184]",II,1,"[, ALMA]","[, 225.4]","[, 1.33]","[, 0.28x0.19]","[, 0.15]","[, C-W+2019]","[, -0.24]","[, 0.14]","[, <0.42]","[, <0.23]",<0.23,"[, ]","[, ]",--,--,#VALUE!,,,,,,II,,J162715.1-245139,138.18,M2,3560,,0.239883292,-99,0.38,-99,--,--,-99,Testi+22,J162715.1-245139,3560,0.232,-99.01,0.378,-105.8,0.3824,-105.8,0.4,-105.91,0.378,-105.8,--,136.14
rOph,J162715.4-242640,J16271545-2426398,27:15.4,-24:26:40.000,--,--,--,--,139,--,F,1,"[, ALMA]","[, 225.4]","[, 1.33]","[, 0.28x0.19]","[, 0.15]","[, C-W+2019]","[, 7.28]","[, 0.14]","[, 7.28]","[, 4.23]",4.23,"[, ]","[, ]",--,--,#VALUE!,,,,,,F,,J162715.4-242640,--,--,--,,--,--,--,--,--,--,,,J162715.4-242640,-99,-99,-99,-99,--,-99,--,-99,-99,-99,-99,--,-99
rOph,J162715.4-242640 b,J16271545-2426398,27:15.4,-24:26:40.000,--,--,--,--,139,--,b,0,"[, ALMA]","[, 225.4]","[, 1.33]","[, 0.28x0.19]","[, 0.15]","[, C-W+2019]","[, 4.08]","[, 0.30]","[, 4.08]","[, 2.37]",2.37,"[, ]","[, ]",--,--,#VALUE!,,,,,,b,,J162715.4-242640,--,--,--,,--,--,--,--,--,--,,,J162715.4-242640 b,-99,-99,-99,-99,--,-99,--,-99,-99,-99,-99,--,-99
rOph,J162715.5-243054,J16271551-2430536,27:15.5,-24:30:54.000,--,--,--,--,139,--,F,1,"[, ALMA]","[, 225.4]","[, 1.33]","[, 0.28x0.19]","[, 0.15]","[, C-W+2019]","[, -0.10]","[, 0.15]","[, <0.45]","[, <0.26]",<0.26,"[, ]","[, ]",--,--,#VALUE!,,,,,,F,,J162715.5-243054,--,--,--,,--,--,--,--,--,--,,,J162715.5-243054,-99,-99,-99,-99,--,-99,--,-99,-99,-99,-99,--,-99
rOph,J162715.9-242514,J16271588-2425141,27:15.9,-24:25:14.000,--,--,--,--,139,--,F,1,"[, ALMA]","[, 225.4]","[, 1.33]","[, 0.28x0.19]","[, 0.15]","[, C-W+2019]","[, 4.25]","[, 0.13]","[, 4.25]","[, 2.47]",2.47,"[, ]","[, ]",--,--,#VALUE!,,,,,,F,,J162715.9-242514,--,--,--,,--,--,--,--,--,--,,,J162715.9-242514,-99,-99,-99,-99,--,-99,--,-99,-99,-99,-99,--,-99
rOph,J162716.4-243114,J16271643-2431145,27:16.4,-24:31:14.000,--,--,--,--,139,--,I,0,"[, ALMA]","[, 225.4]","[, 1.33]","[, 0.28x0.19]","[, 0.15]","[, C-W+2019]","[, 19.54]","[, 0.12]","[, 19.54]","[, 11.35]",11.35,"[, ]","[, ]",--,--,#VALUE!,,,,,,I,,J162716.4-243114,--,--,--,,--,--,--,--,--,--,,,J162716.4-243114,-99,-99,-99,-99,--,-99,--,-99,-99,-99,-99,--,-99
rOph,J162717.6-240514,J16271758-2405136,27:17.6,-24:05:14.000,7.2435,0.0964,138.05,0.969,138.05,"[-7.091, -26.674]",II,1,"[, ALMA]","[, 225.4]","[, 1.33]","[, 0.98x0.74]","[, ??]","[, C-W+2019]","[, 10.50]","[, 0.12]","[, 10.50]","[, 6.01]",6.01,"[, ]","[, ]",--,--,#VALUE!,,,,,,II,,J162717.6-240514,136.58,M1,3705,,0.083176377,-1.37,0.58,-8.68,--,--,0,Testi+22,J162717.6-240514,3720,0.084,-1.36,0.59,-8.685,0.4499,-8.567,0.58,-8.68,0.59,-8.685,--,138.05
rOph,J162717.6-242856,J16271757-2428562,27:17.6,-24:28:56.000,--,--,--,--,139,--,I,0,"[, ALMA]","[, 225.4]","[, 1.33]","[, 0.28x0.19]","[, 0.15]","[, C-W+2019]","[, 12.25]","[, 0.12]","[, 12.25]","[, 7.11]",7.11,"[, ]","[, ]",--,--,#VALUE!,,,,,,I,,J162717.6-242856,--,--,--,,--,--,--,--,--,--,,,J162717.6-242856,-99,-99,-99,-99,--,-99,--,-99,-99,-99,-99,--,-99
rOph,J162717.6-242856 b,J16271757-2428562,27:17.6,-24:28:56.000,--,--,--,--,139,--,b,0,"[, ALMA]","[, 225.4]","[, 1.33]","[, 0.28x0.19]","[, 0.15]","[, C-W+2019]","[, 1.30]","[, 0.15]","[, 1.30]","[, 0.75]",0.75,"[, ]","[, ]",--,--,#VALUE!,,,,,,b,,J162717.6-242856,--,--,--,,--,--,--,--,--,--,,,J162717.6-242856 b,-99,-99,-99,-99,--,-99,--,-99,-99,-99,-99,--,-99
rOph,J162717.6-242856 c,J16271757-2428562,27:17.6,-24:28:56.000,--,--,--,--,139,--,c,0,"[, ALMA]","[, 225.4]","[, 1.33]","[, 0.28x0.19]","[, 0.15]","[, C-W+2019]","[, 1.86]","[, 0.25]","[, 1.86]","[, 1.08]",1.08,"[, ]","[, ]",--,--,#VALUE!,,,,,,c,,J162717.6-242856,--,--,--,,--,--,--,--,--,--,,,J162717.6-242856 c,-99,-99,-99,-99,--,-99,--,-99,-99,-99,-99,--,-99
rOph,J162718.4-243915,J16271838-2439146,27:18.4,-24:39:15.000,--,--,--,--,139,--,I,0,"[, ALMA]","[, 225.4]","[, 1.33]","[, 0.28x0.19]","[, 0.15]","[, C-W+2019]","[, 29.03]","[, 0.21]","[, 29.03]","[, 16.86]",16.86,"[, ]","[, ]",--,--,#VALUE!,,,,,,I,,J162718.4-243915,--,--,--,,--,--,--,--,--,--,,,J162718.4-243915,-99,-99,-99,-99,--,-99,--,-99,-99,-99,-99,--,-99
rOph,J162718.5-242906,J16271848-2429059,27:18.5,-24:29:06.000,--,--,--,--,139,--,II,1,"[, ALMA]","[, 225.4]","[, 1.33]","[, 0.28x0.19]","[, 0.15]","[, C-W+2019]","[, 1.45]","[, 0.34]","[, 1.45]","[, 0.84]",0.84,"[, ]","[, ]",--,--,#VALUE!,,,,,,II,,J162718.5-242906,139.4,M1.5,3632,,1.071519305,-1.93,0.47,-8.51,--,--,1,Testi+22,J162718.5-242906,3640,1.065,-1.932,nan,nan,0.425,-8.546,0.35,-8.46,0.35,-8.46,<,139.4
rOph,J162719.2-242844,J16271921-2428438,27:19.2,-24:28:44.000,--,--,--,--,139,--,F,1,"[, ALMA]","[, 225.4]","[, 1.33]","[, 0.28x0.19]","[, 0.15]","[, C-W+2019]","[, 23.82]","[, 0.17]","[, 23.82]","[, 13.83]",13.83,"[, ]","[, ]",--,--,#VALUE!,,,,,,F,,J162719.2-242844,--,--,--,,--,--,--,--,--,--,,,J162719.2-242844,-99,-99,-99,-99,--,-99,--,-99,-99,-99,-99,--,-99
rOph,J162721.5-244143,J16272146-2441430,27:21.5,-24:41:43.000,--,--,--,--,139,--,F,1,"[, ALMA]","[, 225.4]","[, 1.33]","[, 0.28x0.19]","[, 0.15]","[, C-W+2019]","[, 14.34]","[, 0.12]","[, 14.34]","[, 8.33]",8.33,"[, ]","[, ]",--,--,#VALUE!,,,,,,F,,J162721.5-244143,--,--,--,,--,--,--,--,--,--,,,J162721.5-244143,-99,-99,-99,-99,--,-99,--,-99,-99,-99,-99,--,-99
rOph,J162721.8-242728,J16272183-2427275,27:21.8,-24:27:28.000,--,--,--,--,139,--,I,0,"[, ALMA]","[, 225.4]","[, 1.33]","[, 0.28x0.19]","[, 0.15]","[, C-W+2019]","[, -0.09]","[, 0.18]","[, <0.54]","[, <0.31]",<0.31,"[, ]","[, ]",--,--,#VALUE!,,,,,,I,,J162721.8-242728,--,--,--,,--,--,--,--,--,--,,,J162721.8-242728,-99,-99,-99,-99,--,-99,--,-99,-99,-99,-99,--,-99
rOph,J162721.8-242953,J16272180-2429533,27:21.8,-24:29:53.000,--,--,--,--,139,--,I,0,"[, ALMA]","[, 225.4]","[, 1.33]","[, 0.28x0.19]","[, 0.15]","[, C-W+2019]","[, 5.40]","[, 0.39]","[, 5.40]","[, 3.14]",3.14,"[, ]","[, ]",--,--,#VALUE!,,,,,,I,,J162721.8-242953,--,--,--,,--,--,--,--,--,--,,,J162721.8-242953,-99,-99,-99,-99,--,-99,--,-99,-99,-99,-99,--,-99
rOph,J162723.0-244807,J16272297-2448071,27:23.0,-24:48:07.000,7.3402,0.0404,136.24,1.054,136.24,"[-7.408, -26.305]",II,1,"[, ALMA]","[, 225.4]","[, 1.33]","[, 0.28x0.19]","[, 0.15]","[, C-W+2019]","[, 0.20]","[, 0.17]","[, <0.51]","[, <0.28]",<0.28,"[, ]","[, ]",--,--,#VALUE!,,,,,,II,,J162723.0-244807,139.05,M4.25,3233,,0.331131122,-99,0.22,-99,--,--,-99,Testi+22,J162723.0-244807,3137,0.317,-99.01,0.214,-105.4,0.2199,-105.4,0.2,-105.44,0.214,-105.4,--,136.24
rOph,J162724.6-242935,J16272463-2429353,27:24.6,-24:29:35.000,--,--,--,--,139,--,II,1,"[, ALMA]","[, 225.4]","[, 1.33]","[, 0.98x0.74]","[, ??]","[, C-W+2019]","[, -0.08]","[, 0.10]","[, <0.30]","[, <0.17]",<0.17,"[, ]","[, ]",--,--,#VALUE!,,,,,,II,,J162724.6-242935,--,--,--,,--,--,--,--,--,--,,,J162724.6-242935,-99,-99,-99,-99,--,-99,--,-99,-99,-99,-99,--,-99
rOph,J162724.6-244103,J16272461-2441034,27:24.6,-24:41:03.000,--,--,--,--,139,--,I,0,"[, ALMA]","[, 225.4]","[, 1.33]","[, 0.28x0.19]","[, 0.15]","[, C-W+2019]","[, 4.64]","[, 0.12]","[, 4.64]","[, 2.69]",2.69,"[, ]","[, ]",--,--,#VALUE!,,,,,,I,,J162724.6-244103,--,--,--,,--,--,--,--,--,--,,,J162724.6-244103,-99,-99,-99,-99,--,-99,--,-99,-99,-99,-99,--,-99
rOph,J162726.2-241923,J16272622-2419229,27:26.2,-24:19:23.000,--,--,--,--,139,--,II,1,"[, ALMA]","[, 225.4]","[, 1.33]","[, 0.98x0.74]","[, ??]","[, C-W+2019]","[, 0.83]","[, 0.12]","[, 0.83]","[, 0.48]",0.48,"[, ]","[, ]",--,--,#VALUE!,,,,,,II,,J162726.2-241923,139.4,M6,2990,,0.031622777,-2.98,0.09,-9.53,--,--,1,Testi+22,J162726.2-241923,2860,0.031,-2.982,0.06,-9.307,nan,nan,nan,nan,0.06,-9.307,<,139.4
rOph,J162726.3-244246,J16272628-2442461,27:26.3,-24:42:46.000,--,--,--,--,139,--,F,1,"[, ALMA]","[, 225.4]","[, 1.33]","[, 0.28x0.19]","[, 0.15]","[, C-W+2019]","[, 2.47]","[, 0.13]","[, 2.47]","[, 1.43]",1.43,"[, ]","[, ]",--,--,#VALUE!,,,,,,F,,J162726.3-244246,--,--,--,,--,--,--,--,--,--,,,J162726.3-244246,-99,-99,-99,-99,--,-99,--,-99,-99,-99,-99,--,-99
rOph,J162726.6-242554,J16272658-2425543,27:26.6,-24:25:54.000,7.2849,0.106,137.27,1.036,137.27,"[-8.536, -26.136]",II,1,"[, ALMA]","[, 225.4]","[, 1.33]","[, 0.98x0.74]","[, ??]","[, C-W+2019]","[, 1.76]","[, 0.11]","[, 1.76]","[, 1.00]",1,"[, ]","[, ]",--,--,#VALUE!,,,,,,II,,J162726.6-242554,139.15,M8,2710,,0.018197009,-99,0.04,-99,--,--,-99,Testi+22,J162726.6-242554,2670,0.017,-99.01,0.033,-105.1,nan,nan,nan,nan,0.033,-105.1,--,137.27
rOph,J162727.4-243117,J16272738-2431165,27:27.4,-24:31:17.000,5.7474,0.5701,173.99,1.344,173.99,"[-6.876, -28.877]",II,1,"[, ALMA]","[, 225.4]","[, 1.33]","[, 0.28x0.19]","[, 0.15]","[, C-W+2019]","[, -0.05]","[, 0.16]","[, <0.48]","[, <0.44]",<0.44,"[, ]","[, ]",--,--,#VALUE!,,,,,,II,,J162727.4-243117,139.4,M3,3415,,0.660693448,-2.09,0.32,-8.6,--,--,1,Testi+22,J162727.4-243117,3410,1.029,-1.897,nan,nan,0.32,-8.339,nan,nan,0.32,-8.339,<,173.99
rOph,J162728.4-242721,J16272844-2427210,27:28.4,-24:27:21.000,--,--,--,--,139,--,F,1,"[, ALMA]","[, 225.4]","[, 1.33]","[, 0.28x0.19]","[, 0.15]","[, C-W+2019]","[, 1.84]","[, 0.19]","[, 1.84]","[, 1.07]",1.07,"[, ]","[, ]",--,--,#VALUE!,,,,,,F,,J162728.4-242721,139.4,K7,4060,,1.407620385,-1.215542828,0.68,-8.077787923,--,--,1,Testi+22,J162728.4-242721,4020,1.399,-1.218,0.631,-8.031,0.6949,-8.072,0.55,-7.98,0.55,-7.98,<,139.4
rOph,J162729.9-243336,J16272996-2433365,27:29.9,-24:33:36.000,--,--,--,--,139,--,III,0,"[, ALMA]","[, 225.4]","[, 1.33]","[, 0.98x0.74]","[, ??]","[, C-W+2019]","[, -0.21]","[, 0.12]","[, <0.36]","[, <0.21]",<0.21,"[, ]","[, ]",--,--,#VALUE!,,,,,,III,,J162729.9-243336,--,--,--,,--,--,--,--,--,--,,,J162729.9-243336,-99,-99,-99,-99,--,-99,--,-99,-99,-99,-99,--,-99
rOph,J162730.2-242743,J16273018-2427433,27:30.2,-24:27:43.000,--,--,--,--,139,--,F,1,"[, ALMA]","[, 225.4]","[, 1.33]","[, 0.28x0.19]","[, 0.15]","[, C-W+2019]","[, 5.99]","[, 0.38]","[, 5.99]","[, 3.48]",3.48,"[, ]","[, ]",--,--,#VALUE!,,,,,,F,,J162730.2-242743,139.4,K8,3989,,3.545674638,-1.323828517,0.6,-7.915732413,--,--,1,Testi+22,J162730.2-242743,3900,3.525,-1.326,nan,nan,0.5975,-7.888,nan,nan,0.5975,-7.888,<,139.4
rOph,J162730.8-242456,J16273084-2424560,27:30.8,-24:24:56.000,7.0478,0.1815,141.89,1.046,141.89,"[-5.853, -27.005]",F,1,"[, ALMA]","[, 225.4]","[, 1.33]","[, 0.28x0.19]","[, 0.15]","[, C-W+2019]","[, 2.02]","[, 0.15]","[, 2.02]","[, 1.22]",1.22,"[, ]","[, ]",--,--,#VALUE!,,,,,,F,,J162730.8-242456,140.94,M3.25,3378,,0.300682764,-2.460591444,0.29,-9.128222002,--,--,1,Testi+22,J162730.8-242456,3355,0.304,-2.454,0.263,-9.061,0.2975,-9.115,0.27,-9.07,0.263,-9.061,<,141.89
rOph,J162730.9-242733,J16273091-2427331,27:30.9,-24:27:33.000,--,--,--,--,139,--,I,0,"[, ALMA]","[, 225.4]","[, 1.33]","[, 0.28x0.19]","[, 0.15]","[, C-W+2019]","[, -0.05]","[, 0.14]","[, <0.42]","[, <0.24]",<0.24,"[, ]","[, ]",--,--,#VALUE!,,,,,,I,,J162730.9-242733,--,--,--,,--,--,--,--,--,--,,,J162730.9-242733,-99,-99,-99,-99,--,-99,--,-99,-99,-99,-99,--,-99
rOph,J162732.1-242943,J16273213-2429435,27:32.1,-24:29:43.000,--,--,--,--,139,--,F,1,"[, ALMA]","[, 225.4]","[, 1.33]","[, 0.28x0.19]","[, 0.15]","[, C-W+2019]","[, 4.44]","[, 1.13]","[, 4.44]","[, 2.58]",2.58,"[, ]","[, ]",--,--,#VALUE!,,,,,,F,,J162732.1-242943,139.4,M6,2990,,0.195868929,-99,0.15,-99,--,--,-99,Testi+22,J162732.1-242943,2860,0.194,-99,nan,nan,0.115,-105.2,nan,nan,0.115,-105.2,--,139.4
rOph,J162732.6-243323,J16273267-2433239,27:32.6,-24:33:23.000,--,--,--,--,139,--,II,1,"[, ALMA]","[, 225.4]","[, 1.33]","[, 0.98x0.74]","[, ??]","[, C-W+2019]","[, -0.31]","[, 0.12]","[, <0.36]","[, <0.21]",<0.21,"[, ]","[, ]",--,--,#VALUE!,,,,,,II,,J162732.6-243323,139.4,M2,3560,,0.229086765,-1.99,0.38,-8.88,--,--,1,Testi+22,J162732.6-243323,3560,0.227,-1.992,0.385,-8.88,0.375,-8.868,0.4,-8.9,0.385,-8.88,<,139.4
rOph,J162732.7-244500,J16273272-2445004,27:32.7,-24:45:00.000,--,--,--,--,139,--,II,1,"[, ALMA]","[, 225.4]","[, 1.33]","[, 0.98x0.74]","[, ??]","[, C-W+2019]","[, -0.14]","[, 0.12]","[, <0.36]","[, <0.21]",<0.21,"[, ]","[, ]",--,--,#VALUE!,,,,,,II,,J162732.7-244500,--,--,--,,--,--,--,--,--,--,,,J162732.7-244500,-99,-99,-99,-99,--,-99,--,-99,-99,-99,-99,--,-99
rOph,J162732.8-243235,J16273285-2432348,27:32.8,-24:32:35.000,--,--,--,--,139,--,II,1,"[, ALMA]","[, 225.4]","[, 1.33]","[, 0.98x0.74]","[, ??]","[, C-W+2019]","[, -0.31]","[, 0.12]","[, <0.36]","[, <0.21]",<0.21,"[, ]","[, ]",--,--,#VALUE!,,,,,,II,,J162732.8-243235,139.4,M3,3415,,0.489778819,-1.95,0.29,-8.52,--,--,1,Testi+22,J162732.8-243235,3410,0.486,-1.952,0.281,-8.501,0.3225,-8.56,0.28,-8.5,0.281,-8.501,<,139.4
rOph,J162733.1-244115,J16273311-2441152,27:33.1,-24:41:15.000,7.3235,0.1509,136.55,1.219,136.55,"[-8.723, -25.805]",II,1,"[, ALMA]","[, 225.4]","[, 1.33]","[, 0.28x0.19]","[, 0.15]","[, C-W+2019]","[, 27.30]","[, 0.27]","[, 27.30]","[, 15.30]",15.3,"[, ]","[, ]",--,--,#VALUE!,,,,,,II,,J162733.1-244115,137.85,K5.5,4276,,3.89045145,-0.4,1.14,-7.26,--,--,0,Testi+22,J162733.1-244115,4162,3.817,-0.408,nan,nan,0.875,-7.175,nan,nan,0.875,-7.175,--,136.55
rOph,J162736.2-240458,J16273615-2404576,27:36.2,-24:04:58.000,6.7906,0.4425,147.26,1.06,147.26,"[-8.124, -24.809]",II,1,"[, ALMA]","[, 225.4]","[, 1.33]","[, 0.98x0.74]","[, ??]","[, C-W+2019]","[, 0.48]","[, 0.11]","[, 0.48]","[, 0.31]",0.31,"[, ]","[, ]",--,--,#VALUE!,,,,,,II,,J162736.2-240458,139.4,M5.5,3060,,0.026915348,-99,0.12,-99,--,--,-99,Testi+22,J162736.2-240458,2920,0.03,-98.95,0.073,-105.3,nan,nan,0.09,-105.48,0.073,-105.3,--,147.26
rOph,J162736.7-235827,J16273664-2358269,27:36.7,-23:58:27.000,6.434,0.1507,155.42,1.022,155.42,"[-7.638, -22.247]",II,1,"[, ALMA]","[, 225.4]","[, 1.33]","[, 0.98x0.74]","[, ??]","[, C-W+2019]","[, 0.14]","[, 0.12]","[, <0.36]","[, <0.26]",<0.26,"[, ]","[, ]",--,--,#VALUE!,,,,,,II,,J162736.7-235827,--,--,--,,--,--,--,--,--,--,,,J162736.7-235827,-99,-99,-99,-99,--,-99,--,-99,-99,-99,-99,--,-99
rOph,J162737.2-244238,J16273724-2442380,27:37.2,-24:42:38.000,--,--,--,--,139,--,I,0,"[, ALMA]","[, 225.4]","[, 1.33]","[, 0.28x0.19]","[, 0.15]","[, C-W+2019]","[, 5.38]","[, 0.17]","[, 5.38]","[, 3.12]",3.12,"[, ]","[, ]",--,--,#VALUE!,,,,,,I,,J162737.2-244238,--,--,--,,--,--,--,--,--,--,,,J162737.2-244238,-99,-99,-99,-99,--,-99,--,-99,-99,-99,-99,--,-99
rOph,J162737.4-241755,J16273742-2417548,27:37.4,-24:17:55.000,7.2344,0.629,138.23,1.134,138.23,"[-5.091, -28.271]",II,1,"[, ALMA]","[, 225.4]","[, 1.33]","[, 0.98x0.74]","[, ??]","[, C-W+2019]","[, 2.87]","[, 0.11]","[, 2.87]","[, 1.65]",1.65,"[, ]","[, ]",--,--,#VALUE!,,,,,,II,,J162737.4-241755,139.4,M5.5,3060,,0.038904515,-2.5,0.13,-9.14,--,--,0,Testi+22,J162737.4-241755,2920,0.038,-2.507,0.076,-8.906,0.1,-9.024,0.09,-8.98,0.076,-8.906,--,138.23
rOph,J162738.3-235732,J16273832-2357324,27:38.3,-23:57:32.000,7.0866,0.0208,141.11,1.24,141.11,"[-6.222, -26.210]",II,1,"[, ALMA]","[, 225.4]","[, 1.33]","[, 0.28x0.19]","[, 0.15]","[, C-W+2019]","[, 5.25]","[, 0.13]","[, 5.25]","[, 3.14]",3.14,"[, ]","[, ]",--,--,#VALUE!,,,,,,II,,J162738.3-235732,140.52,K5,4350,,1.621810097,-99,0.98,-99,--,--,-99,Testi+22,J162738.3-235732,4210,1.635,-98.99,0.8,-105.9,0.9049,-105.9,0.69,-105.86,0.69,-105.86,--,141.11
rOph,J162738.3-243658,J16273832-2436585,27:38.3,-24:36:58.000,7.1705,0.1312,139.46,0.945,139.46,"[-6.268, -25.180]",II,1,"[, ALMA]","[, 225.4]","[, 1.33]","[, 0.28x0.19]","[, 0.15]","[, C-W+2019]","[, 25.37]","[, 0.15]","[, 25.37]","[, 14.83]",14.83,"[, ]","[, ]",--,--,#VALUE!,,,,,,II,,J162738.3-243658,134.58,K5.5,4350,,1.584893192,-1.18,0.98,-8.24,--,--,0,Testi+22,J162738.3-243658,4162,1.701,-1.149,0.757,-8.029,0.85,-8.079,0.65,-7.96,0.65,-7.96,--,139.46
rOph,J162738.6-243839,J16273863-2438391,27:38.6,-24:38:39.000,7.1591,0.39,139.68,1.101,139.68,"[-8.230, -25.674]",II,1,"[, ALMA]","[, 225.4]","[, 1.33]","[, 0.98x0.74]","[, ??]","[, C-W+2019]","[, 1.37]","[, 0.12]","[, 1.37]","[, 0.80]",0.8,"[, ]","[, ]",--,--,#VALUE!,,,,,,II,,J162738.6-243839,142.66,M7.5,2800,,0.074131024,-2.84,0.09,-9.09,--,--,0,Testi+22,J162738.6-243839,2720,0.071,-2.858,nan,nan,nan,nan,nan,nan,nan,nan,--,139.68
rOph,J162738.9-244020,J16273894-2440206,27:38.9,-24:40:20.000,--,--,--,--,139,--,I,0,"[, ALMA]","[, 225.4]","[, 1.33]","[, 0.28x0.19]","[, 0.15]","[, C-W+2019]","[, 39.50]","[, 0.19]","[, 39.50]","[, 22.94]",22.94,"[, ]","[, ]",--,--,#VALUE!,,,,,,I,,J162738.9-244020,139.4,M2.5,3487,,0.063481261,-1.796404867,0.4,-8.96890968,--,--,0,Testi+22,J162738.9-244020,3485,0.063,-1.798,0.391,-8.953,0.295,-8.83,0.37,-8.93,0.391,-8.953,--,139.4
rOph,J162739.0-235818,J16273901-2358187,27:39.0,-23:58:18.000,7.0646,0.0198,141.55,1.288,141.55,"[-6.669, -27.011]",II,1,"[, ALMA]","[, 225.4]","[, 1.33]","[, 0.28x0.19]","[, 0.15]","[, C-W+2019]","[, 33.64]","[, 0.47]","[, 33.64]","[, 20.26]",20.26,"[, ]","[, ]",--,0.21,29.7255,,,,,,II,,J162739.0-235818,139.92,K5,4350,,1.584893192,-99,0.98,-99,--,--,-99,Testi+22,J162739.0-235818,4210,1.622,-98.98,0.8,-105.9,0.8999,-105.9,0.69,-105.85,0.69,-105.85,--,141.55
rOph,J162739.4-243915,J16273942-2439155,27:39.4,-24:39:15.000,7.3925,0.0505,135.27,1.043,135.27,"[-6.195, -25.371]",II,1,"[, ALMA]","[, 225.4]","[, 1.33]","[, 0.28x0.19]","[, 0.15]","[, C-W+2019]","[, 66.58]","[, 0.61]","[, 66.58]","[, 36.61]",36.61,"[, ]","[, ]",--,0.42,56.8134,,,,,,II,,J162739.4-243915,137.02,M0,3850,,1.122018454,-1.1,0.5,-7.84,--,--,0,Testi+22,J162739.4-243915,3900,1.093,-1.111,0.551,-7.892,0.595,-7.925,0.49,-7.84,0.551,-7.892,--,135.27
rOph,J162739.8-244315,J16273982-2443150,27:39.8,-24:43:15.000,--,--,--,--,139,--,F,1,"[, ALMA]","[, 225.4]","[, 1.33]","[, 0.28x0.19]","[, 0.15]","[, C-W+2019]","[, 76.33]","[, 0.61]","[, 76.33]","[, 44.32]",44.32,"[, ]","[, ]",--,--,#VALUE!,,,,,,F,,J162739.8-244315,--,--,--,,--,--,--,--,--,--,,,J162739.8-244315,-99,-99,-99,-99,--,-99,--,-99,-99,-99,-99,--,-99
rOph,J162739.8-244315 b,J16273982-2443150,27:39.8,-24:43:15.000,--,--,--,--,139,--,b,0,"[, ALMA]","[, 225.4]","[, 1.33]","[, 0.28x0.19]","[, 0.15]","[, C-W+2019]","[, 6.65]","[, 0.28]","[, 6.65]","[, 3.86]",3.86,"[, ]","[, ]",--,--,#VALUE!,,,,,,b,,J162739.8-244315,--,--,--,,--,--,--,--,--,--,,,J162739.8-244315 b,-99,-99,-99,-99,--,-99,--,-99,-99,-99,-99,--,-99
rOph,J162740.1-242636,J16274010-2426365,27:40.1,-24:26:36.000,--,--,--,--,139,--,II,1,"[, ALMA]","[, 225.4]","[, 1.33]","[, 0.98x0.74]","[, ??]","[, C-W+2019]","[, -0.22]","[, 0.12]","[, <0.36]","[, <0.21]",<0.21,"[, ]","[, ]",--,--,#VALUE!,,,,,,II,,J162740.1-242636,--,--,--,,--,--,--,--,--,--,,,J162740.1-242636,-99,-99,-99,-99,--,-99,--,-99,-99,-99,-99,--,-99
rOph,J162740.3-242204 b,J16274028-2422040,27:40.3,-24:22:04.000,7.5792,0.0233,131.94,1.443,131.94,"[-8.565, -27.770]",b,0,"[, ALMA]","[, 225.4]","[, 1.33]","[, 0.28x0.19]","[, 0.15]","[, C-W+2019]","[, 1.80]","[, 0.23]","[, 1.80]","[, 0.94]",0.94,"[, ]","[, ]",--,--,#VALUE!,,,,,,b,,J162740.3-242204,--,--,--,,--,--,--,--,--,--,,,J162740.3-242204 b,-99,-99,-99,-99,--,-99,--,-99,-99,-99,-99,--,-99
rOph,J162740.3-242204,J16274028-2422040,27:40.3,-24:22:04.000,7.5792,0.0233,131.94,1.443,131.94,"[-8.565, -27.770]",II,1,"[, ALMA]","[, 225.4]","[, 1.33]","[, 0.28x0.19]","[, 0.15]","[, C-W+2019]","[, 6.28]","[, 0.61]","[, 6.28]","[, 3.29]",3.29,"[, ]","[, ]",--,--,#VALUE!,,,,,,II,,J162740.3-242204,--,--,--,,--,--,--,--,--,--,,,J162740.3-242204,-99,-99,-99,-99,--,-99,--,-99,-99,-99,-99,--,-99
rOph,J162741.5-243538,J16274149-2435376,27:41.5,-24:35:38.000,--,--,--,--,139,--,III,0,"[, ALMA]","[, 225.4]","[, 1.33]","[, 0.98x0.74]","[, ??]","[, C-W+2019]","[, -0.17]","[, 0.11]","[, <0.33]","[, <0.19]",<0.19,"[, ]","[, ]",--,--,#VALUE!,,,,,,III,,J162741.5-243538,--,--,--,,--,--,--,--,--,--,,,J162741.5-243538,-99,-99,-99,-99,--,-99,--,-99,-99,-99,-99,--,-99
rOph,J162741.6-244645,J16274161-2446447,27:41.6,-24:46:45.000,--,--,--,--,139,--,I,0,"[, ALMA]","[, 225.4]","[, 1.33]","[, 0.28x0.19]","[, 0.15]","[, C-W+2019]","[, 13.83]","[, 0.19]","[, 13.83]","[, 8.03]",8.03,"[, ]","[, ]",--,--,#VALUE!,,,,,,I,,J162741.6-244645,--,--,--,,--,--,--,--,--,--,,,J162741.6-244645,-99,-99,-99,-99,--,-99,--,-99,-99,-99,-99,--,-99
rOph,J162741.7-244336,J16274175-2443360,27:41.7,-24:43:36.000,--,--,--,--,139,--,F,1,"[, ALMA]","[, 225.4]","[, 1.33]","[, 0.28x0.19]","[, 0.15]","[, C-W+2019]","[, 3.53]","[, 0.29]","[, 3.53]","[, 2.05]",2.05,"[, ]","[, ]",--,--,#VALUE!,,,,,,F,,J162741.7-244336,--,--,--,,--,--,--,--,--,--,,,J162741.7-244336,-99,-99,-99,-99,--,-99,--,-99,-99,-99,-99,--,-99
rOph,J162741.8-244235,J16274178-2442346,27:41.8,-24:42:35.000,--,--,--,--,139,--,F,1,"[, ALMA]","[, 225.4]","[, 1.33]","[, 0.28x0.19]","[, 0.15]","[, C-W+2019]","[, -0.13]","[, 0.15]","[, <0.45]","[, <0.26]",<0.26,"[, ]","[, ]",--,--,#VALUE!,,,,,,F,,J162741.8-244235,--,--,--,,--,--,--,--,--,--,,,J162741.8-244235,-99,-99,-99,-99,--,-99,--,-99,-99,-99,-99,--,-99
rOph,J162742.7-243851,J16274270-2438506,27:42.7,-24:38:51.000,6.9512,0.3688,143.86,1.082,143.86,"[-5.964, -27.662]",II,1,"[, ALMA]","[, 225.4]","[, 1.33]","[, 0.98x0.74]","[, ??]","[, C-W+2019]","[, 0.31]","[, 0.12]","[, <0.36]","[, <0.22]",<0.22,"[, ]","[, ]",--,--,#VALUE!,,,,,,II,,J162742.7-243851,151.51,M3,3415,,0.234422882,-2.27,0.29,-9,--,--,1,Testi+22,J162742.7-243851,3410,0.211,-2.315,0.292,-9.061,0.3125,-9.09,0.31,-9.09,0.292,-9.061,<,143.86
rOph,J162743.8-244308,J16274378-2443080,27:43.8,-24:43:08.000,--,--,--,--,139,--,III,0,"[, ALMA]","[, 225.4]","[, 1.33]","[, 0.98x0.74]","[, ??]","[, C-W+2019]","[, -0.19]","[, 0.12]","[, <0.36]","[, <0.21]",<0.21,"[, ]","[, ]",--,--,#VALUE!,,,,,,III,,J162743.8-244308,--,--,--,,--,--,--,--,--,--,,,J162743.8-244308,-99,-99,-99,-99,--,-99,--,-99,-99,-99,-99,--,-99
rOph,J162745.0-240628,J16274499-2406284,27:45.0,-24:06:28.000,7.3191,0.2162,136.63,0.959,136.63,"[-6.248, -28.357]",II,1,"[, ALMA]","[, 225.4]","[, 1.33]","[, 0.98x0.74]","[, ??]","[, C-W+2019]","[, 2.54]","[, 0.13]","[, 2.54]","[, 1.43]",1.43,"[, ]","[, ]",--,--,#VALUE!,,,,,,II,,J162745.0-240628,138.83,M3,3415,,0.079432823,-99,0.33,-99,--,--,-99,Testi+22,J162745.0-240628,3410,0.076,-99.01,0.33,-106,0.275,-105.9,0.31,-106.01,0.33,-106,--,136.63
rOph,J162745.8-244454,J16274578-2444538,27:45.8,-24:44:54.000,--,--,--,--,139,--,I,0,"[, ALMA]","[, 225.4]","[, 1.33]","[, 0.28x0.19]","[, 0.15]","[, C-W+2019]","[, -0.13]","[, 0.12]","[, <0.36]","[, <0.21]",<0.21,"[, ]","[, ]",--,--,#VALUE!,,,,,,I,,J162745.8-244454,--,--,--,,--,--,--,--,--,--,,,J162745.8-244454,-99,-99,-99,-99,--,-99,--,-99,-99,-99,-99,--,-99
rOph,J162746.3-243141,J16274629-2431411,27:46.3,-24:31:41.000,6.9161,0.5386,144.59,1.134,144.59,"[-8.798, -26.278]",II,1,"[, ALMA]","[, 225.4]","[, 1.33]","[, 0.98x0.74]","[, ??]","[, C-W+2019]","[, 0.29]","[, 0.13]","[, <0.39]","[, <0.25]",<0.25,"[, ]","[, ]",--,--,#VALUE!,,,,,,II,,J162746.3-243141,138.95,M6,2990,,0.089125094,-2.98,0.12,-9.42,--,--,1,Testi+22,J162746.3-243141,2860,0.096,-2.945,nan,nan,0.1,-9.243,nan,nan,0.1,-9.243,<,144.59
rOph,J162747.1-244535,J16274709-2445350,27:47.1,-24:45:35.000,--,--,--,--,139,--,II,1,"[, ALMA]","[, 225.4]","[, 1.33]","[, 0.98x0.74]","[, ??]","[, C-W+2019]","[, 2.62]","[, 0.12]","[, 2.62]","[, 1.52]",1.52,"[, ]","[, ]",--,--,#VALUE!,,,,,,II,,J162747.1-244535,139.4,M5,3125,,0.131825674,-2.91,0.17,-9.46,--,--,1,Testi+22,J162747.1-244535,2980,0.131,-2.912,0.144,-9.338,0.135,-9.309,0.13,-9.28,0.144,-9.338,<,139.4
rOph,J162748.2-244225,J16274825-2442256,27:48.2,-24:42:25.000,--,--,--,--,139,--,I,0,"[, ALMA]","[, 225.4]","[, 1.33]","[, 0.28x0.19]","[, 0.15]","[, C-W+2019]","[, 1.32]","[, 0.25]","[, 1.32]","[, 0.77]",0.77,"[, ]","[, ]",--,--,#VALUE!,,,,,,I,,J162748.2-244225,--,--,--,,--,--,--,--,--,--,,,J162748.2-244225,-99,-99,-99,-99,--,-99,--,-99,-99,-99,-99,--,-99
rOph,J162749.3-242452,J16274927-2424520,27:49.3,-24:24:52.000,--,--,--,--,139,--,II,1,"[, ALMA]","[, 225.4]","[, 1.33]","[, 0.98x0.74]","[, ??]","[, C-W+2019]","[, -0.21]","[, 0.12]","[, <0.36]","[, <0.21]",<0.21,"[, ]","[, ]",--,--,#VALUE!,,,,,,II,,J162749.3-242452,--,--,--,,--,--,--,--,--,--,,,J162749.3-242452,-99,-99,-99,-99,--,-99,--,-99,-99,-99,-99,--,-99
rOph,J162749.8-242522,J16274978-2425219,27:49.8,-24:25:22.000,6.371,0.5939,156.96,1.04,156.96,"[-7.286, -23.324]",II,1,"[, ALMA]","[, 225.4]","[, 1.33]","[, 0.98x0.74]","[, ??]","[, C-W+2019]","[, 0.54]","[, 0.12]","[, 0.54]","[, 0.40]",0.4,"[, ]","[, ]",--,--,#VALUE!,,,,,,II,,J162749.8-242522,139.4,M6,2990,,0.257039578,-1.84,0.19,-8.17,--,--,0,Testi+22,J162749.8-242522,2860,0.325,-1.736,nan,nan,0.1375,-7.908,nan,nan,0.1375,-7.908,--,156.96
rOph,J162751.8-243145,J16275180-2431455,27:51.8,-24:31:45.000,--,--,--,--,139,--,F,1,"[, ALMA]","[, 225.4]","[, 1.33]","[, 0.28x0.19]","[, 0.15]","[, C-W+2019]","[, 2.93]","[, 0.15]","[, 2.93]","[, 1.70]",1.7,"[, ]","[, ]",--,--,#VALUE!,,,,,,F,,J162751.8-243145,--,--,--,,--,--,--,--,--,--,,,J162751.8-243145,-99,-99,-99,-99,--,-99,--,-99,-99,-99,-99,--,-99
rOph,J162755.2-240215,J16275523-2402153,27:55.2,-24:02:15.000,6.6552,0.2979,150.26,1.075,150.26,"[-7.691, -24.472]",II,1,"[, ALMA]","[, 225.4]","[, 1.33]","[, 0.98x0.74]","[, ??]","[, C-W+2019]","[, 0.58]","[, 0.13]","[, 0.58]","[, 0.39]",0.39,"[, ]","[, ]",--,--,#VALUE!,,,,,,II,,J162755.2-240215,--,--,--,,--,--,--,--,--,--,,,J162755.2-240215,-99,-99,-99,-99,--,-99,--,-99,-99,-99,-99,--,-99
rOph,J162755.2-242839,J16275525-2428395,27:55.2,-24:28:39.000,--,--,--,--,139,--,II,1,"[, ALMA]","[, 225.4]","[, 1.33]","[, 0.98x0.74]","[, ??]","[, C-W+2019]","[, 1.97]","[, 0.13]","[, 1.97]","[, 1.14]",1.14,"[, ]","[, ]",--,--,#VALUE!,,,,,,II,,J162755.2-242839,139.4,M6,2990,,0.057543994,-3.66,0.11,-10.16,--,--,1,Testi+22,J162755.2-242839,2860,0.057,-3.662,0.079,-9.975,nan,nan,nan,nan,0.079,-9.975,<,139.4
rOph,J162755.6-242618,J16275558-2426179,27:55.6,-24:26:18.000,7.5961,0.0212,131.65,1.399,131.65,"[-9.112, -26.405]",II,1,"[, ALMA]","[, 225.4]","[, 1.33]","[, 0.28x0.19]","[, 0.15]","[, C-W+2019]","[, 3.43]","[, 0.11]","[, 3.43]","[, 1.79]",1.79,"[, ]","[, ]",--,--,#VALUE!,,,,,,II,,J162755.6-242618,133.12,M2,3560,,0.331131122,-1.37,0.37,-8.17,--,--,0,Testi+22,J162755.6-242618,3560,0.323,-1.379,0.368,-8.17,0.3824,-8.187,0.39,-8.19,0.368,-8.17,--,131.65
rOph,J162758.9-243515,J16275889-2435144,27:58.9,-24:35:15.000,--,--,--,--,139,--,II,1,"[, ALMA]","[, 225.4]","[, 1.33]","[, 0.98x0.74]","[, ??]","[, C-W+2019]","[, 0.14]","[, 0.11]","[, <0.33]","[, <0.19]",<0.19,"[, ]","[, ]",--,--,#VALUE!,,,,,,II,,J162758.9-243515,--,--,--,,--,--,--,--,--,--,,,J162758.9-243515,-99,-99,-99,-99,--,-99,--,-99,-99,-99,-99,--,-99
rOph,J162802.6-235504,J16280256-2355035,28:02.6,-23:55:04.000,7.0602,0.0605,141.64,1.016,141.64,"[-7.016, -24.249]",II,1,"[, ALMA]","[, 225.4]","[, 1.33]","[, 0.98x0.74]","[, ??]","[, C-W+2019]","[, 0.12]","[, 0.11]","[, <0.33]","[, <0.20]",<0.20,"[, ]","[, ]",--,--,#VALUE!,,,,,,II,,J162802.6-235504,--,--,--,,--,--,--,--,--,--,,,J162802.6-235504,-99,-99,-99,-99,--,-99,--,-99,-99,-99,-99,--,-99
rOph,J162804.5-243448,J16280455-2434484,28:04.5,-24:34:48.000,--,--,--,--,139,--,II,1,"[, ALMA]","[, 225.4]","[, 1.33]","[, 0.98x0.74]","[, ??]","[, C-W+2019]","[, -0.04]","[, 0.11]","[, <0.33]","[, <0.19]",<0.19,"[, ]","[, ]",--,--,#VALUE!,,,,,,II,,J162804.5-243448,--,--,--,,--,--,--,--,--,--,,,J162804.5-243448,-99,-99,-99,-99,--,-99,--,-99,-99,-99,-99,--,-99
rOph,J162804.8-243710,J16280478-2437100,28:04.8,-24:37:10.000,5.3312,1.1297,187.58,1.341,187.58,"[-7.631, -23.451]",III,0,"[, ALMA]","[, 225.4]","[, 1.33]","[, 0.98x0.74]","[, ??]","[, C-W+2019]","[, -0.03]","[, 0.12]","[, <0.36]","[, <0.38]",<0.38,"[, ]","[, ]",--,--,#VALUE!,,,,,,III,,J162804.8-243710,--,--,--,,--,--,--,--,--,--,,,J162804.8-243710,-99,-99,-99,-99,--,-99,--,-99,-99,-99,-99,--,-99
rOph,J162804.8-245035,J16280478-2450354,28:04.8,-24:50:35.000,6.1472,0.3829,162.68,1.185,162.68,"[-6.911, -25.452]",II,1,"[, ALMA]","[, 225.4]","[, 1.33]","[, 0.98x0.74]","[, ??]","[, C-W+2019]","[, 0.93]","[, 0.12]","[, 0.93]","[, 0.74]",0.74,"[, ]","[, ]",--,--,#VALUE!,,,,,,II,,J162804.8-245035,--,--,--,,--,--,--,--,--,--,,,J162804.8-245035,-99,-99,-99,-99,--,-99,--,-99,-99,-99,-99,--,-99
rOph,J162812.7-241136,J16281271-2411355,28:12.7,-24:11:36.000,7.208,0.4023,138.73,1.159,138.73,"[-5.951, -26.853]",II,1,"[, ALMA]","[, 225.4]","[, 1.33]","[, 0.98x0.74]","[, ??]","[, C-W+2019]","[, 4.11]","[, 0.12]","[, 4.11]","[, 2.38]",2.38,"[, ]","[, ]",--,--,#VALUE!,,,,,,II,,J162812.7-241136,151.74,M4.5,3197,,0.114815362,-2.27,0.2,-8.94,--,--,0,Testi+22,J162812.7-241136,3085,0.095,-2.347,0.15,-8.891,0.1574,-8.909,0.13,-8.82,0.15,-8.891,--,138.73
rOph,J162813.7-243139,J16281370-2431391,28:13.7,-24:31:39.000,--,--,--,--,139,--,II,1,"[, ALMA]","[, 225.4]","[, 1.33]","[, 0.98x0.74]","[, ??]","[, C-W+2019]","[, 27.74]","[, 0.12]","[, 27.74]","[, 16.11]",16.11,"[, ]","[, ]",--,--,#VALUE!,,,,,,II,,J162813.7-243139,--,--,--,,--,--,--,--,--,--,,,J162813.7-243139,-99,-99,-99,-99,--,-99,--,-99,-99,-99,-99,--,-99
rOph,J162813.8-243249,J16281379-2432494,28:13.8,-24:32:49.000,7.0842,0.1708,141.16,1.107,141.16,"[-7.252, -24.496]",II,1,"[, ALMA]","[, 225.4]","[, 1.33]","[, 0.98x0.74]","[, ??]","[, C-W+2019]","[, 0.22]","[, 0.11]","[, <0.33]","[, <0.20]",<0.20,"[, ]","[, ]",--,--,#VALUE!,,,,,,II,,J162813.8-243249,142.13,M4,3270,,0.223872114,-2.6,0.22,-9.2,--,--,1,Testi+22,J162813.8-243249,3190,0.22,-2.605,0.189,-9.096,0.2275,-9.175,0.19,-9.1,0.189,-9.096,<,141.16
rOph,J162816.5-243658,J16281650-2436579,28:16.5,-24:36:58.000,7.4086,0.0818,134.98,0.967,134.98,"[-6.928, -26.022]",II,1,"[, ALMA]","[, 225.4]","[, 1.33]","[, 0.28x0.19]","[, 0.15]","[, C-W+2019]","[, 98.30]","[, 0.33]","[, 98.30]","[, 53.83]",53.83,"[, ]","[, ]",--,0.34,45.8932,,,,,,II,,J162816.5-243658,137.08,M4.5,3197,,0.338844156,-1.5,0.22,-7.95,--,--,0,Testi+22,J162816.5-243658,3085,0.328,-1.513,nan,nan,0.2075,-7.928,nan,nan,0.2075,-7.928,--,134.98
rOph,J162816.7-240514,J16281673-2405142,28:16.7,-24:05:14.000,7.2403,0.0472,138.12,1.031,138.12,"[-7.474, -24.822]",II,1,"[, ALMA]","[, 225.4]","[, 1.33]","[, 0.28x0.19]","[, 0.15]","[, C-W+2019]","[, 1.73]","[, 0.29]","[, 1.73]","[, 0.99]",0.99,"[, ]","[, ]",--,--,#VALUE!,,,,,,II,,J162816.7-240514,138.49,K5,4350,,0.977237221,-1.88,1.01,-9.06,--,--,0,Testi+22,J162816.7-240514,4210,0.972,-1.882,0.848,-8.943,0.9424,-8.988,0.76,-8.89,0.76,-8.89,--,138.12
rOph,J162817.7-241705,J16281773-2417050,28:17.7,-24:17:05.000,7.8668,0.937,127.12,1.15,127.12,"[-4.626, -23.794]",II,1,"[, ALMA]","[, 225.4]","[, 1.33]","[, 0.98x0.74]","[, ??]","[, C-W+2019]","[, 1.63]","[, 0.12]","[, 1.63]","[, 0.79]",0.79,"[, ]","[, ]",--,--,#VALUE!,,,,,,II,,J162817.7-241705,139.4,M5,3125,,0.033884416,-99,0.15,-99,--,--,-99,Testi+22,J162817.7-241705,2980,0.028,-99.08,0.091,-105.6,0.1,-105.6,0.09,-105.64,0.091,-105.6,--,127.12
rOph,J162821.5-242155,J16282151-2421549,28:21.5,-24:21:55.000,7.1833,0.0907,139.21,0.944,139.21,"[-6.071, -24.361]",III,0,"[, ALMA]","[, 225.4]","[, 1.33]","[, 0.98x0.74]","[, ??]","[, C-W+2019]","[, 0.06]","[, 0.12]","[, <0.36]","[, <0.21]",<0.21,"[, ]","[, ]",--,--,#VALUE!,,,,,,III,,J162821.5-242155,--,--,--,,--,--,--,--,--,--,,,J162821.5-242155,-99,-99,-99,-99,--,-99,--,-99,-99,-99,-99,--,-99
rOph,J162821.7-244247,J16282170-2442471,28:21.7,-24:42:47.000,--,--,--,--,139,--,II,1,"[, ALMA]","[, 225.4]","[, 1.33]","[, 0.98x0.74]","[, ??]","[, C-W+2019]","[, 3.74]","[, 0.13]","[, 3.74]","[, 2.17]",2.17,"[, ]","[, ]",--,--,#VALUE!,,,,,,II,,J162821.7-244247,--,--,--,,--,--,--,--,--,--,,,J162821.7-244247,-99,-99,-99,-99,--,-99,--,-99,-99,-99,-99,--,-99
rOph,J162823.3-242241,J16282333-2422405,28:23.3,-24:22:41.000,6.8116,0.0981,146.81,1.316,146.81,"[-6.321, -23.965]",II,1,"[, ALMA]","[, 225.4]","[, 1.33]","[, 0.28x0.19]","[, 0.15]","[, C-W+2019]","[, 16.96]","[, 0.19]","[, 16.96]","[, 10.99]",10.99,"[, ]","[, ]",--,--,#VALUE!,,,,,,II,,J162823.3-242241,147.99,K5,4350,,1.737800829,-99,0.97,-99,--,--,-99,Testi+22,J162823.3-242241,4210,1.71,-99,0.805,-105.9,0.8974,-105.9,0.69,-105.85,0.69,-105.85,--,146.81
rOph,J162832.7-242245,J16283266-2422449,28:32.7,-24:22:45.000,7.2414,0.0305,138.09,1.318,138.09,"[-9.420, -28.139]",III,0,"[, ALMA]","[, 225.4]","[, 1.33]","[, 0.98x0.74]","[, ??]","[, C-W+2019]","[, 0.40]","[, 0.11]","[, 0.40]","[, 0.23]",0.23,"[, ]","[, ]",--,--,#VALUE!,,,,,,III,,J162832.7-242245,--,--,--,,--,--,--,--,--,--,,,J162832.7-242245,-99,-99,-99,-99,--,-99,--,-99,-99,-99,-99,--,-99
rOph,J162845.3-242819 b,J16284527-2428190,28:45.3,-24:28:19.000,8.6603,0.5688,115.47,30.871,139,"[-10.409, -29.627]",b,0,"[, ALMA]","[, 225.4]","[, 1.33]","[, 0.28x0.19]","[, 0.15]","[, C-W+2019]","[, 15.00]","[, 0.23]","[, 15.00]","[, 8.71]",8.71,"[, ]","[, ]",--,0.32,44.48,,,,,,b,,J162845.3-242819,81.99,M2,3560,,0.281838293,-99,0.37,-99,--,--,-99,Testi+22,J162845.3-242819 b,3560,0.81,-98.54,0.378,-105.1,0.3824,-105.1,0.33,-105.08,0.378,-105.1,--,139.4
rOph,J162845.3-242819,J16284527-2428190,28:45.3,-24:28:19.000,8.6603,0.5688,115.47,30.871,139,"[-10.409, -29.627]",II,1,"[, ALMA]","[, 225.4]","[, 1.33]","[, 0.28x0.19]","[, 0.15]","[, C-W+2019]","[, 60.00]","[, 0.19]","[, 60.00]","[, 34.84]",34.84,"[, ]","[, ]",--,0.32,44.48,,,,,,II,,J162845.3-242819,81.99,M2,3560,,0.281838293,-99,0.37,-99,--,--,-99,Testi+22,J162845.3-242819,3560,0.81,-98.54,0.378,-105.1,0.3824,-105.1,0.33,-105.08,0.378,-105.1,--,139.4
rOph,J162847.0-242814,J16284703-2428138,28:47.0,-24:28:14.000,7.5649,0.1322,132.19,1.104,132.19,"[-9.300, -26.914]",II,1,"[, ALMA]","[, 225.4]","[, 1.33]","[, 0.98x0.74]","[, ??]","[, C-W+2019]","[, 1.10]","[, 0.12]","[, 1.10]","[, 0.58]",0.58,"[, ]","[, ]",--,--,#VALUE!,,,,,,II,,J162847.0-242814,140.43,M6,2990,,0.019498446,-99,0.09,-99,--,--,-99,Testi+22,J162847.0-242814,2860,0.017,-99.05,0.054,-105.4,nan,nan,nan,nan,0.054,-105.4,--,132.19
rOph,J162848.7-242632,J16284870-2426317,28:48.7,-24:26:32.000,6.6971,0.3243,149.32,1.159,149.32,"[-3.900, -26.805]",II,1,"[, ALMA]","[, 225.4]","[, 1.33]","[, 0.98x0.74]","[, ??]","[, C-W+2019]","[, -0.17]","[, 0.13]","[, <0.39]","[, <0.26]",<0.26,"[, ]","[, ]",--,--,#VALUE!,,,,,,II,,J162848.7-242632,159.67,M6.25,2965,,0.009772372,-99,0.07,-99,--,--,-99,Testi+22,J162848.7-242632,2837,0.008,-99.05,0.048,-105.5,nan,nan,nan,nan,0.048,-105.5,--,149.32
rOph,J162854.1-244744,J16285407-2447442,28:54.1,-24:47:44.000,7.3279,0.0554,136.46,1.249,136.46,"[-7.159, -25.376]",II,1,"[, ALMA]","[, 225.4]","[, 1.33]","[, 0.28x0.19]","[, 0.15]","[, C-W+2019]","[, 13.55]","[, 0.14]","[, 13.55]","[, 7.58]",7.58,"[, ]","[, ]",--,--,#VALUE!,,,,,,II,,J162854.1-244744,138.13,M1.5,3632,,0.588843655,-99,0.39,-99,--,--,-99,Testi+22,J162854.1-244744,3640,0.574,-99.01,0.396,-105.7,0.4275,-105.7,0.38,-105.72,0.396,-105.7,--,136.46
rOph,J162856.0-233107,J16285604-2331070,28:56.0,-23:31:07.000,6.9705,0.1309,143.46,0.956,143.46,"[-5.298, -26.310]",II,1,"[, ALMA]","[, 225.4]","[, 1.33]","[, 0.98x0.74]","[, ??]","[, C-W+2019]","[, -0.26]","[, 0.14]","[, <0.42]","[, <0.26]",<0.26,"[, ]","[, ]",--,--,#VALUE!,,,,,,II,,J162856.0-233107,--,--,--,,--,--,--,--,--,--,,,J162856.0-233107,-99,-99,-99,-99,--,-99,--,-99,-99,-99,-99,--,-99
rOph,J162856.9-243110,J16285694-2431096,28:56.9,-24:31:10.000,6.9757,0.1155,143.35,1.072,143.35,"[-6.955, -25.597]",II,1,"[, ALMA]","[, 225.4]","[, 1.33]","[, 0.98x0.74]","[, ??]","[, C-W+2019]","[, 1.81]","[, 0.13]","[, 1.81]","[, 1.12]",1.12,"[, ]","[, ]",--,--,#VALUE!,,,,,,II,,J162856.9-243110,149.16,M5.5,3060,,0.064565423,-99,0.14,-99,--,--,-99,Testi+22,J162856.9-243110,2920,0.059,-99.03,0.092,-105.4,0.1,-105.4,0.09,-105.41,0.092,-105.4,--,143.35
rOph,J162857.9-244055,J16285786-2440549,28:57.9,-24:40:55.000,--,--,--,--,139,--,I,0,"[, ALMA]","[, 225.4]","[, 1.33]","[, 0.28x0.19]","[, 0.15]","[, C-W+2019]","[, 2.97]","[, 0.12]","[, 2.97]","[, 1.72]",1.72,"[, ]","[, ]",--,--,#VALUE!,,,,,,I,,J162857.9-244055,--,--,--,,--,--,--,--,--,--,,,J162857.9-244055,-99,-99,-99,-99,--,-99,--,-99,-99,-99,-99,--,-99
rOph,J162903.2-242749,J16290321-2427488,29:03.2,-24:27:49.000,7.097,0.0907,140.9,1.077,140.9,"[-7.546, -27.837]",II,1,"[, ALMA]","[, 225.4]","[, 1.33]","[, 0.98x0.74]","[, ??]","[, C-W+2019]","[, 1.27]","[, 0.12]","[, 1.27]","[, 0.76]",0.76,"[, ]","[, ]",--,--,#VALUE!,,,,,,II,,J162903.2-242749,--,--,--,,--,--,--,--,--,--,,,J162903.2-242749,-99,-99,-99,-99,--,-99,--,-99,-99,-99,-99,--,-99
rOph,J162908.2-241547,J16290822-2415467,29:08.2,-24:15:47.000,7.1077,0.2393,140.69,1.099,140.69,"[-7.042, -24.249]",II,1,"[, ALMA]","[, 225.4]","[, 1.33]","[, 0.98x0.74]","[, ??]","[, C-W+2019]","[, 0.66]","[, 0.12]","[, 0.66]","[, 0.39]",0.39,"[, ]","[, ]",--,--,#VALUE!,,,,,,II,,J162908.2-241547,--,--,--,,--,--,--,--,--,--,,,J162908.2-241547,-99,-99,-99,-99,--,-99,--,-99,-99,-99,-99,--,-99
rOph,J162935.1-243610,J16293509-2436104,29:35.1,-24:36:10.000,--,--,--,--,139,--,III,0,"[, ALMA]","[, 225.4]","[, 1.33]","[, 0.98x0.74]","[, ??]","[, C-W+2019]","[, -0.15]","[, 0.12]","[, <0.36]","[, <0.21]",<0.21,"[, ]","[, ]",--,--,#VALUE!,,,,,,III,,J162935.1-243610,--,--,--,,--,--,--,--,--,--,,,J162935.1-243610,-99,-99,-99,-99,--,-99,--,-99,-99,-99,-99,--,-99
rOph,J162944.3-244122,J16294427-2441218,29:44.3,-24:41:22.000,--,--,--,--,139,--,II,1,"[, ALMA]","[, 225.4]","[, 1.33]","[, 0.28x0.19]","[, 0.15]","[, C-W+2019]","[, 0.19]","[, 0.16]","[, <0.48]","[, <0.28]",<0.28,"[, ]","[, ]",--,--,#VALUE!,,,,,,II,,J162944.3-244122,--,--,--,,--,--,--,--,--,--,,,J162944.3-244122,-99,-99,-99,-99,--,-99,--,-99,-99,-99,-99,--,-99
rOph,J162948.3-233103,J16294831-2331032,29:48.3,-23:31:03.000,7.491,0.0968,133.49,0.955,133.49,"[-12.354, -24.499]",II,1,"[, ALMA]","[, 225.4]","[, 1.33]","[, 0.98x0.74]","[, ??]","[, C-W+2019]","[, 0.24]","[, 0.12]","[, <0.36]","[, <0.19]",<0.19,"[, ]","[, ]",--,--,#VALUE!,,,,,,II,,J162948.3-233103,--,--,--,,--,--,--,--,--,--,,,J162948.3-233103,-99,-99,-99,-99,--,-99,--,-99,-99,-99,-99,--,-99
rOph,J162954.6-245846,J16295459-2458459,29:54.6,-24:58:46.000,7.5622,0.0317,132.24,0.777,132.24,"[-14.943, -25.439]",III,0,"[, ALMA]","[, 225.4]","[, 1.33]","[, 0.98x0.74]","[, ??]","[, C-W+2019]","[, 0.09]","[, 0.12]","[, <0.36]","[, <0.19]",<0.19,"[, ]","[, ]",--,--,#VALUE!,,,,,,III,,J162954.6-245846,--,--,--,,--,--,--,--,--,--,,,J162954.6-245846,-99,-99,-99,-99,--,-99,--,-99,-99,-99,-99,--,-99
rOph,J163019.8-240256,J16301976-2402563,30:19.8,-24:02:56.000,6.7269,0.1735,148.66,1.043,148.66,"[-10.153, -23.269]",III,0,"[, ALMA]","[, 225.4]","[, 1.33]","[, 0.98x0.74]","[, ??]","[, C-W+2019]","[, 0.24]","[, 0.12]","[, <0.36]","[, <0.24]",<0.24,"[, ]","[, ]",--,--,#VALUE!,,,,,,III,,J163019.8-240256,--,--,--,,--,--,--,--,--,--,,,J163019.8-240256,-99,-99,-99,-99,--,-99,--,-99,-99,-99,-99,--,-99
rOph,J163020.0-233108,J16302004-2331082,30:20.0,-23:31:08.000,7.0717,0.0452,141.41,1.126,141.41,"[-6.666, -25.413]",III,0,"[, ALMA]","[, 225.4]","[, 1.33]","[, 0.98x0.74]","[, ??]","[, C-W+2019]","[, -0.18]","[, 0.12]","[, <0.36]","[, <0.22]",<0.22,"[, ]","[, ]",--,--,#VALUE!,,,,,,III,,J163020.0-233108,--,--,--,,--,--,--,--,--,--,,,J163020.0-233108,-99,-99,-99,-99,--,-99,--,-99,-99,-99,-99,--,-99
rOph,J163023.4-245416,J16302339-2454161,30:23.4,-24:54:16.000,7.0855,0.0307,141.13,1.142,141.13,"[-4.986, -24.642]",II,1,"[, ALMA]","[, 225.4]","[, 1.33]","[, 0.28x0.19]","[, 0.15]","[, C-W+2019]","[, 7.47]","[, 0.14]","[, 7.47]","[, 4.47]",4.47,"[, ]","[, ]",--,--,#VALUE!,,,,,,II,,J163023.4-245416,--,--,--,,--,--,--,--,--,--,,,J163023.4-245416,-99,-99,-99,-99,--,-99,--,-99,-99,-99,-99,--,-99
rOph,J163026.7-235909,J16302673-2359087,30:26.7,-23:59:09.000,7.4142,0.1194,134.88,1.17,134.88,"[-8.170, -28.154]",II,1,"[, ALMA]","[, 225.4]","[, 1.33]","[, 0.98x0.74]","[, ??]","[, C-W+2019]","[, 3.19]","[, 0.14]","[, 3.19]","[, 1.74]",1.74,"[, ]","[, ]",--,--,#VALUE!,,,,,,II,,J163026.7-235909,--,--,--,,--,--,--,--,--,--,,,J163026.7-235909,-99,-99,-99,-99,--,-99,--,-99,-99,-99,-99,--,-99
rOph,J163033.9-242806,J16303390-2428062,30:33.9,-24:28:06.000,6.8209,0.0481,146.61,1.068,146.61,"[-6.304, -23.268]",II,1,"[, ALMA]","[, 225.4]","[, 1.33]","[, 0.98x0.74]","[, ??]","[, C-W+2019]","[, -0.08]","[, 0.12]","[, <0.36]","[, <0.23]",<0.23,"[, ]","[, ]",--,--,#VALUE!,,,,,,II,,J163033.9-242806,--,--,--,,--,--,--,--,--,--,,,J163033.9-242806,-99,-99,-99,-99,--,-99,--,-99,-99,-99,-99,--,-99
rOph,J163053.5-242454,J16305349-2424538,30:53.5,-24:24:54.000,6.7415,0.0787,148.33,1.007,148.33,"[-6.414, -23.470]",II,1,"[, ALMA]","[, 225.4]","[, 1.33]","[, 0.98x0.74]","[, ??]","[, C-W+2019]","[, 1.35]","[, 0.13]","[, 1.35]","[, 0.89]",0.89,"[, ]","[, ]",--,--,#VALUE!,,,,,,II,,J163053.5-242454,--,--,--,,--,--,--,--,--,--,,,J163053.5-242454,-99,-99,-99,-99,--,-99,--,-99,-99,-99,-99,--,-99
rOph,J163102.4-240843,J16310240-2408431,31:02.4,-24:08:43.000,7.5453,0.0453,132.53,0.993,132.53,"[-6.284, -27.807]",II,1,"[, ALMA]","[, 225.4]","[, 1.33]","[, 0.98x0.74]","[, ??]","[, C-W+2019]","[, 0.26]","[, 0.12]","[, <0.36]","[, <0.19]",<0.19,"[, ]","[, ]",--,--,#VALUE!,,,,,,II,,J163102.4-240843,--,--,--,,--,--,--,--,--,--,,,J163102.4-240843,-99,-99,-99,-99,--,-99,--,-99,-99,-99,-99,--,-99
rOph,J163105.2-240440,J16310516-2404401,31:05.2,-24:04:40.000,7.6453,0.02,130.8,1.301,130.8,"[-5.758, -26.493]",II,1,"[, ALMA]","[, 225.4]","[, 1.33]","[, 0.28x0.19]","[, 0.15]","[, C-W+2019]","[, 1.43]","[, 0.16]","[, 1.43]","[, 0.74]",0.74,"[, ]","[, ]",--,--,#VALUE!,,,,,,II,,J163105.2-240440,--,--,--,,--,--,--,--,--,--,,,J163105.2-240440,-99,-99,-99,-99,--,-99,--,-99,-99,-99,-99,--,-99
rOph,J163115.7-243402,J16311574-2434022,31:15.7,-24:34:02.000,5.9041,0.3012,169.37,6.231,139,"[-5.565, -21.863]",II,1,"[, ALMA]","[, 225.4]","[, 1.33]","[, 0.28x0.19]","[, 0.15]","[, C-W+2019]","[, 2.31]","[, 0.17]","[, 2.31]","[, 1.34]",1.34,"[, ]","[, ]",--,--,#VALUE!,,,,,,II,,J163115.7-243402,--,--,--,,--,--,--,--,--,--,,,J163115.7-243402,-99,-99,-99,-99,--,-99,--,-99,-99,-99,-99,--,-99
rOph,J163129.2-240431,J16312923-2404311,31:29.2,-24:04:31.000,7.487,0.4334,133.56,1.024,133.56,"[-10.111, -29.853]",F,1,"[, ALMA]","[, 225.4]","[, 1.33]","[, 0.28x0.19]","[, 0.15]","[, C-W+2019]","[, 0.73]","[, 0.17]","[, 0.73]","[, 0.39]",0.39,"[, ]","[, ]",--,--,#VALUE!,,,,,,F,,J163129.2-240431,--,--,--,,--,--,--,--,--,--,,,J163129.2-240431,-99,-99,-99,-99,--,-99,--,-99,-99,-99,-99,--,-99
rOph,J163130.9-242440 b,J16313087-2424399,31:30.9,-24:24:40.000,7.3572,0.0962,135.92,5.445,139,"[-6.751, -24.229]",b,0,"[, ALMA]","[, 225.4]","[, 1.33]","[, 0.28x0.19]","[, 0.15]","[, C-W+2019]","[, 3.24]","[, 0.16]","[, 3.24]","[, 1.88]",1.88,"[, ]","[, ]",--,--,#VALUE!,,,,,,b,,J163130.9-242440,--,--,--,,--,--,--,--,--,--,,,J163130.9-242440 b,-99,-99,-99,-99,--,-99,--,-99,-99,-99,-99,--,-99
rOph,J163130.9-242440,J16313087-2424399,31:30.9,-24:24:40.000,7.3572,0.0962,135.92,5.445,139,"[-6.751, -24.229]",II,1,"[, ALMA]","[, 225.4]","[, 1.33]","[, 0.28x0.19]","[, 0.15]","[, C-W+2019]","[, 15.90]","[, 0.17]","[, 15.90]","[, 9.23]",9.23,"[, ]","[, ]",--,--,#VALUE!,,,,,,II,,J163130.9-242440,--,--,--,,--,--,--,--,--,--,,,J163130.9-242440,-99,-99,-99,-99,--,-99,--,-99,-99,-99,-99,--,-99
rOph,J163131.2-242628,J16313124-2426281,31:31.2,-24:26:28.000,--,--,--,--,139,--,F,1,"[, ALMA]","[, 225.4]","[, 1.33]","[, 0.28x0.19]","[, 0.15]","[, C-W+2019]","[, 42.12]","[, 0.28]","[, 42.12]","[, 24.46]",24.46,"[, ]","[, ]",--,--,#VALUE!,,,,,,F,,J163131.2-242628,--,--,--,,--,--,--,--,--,--,,,J163131.2-242628,-99,-99,-99,-99,--,-99,--,-99,-99,-99,-99,--,-99
rOph,J163133.4-242737,J16313346-2427372,31:33.4,-24:27:37.000,6.8343,0.0227,146.32,1.287,146.32,"[-5.815, -24.191]",II,1,"[, ALMA]","[, 225.4]","[, 1.33]","[, 0.28x0.19]","[, 0.15]","[, C-W+2019]","[, 84.87]","[, 0.53]","[, 84.87]","[, 54.61]",54.61,"[, ]","[, ]",--,0.42,61.4544,,,,,,II,,J163133.4-242737,--,--,--,,--,--,--,--,--,--,,,J163133.4-242737,-99,-99,-99,-99,--,-99,--,-99,-99,-99,-99,--,-99
rOph,J163133.8-240446,J16313383-2404466,31:33.8,-24:04:46.000,7.3127,0.2119,136.75,1.748,136.75,"[-4.773, -25.981]",F,1,"[, ALMA]","[, 225.4]","[, 1.33]","[, 0.28x0.19]","[, 0.15]","[, C-W+2019]","[, 2.08]","[, 0.15]","[, 2.08]","[, 1.17]",1.17,"[, ]","[, ]",--,--,#VALUE!,,,,,,F,,J163133.8-240446,--,--,--,,--,--,--,--,--,--,,,J163133.8-240446,-99,-99,-99,-99,--,-99,--,-99,-99,-99,-99,--,-99
rOph,J163134.1-240060,J16313408-2400596,31:34.1,-24:01:00.000,--,--,--,--,139,--,II,1,"[, ALMA]","[, 225.4]","[, 1.33]","[, 0.98x0.74]","[, ??]","[, C-W+2019]","[, -0.13]","[, 0.12]","[, <0.36]","[, <0.21]",<0.21,"[, ]","[, ]",--,--,#VALUE!,,,,,,II,,J163134.1-240060,--,--,--,,--,--,--,--,--,--,,,J163134.1-240060,-99,-99,-99,-99,--,-99,--,-99,-99,-99,-99,--,-99
rOph,J163134.3-240325,J16313429-2403253,31:34.3,-24:03:25.000,8.1021,0.4672,123.42,1.111,123.42,"[-4.260, -26.761]",F,1,"[, ALMA]","[, 225.4]","[, 1.33]","[, 0.28x0.19]","[, 0.15]","[, C-W+2019]","[, 0.65]","[, 0.14]","[, 0.65]","[, 0.30]",0.3,"[, ]","[, ]",--,--,#VALUE!,,,,,,F,,J163134.3-240325,--,--,--,,--,--,--,--,--,--,,,J163134.3-240325,-99,-99,-99,-99,--,-99,--,-99,-99,-99,-99,--,-99
rOph,J163135.6-240129,J16313565-2401294,31:35.6,-24:01:29.000,--,--,--,--,139,--,I,0,"[, ALMA]","[, 225.4]","[, 1.33]","[, 0.28x0.19]","[, 0.15]","[, C-W+2019]","[, 334.59]","[, 0.28]","[, 334.59]","[, 194.28]",194.28,"[, ]","[, ]",--,--,#VALUE!,,,,,,I,,J163135.6-240129,--,--,--,,--,--,--,--,--,--,,,J163135.6-240129,-99,-99,-99,-99,--,-99,--,-99,-99,-99,-99,--,-99
rOph,J163136.8-240420,J16313679-2404200,31:36.8,-24:04:20.000,--,--,--,--,139,--,I,0,"[, ALMA]","[, 225.4]","[, 1.33]","[, 0.28x0.19]","[, 0.15]","[, C-W+2019]","[, 13.35]","[, 0.37]","[, 13.35]","[, 7.75]",7.75,"[, ]","[, ]",--,--,#VALUE!,,,,,,I,,J163136.8-240420,--,--,--,,--,--,--,--,--,--,,,J163136.8-240420,-99,-99,-99,-99,--,-99,--,-99,-99,-99,-99,--,-99
rOph,J163143.8-245525,J16314375-2455245,31:43.8,-24:55:25.000,6.6594,1.0615,150.16,1.205,150.16,"[-7.731, -23.061]",I,0,"[, ALMA]","[, 225.4]","[, 1.33]","[, 0.28x0.19]","[, 0.15]","[, C-W+2019]","[, 9.55]","[, 0.13]","[, 9.55]","[, 6.47]",6.47,"[, ]","[, ]",--,--,#VALUE!,,,,,,I,,J163143.8-245525,--,--,--,,--,--,--,--,--,--,,,J163143.8-245525,-99,-99,-99,-99,--,-99,--,-99,-99,-99,-99,--,-99
rOph,J163144.6-240213,J16314457-2402129,31:44.6,-24:02:13.000,7.5735,0.536,132.04,1.165,132.04,"[-6.498, -26.041]",II,1,"[, ALMA]","[, 225.4]","[, 1.33]","[, 0.28x0.19]","[, 0.15]","[, C-W+2019]","[, 8.71]","[, 0.31]","[, 8.71]","[, 4.56]",4.56,"[, ]","[, ]",--,--,#VALUE!,,,,,,II,,J163144.6-240213,--,--,--,,--,--,--,--,--,--,,,J163144.6-240213,-99,-99,-99,-99,--,-99,--,-99,-99,-99,-99,--,-99
rOph,J163145.4-244307,J16314538-2443071,31:45.4,-24:43:07.000,6.9413,0.0801,144.07,1.021,144.07,"[-5.327, -24.460]",II,1,"[, ALMA]","[, 225.4]","[, 1.33]","[, 0.98x0.74]","[, ??]","[, C-W+2019]","[, 0.59]","[, 0.12]","[, 0.59]","[, 0.37]",0.37,"[, ]","[, ]",--,--,#VALUE!,,,,,,II,,J163145.4-244307,--,--,--,,--,--,--,--,--,--,,,J163145.4-244307,-99,-99,-99,-99,--,-99,--,-99,-99,-99,-99,--,-99
rOph,J163145.8-243909,J16314581-2439089,31:45.8,-24:39:09.000,6.6245,0.294,150.95,1.237,150.95,"[-6.008, -23.354]",II,1,"[, ALMA]","[, 225.4]","[, 1.33]","[, 0.98x0.74]","[, ??]","[, C-W+2019]","[, 1.89]","[, 0.12]","[, 1.89]","[, 1.29]",1.29,"[, ]","[, ]",--,--,#VALUE!,,,,,,II,,J163145.8-243909,--,--,--,,--,--,--,--,--,--,,,J163145.8-243909,-99,-99,-99,-99,--,-99,--,-99,-99,-99,-99,--,-99
rOph,J163148.9-245429,J16314892-2454292,31:48.9,-24:54:29.000,--,--,--,--,139,--,II,1,"[, ALMA]","[, 225.4]","[, 1.33]","[, 0.98x0.74]","[, ??]","[, C-W+2019]","[, 2.89]","[, 0.12]","[, 2.89]","[, 1.68]",1.68,"[, ]","[, ]",--,--,#VALUE!,,,,,,II,,J163148.9-245429,--,--,--,,--,--,--,--,--,--,,,J163148.9-245429,-99,-99,-99,-99,--,-99,--,-99,-99,-99,-99,--,-99
rOph,J163152.1-245616,J16315211-2456156,31:52.1,-24:56:16.000,6.5367,0.2259,152.98,1.141,152.98,"[-6.851, -22.485]",F,1,"[, ALMA]","[, 225.4]","[, 1.33]","[, 0.28x0.19]","[, 0.15]","[, C-W+2019]","[, 45.34]","[, 0.31]","[, 45.34]","[, 31.89]",31.89,"[, ]","[, ]",--,--,#VALUE!,,,,,,F,,J163152.1-245616,--,--,--,,--,--,--,--,--,--,,,J163152.1-245616,-99,-99,-99,-99,--,-99,--,-99,-99,-99,-99,--,-99
rOph,J163152.1-245616 b,J16315211-2456156,31:52.1,-24:56:16.000,6.5367,0.2259,152.98,1.141,152.98,"[-6.851, -22.485]",b,0,"[, ALMA]","[, 225.4]","[, 1.33]","[, 0.28x0.19]","[, 0.15]","[, C-W+2019]","[, 2.19]","[, 0.19]","[, 2.19]","[, 1.54]",1.54,"[, ]","[, ]",--,--,#VALUE!,,,,,,b,,J163152.1-245616,--,--,--,,--,--,--,--,--,--,,,J163152.1-245616 b,-99,-99,-99,-99,--,-99,--,-99,-99,-99,-99,--,-99
rOph,J163152.5-245536,J16315244-2455360,31:52.5,-24:55:36.000,--,--,--,--,139,--,I,0,"[, ALMA]","[, 225.4]","[, 1.33]","[, 0.28x0.19]","[, 0.15]","[, C-W+2019]","[, 3.45]","[, 0.13]","[, 3.45]","[, 2.00]",2,"[, ]","[, ]",--,--,#VALUE!,,,,,,I,,J163152.5-245536,--,--,--,,--,--,--,--,--,--,,,J163152.5-245536,-99,-99,-99,-99,--,-99,--,-99,-99,-99,-99,--,-99
rOph,J163153.4-245505,J16315343-2455050,31:53.4,-24:55:05.000,--,--,--,--,139,--,II,1,"[, ALMA]","[, 225.4]","[, 1.33]","[, 0.98x0.74]","[, ??]","[, C-W+2019]","[, 0.72]","[, 0.13]","[, 0.72]","[, 0.42]",0.42,"[, ]","[, ]",--,--,#VALUE!,,,,,,II,,J163153.4-245505,--,--,--,,--,--,--,--,--,--,,,J163153.4-245505,-99,-99,-99,-99,--,-99,--,-99,-99,-99,-99,--,-99
rOph,J163154.4-250349,J16315441-2503493,31:54.4,-25:03:49.000,6.9777,0.058,143.31,1.072,143.31,"[-4.792, -24.136]",II,1,"[, ALMA]","[, 225.4]","[, 1.33]","[, 0.28x0.19]","[, 0.15]","[, C-W+2019]","[, -0.03]","[, 0.17]","[, <0.51]","[, <0.31]",<0.31,"[, ]","[, ]",--,--,#VALUE!,,,,,,II,,J163154.4-250349,--,--,--,,--,--,--,--,--,--,,,J163154.4-250349,-99,-99,-99,-99,--,-99,--,-99,-99,-99,-99,--,-99
rOph,J163154.7-250324,J16315473-2503238,31:54.7,-25:03:24.000,6.9219,0.1796,144.47,5.395,139,"[-6.572, -23.071]",II,1,"[, ALMA]","[, 225.4]","[, 1.33]","[, 0.28x0.19]","[, 0.15]","[, C-W+2019]","[, 0.04]","[, 0.16]","[, <0.48]","[, <0.28]",<0.28,"[, ]","[, ]",--,--,#VALUE!,,,,,,II,,J163154.7-250324,--,--,--,,--,--,--,--,--,--,,,J163154.7-250324,-99,-99,-99,-99,--,-99,--,-99,-99,-99,-99,--,-99
rOph,J163159.3-245441,J16315932-2454405,31:59.3,-24:54:41.000,6.7416,0.0953,148.33,1.058,148.33,"[-6.467, -22.415]",II,1,"[, ALMA]","[, 225.4]","[, 1.33]","[, 0.98x0.74]","[, ??]","[, C-W+2019]","[, 18.97]","[, 0.13]","[, 18.97]","[, 12.54]",12.54,"[, ]","[, ]",--,--,#VALUE!,,,,,,II,,J163159.3-245441,--,--,--,,--,--,--,--,--,--,,,J163159.3-245441,-99,-99,-99,-99,--,-99,--,-99,-99,-99,-99,--,-99
rOph,J163205.5-250236,J16320552-2502362,32:05.5,-25:02:36.000,6.7444,0.0461,148.27,1.169,148.27,"[-6.476, -24.111]",II,1,"[, ALMA]","[, 225.4]","[, 1.33]","[, 0.28x0.19]","[, 0.15]","[, C-W+2019]","[, 3.32]","[, 0.25]","[, 3.32]","[, 2.19]",2.19,"[, ]","[, ]",--,--,#VALUE!,,,,,,II,,J163205.5-250236,--,--,--,,--,--,--,--,--,--,,,J163205.5-250236,-99,-99,-99,-99,--,-99,--,-99,-99,-99,-99,--,-99
rOph,J163211.8-244021,J16321179-2440213,32:11.8,-24:40:21.000,6.7973,0.1636,147.12,7.973,139,"[-4.212, -21.981]",III,0,"[, ALMA]","[, 225.4]","[, 1.33]","[, 0.98x0.74]","[, ??]","[, C-W+2019]","[, 0.44]","[, 0.12]","[, 0.44]","[, 0.26]",0.26,"[, ]","[, ]",--,--,#VALUE!,,,,,,III,,J163211.8-244021,--,--,--,,--,--,--,--,--,--,,,J163211.8-244021,-99,-99,-99,-99,--,-99,--,-99,-99,-99,-99,--,-99
rOph,J163221.0-243036,J16322105-2430358,32:21.0,-24:30:36.000,6.5114,0.2264,153.58,1.06,153.58,"[-4.776, -23.830]",F,1,"[, ALMA]","[, 225.4]","[, 1.33]","[, 0.28x0.19]","[, 0.15]","[, C-W+2019]","[, 11.80]","[, 0.14]","[, 11.80]","[, 8.36]",8.36,"[, ]","[, ]",--,--,#VALUE!,,,,,,F,,J163221.0-243036,--,--,--,,--,--,--,--,--,--,,,J163221.0-243036,-99,-99,-99,-99,--,-99,--,-99,-99,-99,-99,--,-99
rOph,J163221.9-244215,J16322192-2442147,32:21.9,-24:42:15.000,7.0293,0.0259,142.26,1.295,142.26,"[-4.602, -23.970]",II,1,"[, ALMA]","[, 225.4]","[, 1.33]","[, 0.28x0.19]","[, 0.15]","[, C-W+2019]","[, 3.84]","[, 0.17]","[, 3.84]","[, 2.34]",2.34,"[, ]","[, ]",--,--,#VALUE!,,,,,,II,,J163221.9-244215,--,--,--,,--,--,--,--,--,--,,,J163221.9-244215,-99,-99,-99,-99,--,-99,--,-99,-99,-99,-99,--,-99
rOph,J163227.9-252502,J16322788-2525017,32:27.9,-25:25:02.000,6.7256,0.1001,148.69,1.162,148.69,"[-4.243, -24.261]",II,1,"[, ALMA]","[, 225.4]","[, 1.33]","[, 0.98x0.74]","[, ??]","[, C-W+2019]","[, 0.56]","[, 0.12]","[, 0.56]","[, 0.37]",0.37,"[, ]","[, ]",--,--,#VALUE!,,,,,,II,,J163227.9-252502,--,--,--,,--,--,--,--,--,--,,,J163227.9-252502,-99,-99,-99,-99,--,-99,--,-99,-99,-99,-99,--,-99
rOph,J163355.6-244205,J16335560-2442049,33:55.6,-24:42:05.000,6.9524,0.0345,143.84,1.56,143.84,"[-4.809, -23.649]",II,1,"[, ALMA]","[, 225.4]","[, 1.33]","[, 0.28x0.19]","[, 0.15]","[, C-W+2019]","[, 79.75]","[, 0.37]","[, 79.75]","[, 49.59]",49.59,"[, ]","[, ]",--,0.35,50.344,,,,,,II,,J163355.6-244205,--,--,--,,--,--,--,--,--,--,,,J163355.6-244205,-99,-99,-99,-99,--,-99,--,-99,-99,-99,-99,--,-99
rOph,J163524.3-243359,J16352430-2433588,35:24.3,-24:33:59.000,--,--,--,--,139,--,II,1,"[, ALMA]","[, 225.4]","[, 1.33]","[, 0.98x0.74]","[, ??]","[, C-W+2019]","[, -0.17]","[, 0.12]","[, <0.36]","[, <0.21]",<0.21,"[, ]","[, ]",--,--,#VALUE!,,,,,,II,,J163524.3-243359,--,--,--,,--,--,--,--,--,--,,,J163524.3-243359,-99,-99,-99,-99,--,-99,--,-99,-99,-99,-99,--,-99
rOph,J163945.4-240204,J16394544-2402039,39:45.4,-24:02:04.000,6.8599,0.0406,145.77,2.072,139,"[-6.201, -22.260]",II,1,"[, ALMA]","[, 225.4]","[, 1.33]","[, 0.28x0.19]","[, 0.15]","[, C-W+2019]","[, 191.46]","[, 0.53]","[, 191.46]","[, 111.17]",111.17,"[, ]","[, ]",--,--,#VALUE!,,,,,,II,,J163945.4-240204,--,--,--,,--,--,--,--,--,--,,,J163945.4-240204,-99,-99,-99,-99,--,-99,--,-99,-99,-99,-99,--,-99
rOph,J163952.9-241931,J16395292-2419314,39:52.9,-24:19:31.000,--,--,--,--,139,--,F,1,"[, ALMA]","[, 225.4]","[, 1.33]","[, 0.28x0.19]","[, 0.15]","[, C-W+2019]","[, 7.85]","[, 0.18]","[, 7.85]","[, 4.56]",4.56,"[, ]","[, ]",--,--,#VALUE!,,,,,,F,,J163952.9-241931,--,--,--,,--,--,--,--,--,--,,,J163952.9-241931,-99,-99,-99,-99,--,-99,--,-99,-99,-99,-99,--,-99
rOph,J164424.3-240125,J16442430-2401250,44:24.3,-24:01:25.000,--,--,--,--,139,--,F,1,"[, ALMA]","[, 225.4]","[, 1.33]","[, 0.28x0.19]","[, 0.15]","[, C-W+2019]","[, 0.11]","[, 0.16]","[, <0.48]","[, <0.28]",<0.28,"[, ]","[, ]",--,--,#VALUE!,,,,,,F,,J164424.3-240125,--,--,--,,--,--,--,--,--,--,,,J164424.3-240125,-99,-99,-99,-99,--,-99,--,-99,-99,-99,-99,--,-99
rOph,J164526.7-240305,J16452666-2403053,45:26.7,-24:03:05.000,-0.9897,1.1816,-1010.41,1.129,139,"[1.201, -0.497]",I,0,"[, ALMA]","[, 225.4]","[, 1.33]","[, 0.28x0.19]","[, 0.15]","[, C-W+2019]","[, 0.08]","[, 0.17]","[, <0.51]","[, <0.30]",<0.30,"[, ]","[, ]",--,--,#VALUE!,,,,,,I,,J164526.7-240305,--,--,--,,--,--,--,--,--,--,,,J164526.7-240305,-99,-99,-99,-99,--,-99,--,-99,-99,-99,-99,--,-99
ChamII,IRAS 12416-7703,J12450626-7720133,45:06.4,-77:20:13.520,0.2398,0.0834,4170.14,1.162,197,"[-8.388, -1.152]",II,1,"[, ]","[, ]","[, ]","[, ]","[, ]","[, ]","[, ]","[, ]","[, ]","[, ]",--,"[, ]","[, ]",--,--,#VALUE!,,,,,,II,Not in Villenave+2021,IRAS 12416-7703,178,--,-99,,12.88249552,--,--,--,--,--,--,Villenave+22,IRAS 12416-7703,-99,15.69,-98.91,nan,nan,nan,nan,nan,nan,nan,nan,--,196.5
ChamII,IRAS12496-7650,J12531722-7707106,53:17.2,-77:07:10.630,3.3775,0.4873,296.08,7.879,197,"[-20.164, -3.074]",II,1,"[, ALMA]","[, 225.7]","[, 1.3]","[, 0.48x0.25]","[, 0.17]","[, Villenave+21]","[, 708.60]","[, 0.27]","[, 708.60]","[, 777.07]",773.13,"[, 0.354]","[, 0.001]",--,--,#VALUE!,,,,,,II,Designated as background source in Villenave+2021,IRAS12496-7650,178,F0,7200,,18.62087137,--,2,--,--,--,--,Villenave+22,IRAS12496-7650,7200,22.69,-98.91,nan,nan,2.015,-106.1,2.1,-106.15,2.1,-106.15,--,196.5
ChamII,IRAS12500-7658,J12534285-7715114,53:42.8,-77:15:11.590,--,--,--,--,197,"[, ]",I,0,"[, ALMA]","[, 225.7]","[, 1.3]","[, 0.48x0.25]","[, 0.17]","[, Villenave+21]","[, 49.60]","[, 0.26]","[, 49.60]","[, 54.39]",54.12,"[, 0.258]","[, 0.005]",--,--,#VALUE!,,,,,,I,Designated as uncertain member in Villenave+2021,IRAS12500-7658,178,K5,4350,,0.00616595,--,0.06,--,--,--,--,Villenave+22,IRAS12500-7658,4210,0.007,-98.91,nan,nan,nan,nan,nan,nan,nan,nan,--,196.5
ChamII,Sz 46,J12563364-7645453,56:33.6,-76:45:45.180,5.1417,0.0197,194.49,1.087,194.49,"[-21.178, -7.566]",II,1,"[, ALMA]","[, 225.7]","[, 1.3]","[, 0.48x0.25]","[, 0.17]","[, Villenave+21]","[, 3.73]","[, 0.20]","[, 3.73]","[, 3.99]",3.99,"[, ]","[, ]",--,--,#VALUE!,,,,,,II,Designated as member in Villenave+2021,Sz 46,178,M1,3705,,0.331131122,--,0.49,--,--,--,--,Villenave+22,Sz 46,3720,0.395,-98.92,0.464,-105.8,0.4699,-105.8,0.47,-105.81,0.464,-105.8,--,194.49
ChamII,IRAS12535-7623,J12571172-7640111,57:11.6,-76:40:11.140,5.5546,0.2926,180.03,4.429,197,"[-18.060, -10.291]",II,1,"[, ALMA]","[, 225.7]","[, 1.3]","[, 0.48x0.25]","[, 0.17]","[, Villenave+21]","[, 1.09]","[, 0.18]","[, 1.09]","[, 1.20]",1.19,"[, ]","[, ]",--,--,#VALUE!,,,,,,II,Designated as likely member in Villenave+2021,IRAS12535-7623,178,M0,3850,,1.380384265,--,0.55,--,--,--,--,Villenave+22,IRAS12535-7623,3900,1.682,-98.91,nan,nan,0.5875,-105.6,0.46,-105.53,0.46,-105.53,--,196.5
ChamII,SSTc2d J125758.7-770120,J125758.7-770119,57:58.7,-77:01:19.500,--,--,--,--,197,"[, ]",II,1,"[, ]","[, ]","[, ]","[, ]","[, ]","[, ]","[, ]","[, ]","[, ]","[, ]",--,"[, ]","[, ]",--,--,#VALUE!,,,,,,II,Not in Villenave+2021 sample but in original Alcala+2008 YSO Survey,SSTc2d J125758.7-770120,178,--,-99,,0.000891251,--,--,--,--,--,--,Villenave+22,SSTc2d J125758.7-770120,-99,0.001,-98.91,nan,nan,nan,nan,nan,nan,nan,nan,--,196.5
ChamII,ISO-CHAII 13,J12580676-7709094,58:06.7,-77:09:09.220,--,--,--,--,197,"[, ]",II,1,"[, ALMA]","[, 225.7]","[, 1.3]","[, 0.48x0.25]","[, 0.17]","[, Villenave+21]","[, <0.51]","[, ??]","[, <0.51]","[, <0.56]",<0.56,"[, ]","[, ]",--,--,#VALUE!,,,,,,II,Designated as uncertain member in Villenave+2021,ISO-CHAII 13,178,M7,2880,,0.009120108,--,0.07,--,--,--,--,Villenave+22,ISO-CHAII 13,2770,0.011,-98.91,0.038,-105.2,nan,nan,nan,nan,0.038,-105.2,--,196.5
ChamII,C41,J12590984-7651037,59:09.9,-76:51:03.490,5.2397,0.1446,190.85,1.027,190.85,"[-21.058, -8.342]",Flat,0,"[, ]","[, ]","[, ]","[, ]","[, ]","[, ]","[, ]","[, ]","[, ]","[, ]",--,"[, ]","[, ]",--,--,#VALUE!,,,,,,Flat,Not in Villenave+2021 sample but in original Alcala+2008 YSO Survey; Classified as Class II by Galli+2020,C41,178,--,-99,,0.011220185,--,--,--,--,--,--,Villenave+22,C41,-99,0.012,-98.93,nan,nan,nan,nan,nan,nan,nan,nan,--,190.85
ChamII,Sz 48NE,J13005346-7709086,00:53.1,-77:09:09.180,4.9664,0.0833,201.35,1.132,201.35,"[-21.015, -7.855]",II,1,"[, ]","[, ]","[, ]","[, ]","[, ]","[, ]","[, ]","[, ]","[, ]","[, ]",--,"[, ]","[, ]",--,--,#VALUE!,,,,,,II,In Villenave+2021 but unobserved,Sz 48NE,178,M0.5,3780,,0.338844156,--,0.52,--,--,--,--,Villenave+22,Sz 48NE,3810,0.433,-98.89,0.532,-105.8,0.5475,-105.8,0.53,-105.84,0.532,-105.8,--,201.35
ChamII,Sz 49,J13005323-7654151,00:53.3,-76:54:14.980,5.1451,0.0255,194.36,1.206,194.36,"[-20.567, -8.295]",II,1,"[, ALMA]","[, 225.7]","[, 1.3]","[, 0.48x0.25]","[, 0.17]","[, Villenave+21]","[, 10.92]","[, 0.26]","[, 10.92]","[, 11.66]",11.66,"[, 0.401]","[, 0.014]",--,--,#VALUE!,,,,,,II,Designated as member in Villenave+2021,Sz 49,178,M0.5,3780,,0.199526232,--,0.56,--,--,--,--,Villenave+22,Sz 49,3810,0.237,-98.92,0.597,-106,0.545,-106,0.61,-106.06,0.597,-106,--,194.36
ChamII,Sz 48SW,J13005346-7709086,00:53.6,-77:09:08.280,5.2039,0.0448,192.16,1.23,192.16,"[-21.758, -8.118]",II,1,"[, ]","[, ]","[, ]","[, ]","[, ]","[, ]","[, ]","[, ]","[, ]","[, ]",--,"[, ]","[, ]",--,--,#VALUE!,,,,,,II,In Villenave+2021 but unobserved,Sz 48SW,178,M1,3705,,0.263026799,--,0.45,--,--,--,--,Villenave+22,Sz 48SW,3720,0.306,-98.93,0.485,-105.8,0.4724,-105.8,0.49,-105.9,0.485,-105.8,--,192.16
ChamII,Sz 50,J13005532-7710222,00:55.3,-77:10:22.010,--,--,--,--,197,"[, ]",II,1,"[, ALMA]","[, 225.7]","[, 1.3]","[, 0.48x0.25]","[, 0.17]","[, Villenave+21]","[, 10.96]","[, 0.20]","[, 10.96]","[, 12.02]",11.96,"[, 0.169]","[, 0.015]",--,--,#VALUE!,,,,,,II,Designated as foreground source in Villenave+2021,Sz50,178,M4,3270,,0.57,-2.51,0.27,-8.96,--,--,,Villenave+22,Sz 50,3190,0.694,-2.424,nan,nan,0.25,-8.786,nan,nan,0.25,-8.786,--,196.5
ChamII,J130059.3-771403,J13005927-7714027,00:59.2,-77:14:02.800,4.9955,0.1488,200.18,1.091,200.18,"[-21.491, -7.690]",II,1,"[, ALMA]","[, 225.7]","[, 1.3]","[, 0.48x0.25]","[, 0.17]","[, Villenave+21]","[, 5.68]","[, 0.19]","[, 5.68]","[, 6.43]",6.43,"[, ]","[, ]",--,--,#VALUE!,,,,,,II,Designated as likely member in Villenave+2021; Rejected by Galli+2020 but EDR3 distance consistent with cluster,J130059.3-771403,178,K3,4730,,-9.00E+00,--,-,--,--,--,--,Villenave+22,J130059.3-771403,4540,-11.3,-98.89,nan,nan,nan,nan,nan,nan,nan,nan,--,200.18
ChamII,Sz 51,J13015891-7751218,01:58.9,-77:51:21.740,5.0666,0.0175,197.37,1.778,197.37,"[-20.937, -7.687]",II,1,"[, ALMA]","[, 225.7]","[, 1.3]","[, 0.48x0.25]","[, 0.17]","[, Villenave+21]","[, 4.30]","[, 0.18]","[, 4.30]","[, 4.73]",4.73,"[, 0.249]","[, 0.033]",--,--,#VALUE!,,,,,,II,Designated as member in Villenave+2021,Sz 51,178,K8.5,3780,,0.436515832,--,0.62,--,--,--,--,Villenave+22,Sz 51,3810,0.536,-98.91,0.52,-105.8,0.54,-105.8,0.5,-105.79,0.52,-105.8,--,197.37
ChamII,CM Cha,J13021351-7637577,02:13.5,-76:37:57.680,5.2113,0.013,191.89,1.279,191.89,"[-21.122, -8.862]",II,1,"[, ALMA]","[, 225.7]","[, 1.3]","[, 0.48x0.25]","[, 0.17]","[, Villenave+21]","[, 38.76]","[, 0.23]","[, 38.76]","[, 40.33]",40.33,"[, 0.315]","[, 0.005]",--,--,#VALUE!,,,,,,II,Designated as member in Villenave+2021,CM Cha,178,K7,4060,,0.72443596,--,0.63,--,--,--,--,Villenave+22,CM Cha,4020,0.841,-98.93,0.668,-105.8,0.72,-105.9,0.61,-105.84,0.61,-105.84,--,191.89
ChamII,J13022287-7734494,J13022287-7734494,02:22.8,-77:34:49.510,4.9169,0.0664,203.38,0.987,203.38,"[-19.674, -7.012]",II,1,"[, ALMA]","[, 225.7]","[, 1.3]","[, 0.48x0.25]","[, 0.17]","[, Villenave+21]","[, 0.87]","[, 0.15]","[, 0.87]","[, 1.02]",1.02,"[, ]","[, ]",--,--,#VALUE!,,,,,,II,Designated as member in Villenave+2021,J13022287-7734494,178,M5,3125,,0.064565423,--,0.16,--,--,--,--,Villenave+22,J13022287-7734494,2980,0.084,-98.88,0.116,-105.3,0.115,-105.3,0.1,-105.23,0.116,-105.3,--,203.38
ChamII,Hn 22,J13042284-7650055,04:22.8,-76:50:05.860,5.0377,0.0159,198.5,1.196,198.5,"[-20.112, -7.601]",II,1,"[, ALMA]","[, 225.7]","[, 1.3]","[, 0.48x0.25]","[, 0.17]","[, Villenave+21]","[, 21.81]","[, 0.17]","[, 21.81]","[, 24.28]",24.28,"[, 0.175]","[, 0.006]",--,--,#VALUE!,,,,,,II,Designated as member in Villenave+2021,Hn 22,178,M2,3560,,0.234422882,--,0.4,--,--,--,--,Villenave+22,Hn 22,3560,0.291,-98.9,0.368,-105.7,0.3799,-105.7,0.39,-105.74,0.368,-105.7,--,198.5
ChamII,Hn 23,J13042410-7650012,04:24.1,-76:50:01.390,5.0829,0.0127,196.74,1.167,196.74,"[-20.326, -7.050]",II,1,"[, ALMA]","[, 225.7]","[, 1.3]","[, 0.48x0.25]","[, 0.17]","[, Villenave+21]","[, 20.75]","[, 0.19]","[, 20.75]","[, 22.69]",22.69,"[, 0.19]","[, 0.004]",--,--,#VALUE!,,,,,,II,Designated as member in Villenave+2021,Hn 23,178,K5,4350,,0.87096359,--,0.96,--,--,--,--,Villenave+22,Hn 23,4210,1.064,-98.91,0.848,-105.9,0.9224,-105.9,0.75,-105.9,0.75,-105.9,--,196.74
ChamII,Sz 52,J13042489-7752303,04:24.8,-77:52:30.110,4.973,0.0511,201.09,1.007,201.09,"[-19.449, -7.157]",II,1,"[, ALMA]","[, 225.7]","[, 1.3]","[, 0.48x0.25]","[, 0.17]","[, Villenave+21]","[, 1.16]","[, 0.24]","[, 1.16]","[, 1.33]",1.33,"[, ]","[, ]",--,--,#VALUE!,,,,,,II,Designated as member in Villenave+2021,Sz 52,178,M2.5,3488,,0.177827941,--,0.34,--,--,--,--,Villenave+22,Sz 52,3485,0.226,-98.89,0.334,-105.7,0.3449,-105.7,0.36,-105.73,0.334,-105.7,--,201.09
ChamII,Hn 24,J13045571-7739495,04:55.7,-77:39:49.210,5.0844,0.0122,196.68,1.166,196.68,"[-20.490, -7.914]",II,1,"[, ALMA]","[, 225.7]","[, 1.3]","[, 0.48x0.25]","[, 0.17]","[, Villenave+21]","[, 10.52]","[, 0.19]","[, 10.52]","[, 11.50]",11.5,"[, 0.193]","[, 0.015]",--,--,#VALUE!,,,,,,II,Designated as member in Villenave+2021,Hn24,178,M0,3850,,0.85,-1.99,1,-9.07,--,--,,Villenave+22,Hn 24,3900,1.037,-1.903,0.551,-8.696,0.5925,-8.727,0.5,-8.65,0.551,-8.696,--,196.68
ChamII,Hn 25,J13050855-7733425,05:08.5,-77:33:42.660,5.0978,0.038,196.16,1.111,196.16,"[-20.420, -7.916]",II,1,"[, ALMA]","[, 225.7]","[, 1.3]","[, 0.48x0.25]","[, 0.17]","[, Villenave+21]","[, 5.38]","[, 0.18]","[, 5.38]","[, 5.85]",5.85,"[, ]","[, ]",--,--,#VALUE!,,,,,,II,Designated as member in Villenave+2021,Hn 25,178,M2.5,3488,,0.331131122,--,0.35,--,--,--,--,Villenave+22,Hn 25,3485,0.402,-98.91,0.326,-105.5,0.35,-105.6,0.33,-105.6,0.326,-105.5,--,196.16
ChamII,Sz 53,J13051269-7730525,05:12.7,-77:30:52.560,5.1295,0.0345,194.95,1.211,194.95,"[-20.401, -7.692]",II,1,"[, ALMA]","[, 225.7]","[, 1.3]","[, 0.48x0.25]","[, 0.17]","[, Villenave+21]","[, 4.81]","[, 0.20]","[, 4.81]","[, 5.17]",5.17,"[, 0.307]","[, 0.032]",--,--,#VALUE!,,,,,,II,Designated as member in Villenave+2021,Sz 53,178,M1,3705,,0.323593657,--,0.49,--,--,--,--,Villenave+22,Sz 53,3720,0.388,-98.92,0.47,-105.8,0.4775,-105.8,0.47,-105.82,0.47,-105.8,--,194.95
ChamII,Sz 54,J13052072-7739015,05:20.8,-77:39:01.480,5.1118,0.0131,195.63,1.002,195.63,"[-20.032, -7.754]",II,1,"[, ALMA]","[, 225.7]","[, 1.3]","[, 0.48x0.25]","[, 0.17]","[, Villenave+21]","[, 10.54]","[, 0.18]","[, 10.54]","[, 11.40]",11.4,"[, 0.586]","[, 0.009]",--,--,#VALUE!,,,,,,II,Designated as member in Villenave+2021,Sz 54,178,K5,4350,,1.9498446,--,0.86,--,--,--,--,Villenave+22,Sz 54,4210,2.355,-98.91,0.839,-105.7,0.9024,-105.8,0.68,-105.69,0.68,-105.69,--,195.63
ChamII,J130521.7-773810,J13052169-7738102,05:21.7,-77:38:10.140,5.2029,0.098,192.2,1.229,192.2,"[-19.531, -7.523]",Flat,0,"[, ALMA]","[, 225.7]","[, 1.3]","[, 0.48x0.25]","[, 0.17]","[, Villenave+21]","[, <0.51]","[, ??]","[, <0.51]","[, <0.53]",<0.53,"[, ]","[, ]",--,--,#VALUE!,,,,,,Flat,Designated as likely member in Villenave+2021; Rejected by Galli+2020 but EDR3 distance consistent with cluster,J130521.7-773810,178,--,-99,,-9.00E+00,--,--,--,--,--,--,Villenave+22,J130521.7-773810,-99,-10.4,-98.93,nan,nan,nan,nan,nan,nan,nan,nan,--,192.2
ChamII,J130529.0-774140,J130529.0-774140,05:29.0,-77:41:40.060,--,--,--,--,197,"[, ]",II,1,"[, ALMA]","[, 225.7]","[, 1.3]","[, 0.48x0.25]","[, 0.17]","[, Villenave+21]","[, <0.51]","[, ??]","[, <0.51]","[, <0.56]",<0.56,"[, ]","[, ]",--,--,#VALUE!,,,,,,II,Designated as uncertain member in Villenave+2021,J130529.0-774140,178,--,-99,,-9.00E+00,--,--,--,--,--,--,Villenave+22,J130529.0-774140,-99,-10.9,-98.91,nan,nan,nan,nan,nan,nan,nan,nan,--,196.5
ChamII,SSTc2d J130540.8-773958,J130540.8-773958,05:40.8,-77:39:58.200,--,--,--,--,197,"[, ]",II,1,"[, ]","[, ]","[, ]","[, ]","[, ]","[, ]","[, ]","[, ]","[, ]","[, ]",--,"[, ]","[, ]",--,--,#VALUE!,,,,,,II,Not in Villenave+2021 sample but in original Alcala+2008 YSO Survey,SSTc2d J130540.8-773958,178,--,-99,,0.00060256,--,--,--,--,--,--,Villenave+22,SSTc2d J130540.8-773958,-99,0,-98.91,nan,nan,nan,nan,nan,nan,nan,nan,--,196.5
ChamII,Sz 55,J13063053-7734001,06:30.5,-77:34:00.120,5.1362,0.0357,194.7,1.131,194.7,"[-19.916, -6.730]",II,1,"[, ]","[, ]","[, ]","[, ]","[, ]","[, ]","[, ]","[, ]","[, ]","[, ]",--,"[, ]","[, ]",--,--,#VALUE!,,,,,,II,In Villenave+2021 but unobserved,Sz 55,178,M2,3560,,0.125892541,--,0.42,--,--,--,--,Villenave+22,Sz 55,3560,0.15,-98.92,0.41,-105.9,0.3675,-105.8,0.42,-105.93,0.41,-105.9,--,194.7
ChamII,Sz 56,J13063882-7730352,06:38.7,-77:30:35.390,5.1788,0.031,193.09,1.102,193.09,"[-20.638, -8.922]",II,1,"[, ALMA]","[, 225.7]","[, 1.3]","[, 0.48x0.25]","[, 0.17]","[, Villenave+21]","[, 1.00]","[, 0.15]","[, 1.00]","[, 1.05]",1.05,"[, ]","[, ]",--,--,#VALUE!,,,,,,II,Designated as member in Villenave+2021,Sz 56,178,M4,3270,,0.338844156,--,0.24,--,--,--,--,Villenave+22,Sz 56,3190,0.398,-98.92,nan,nan,0.245,-105.4,0.22,-105.36,0.22,-105.36,--,193.09
ChamII,Sz 57,J13065656-7723094,06:56.6,-77:23:09.460,5.3922,0.0912,185.45,2.583,197,"[-20.251, -8.068]",II,1,"[, ]","[, ]","[, ]","[, ]","[, ]","[, ]","[, ]","[, ]","[, ]","[, ]",--,"[, ]","[, ]",--,--,#VALUE!,,,,,,II,In Villenave+2021 but unobserved,Sz 57,178,M5,3125,,0.407380278,--,0.24,--,--,--,--,Villenave+22,Sz 57,2980,0.496,-98.91,nan,nan,0.18,-105.1,nan,nan,0.18,-105.1,--,196.5
ChamII,Sz 58,J13065744-7723415,06:57.4,-77:23:41.460,5.1157,0.0487,195.48,2.491,197,"[-20.475, -8.074]",II,1,"[, ALMA]","[, 225.7]","[, 1.3]","[, 0.48x0.25]","[, 0.17]","[, Villenave+21]","[, 60.72]","[, 0.30]","[, 60.72]","[, 66.59]",66.25,"[, 0.699]","[, 0.005]",--,--,#VALUE!,,,,,,II,Designated as member in Villenave+2021,Sz 58,178,K5,4350,,0.691830971,--,1.06,--,--,--,--,Villenave+22,Sz 58,4210,0.843,-98.91,0.863,-106,0.9424,-106,0.8,-105.98,0.8,-105.98,--,196.5
ChamII,Sz 59,J13070922-7730304,07:09.2,-77:30:30.240,--,--,--,--,197,"[, ]",II,1,"[, ALMA]","[, 225.7]","[, 1.3]","[, 0.48x0.25]","[, 0.17]","[, Villenave+21]","[, 4.99]","[, 0.16]","[, 4.99]","[, 5.47]",5.44,"[, ]","[, ]",--,--,#VALUE!,,,,,,II,Designated as likely member in Villenave+2021,Sz 59,178,K7,4060,,0.891250938,--,0.68,--,--,--,--,Villenave+22,Sz 59,4020,1.086,-98.91,0.654,-105.7,0.705,-105.8,0.58,-105.74,0.58,-105.74,--,196.5
ChamII,J13071806-7740529,J13071806-7740529,07:18.0,-77:40:53.000,4.9328,0.0934,202.72,1.044,202.72,"[-19.240, -7.071]",II,1,"[, ALMA]","[, 225.7]","[, 1.3]","[, 0.48x0.25]","[, 0.17]","[, Villenave+21]","[, <0.51]","[, ??]","[, <0.51]","[, <0.59]",<0.59,"[, ]","[, ]",--,--,#VALUE!,,,,,,II,Designated as member in Villenave+2021,J13071806-7740529,178,M4.5,3200,,9.332543008,--,0.2,--,--,--,--,Villenave+22,J13071806-7740529,3085,12.1,-98.88,nan,nan,nan,nan,nan,nan,nan,nan,--,202.72
ChamII,Sz 60E,J13072331-7737230,07:23.3,-77:37:23.200,5.0369,0.0315,198.53,1.191,198.53,"[-20.096, -7.282]",II,1,"[, ]","[, ]","[, ]","[, ]","[, ]","[, ]","[, ]","[, ]","[, ]","[, ]",--,"[, ]","[, ]",--,--,#VALUE!,,,,,,II,In Villenave+2021 but unobserved,Sz 60E,178,M4,3270,,0.213796209,--,0.24,--,--,--,--,Villenave+22,Sz 60E,3190,0.265,-98.9,0.195,-105.3,0.2325,-105.4,0.19,-105.37,0.195,-105.3,--,198.53
ChamII,Hn 26,J13074851-7741214,07:48.5,-77:41:21.730,5.0563,0.0267,197.77,1.066,197.77,"[-19.473, -7.592]",II,1,"[, ALMA]","[, 225.7]","[, 1.3]","[, 0.48x0.25]","[, 0.17]","[, Villenave+21]","[, <0.51]","[, ??]","[, <0.51]","[, <0.56]",<0.56,"[, ]","[, ]",--,--,#VALUE!,,,,,,II,Designated as member in Villenave+2021,Hn 26,178,M2,3560,,0.257039578,--,0.41,--,--,--,--,Villenave+22,Hn 26,3560,0.317,-98.9,0.37,-105.7,0.3824,-105.7,0.38,-105.72,0.37,-105.7,--,197.77
ChamII,Sz 61,J13080628-7755051,08:06.3,-77:55:05.050,5.1403,0.0193,194.54,1.722,194.54,"[-19.674, -7.508]",II,1,"[, ALMA]","[, 225.7]","[, 1.3]","[, 0.48x0.25]","[, 0.17]","[, Villenave+21]","[, 41.32]","[, 0.23]","[, 41.32]","[, 44.19]",44.19,"[, 0.31]","[, 0.003]",--,--,#VALUE!,,,,,,II,Designated as member in Villenave+2021,Sz 61,178,K5,4350,,1.174897555,--,1.1,--,--,--,--,Villenave+22,Sz 61,4210,1.403,-98.92,0.82,-105.8,0.9174,-105.9,0.71,-105.83,0.71,-105.83,--,194.54
ChamII,J13082714-7743232,J13082714-7743232,08:27.2,-77:43:23.410,4.8697,0.1108,205.35,0.962,205.35,"[-19.683, -7.752]",II,1,"[, ALMA]","[, 225.7]","[, 1.3]","[, 0.48x0.25]","[, 0.17]","[, Villenave+21]","[, <0.51]","[, ??]","[, <0.51]","[, <0.61]",<0.61,"[, ]","[, ]",--,--,#VALUE!,,,,,,II,Designated as member in Villenave+2021,J13082714-7743232,178,M4.5,3200,,0.050118723,--,0.2,--,--,--,--,Villenave+22,J13082714-7743232,3085,0.066,-98.87,0.149,-105.4,0.145,-105.4,0.13,-105.42,0.149,-105.4,--,205.35
ChamII,IRAS F13052-7653NW,J13090987-7709437,09:09.8,-77:09:43.520,5.0853,0.0168,196.65,1.277,196.65,"[-19.334, -7.350]",II,1,"[, ]","[, ]","[, ]","[, ]","[, ]","[, ]","[, ]","[, ]","[, ]","[, ]",--,"[, ]","[, ]",--,--,#VALUE!,,,,,,II,In Villenave+2021 but unobserved,IRAS F13052-7653NW,178,M0.5,3780,,0.199526232,--,0.57,--,--,--,--,Villenave+22,IRAS F13052-7653NW,3810,0.243,-98.91,0.596,-106,0.54,-105.9,0.61,-106.04,0.596,-106,--,196.65
ChamII,IRAS F13052-7653N,J13091071-7709443,09:11.0,-77:09:44.140,0.8689,0.0128,1150.88,1.032,197,"[-13.429, -2.762]",II,1,"[, ]","[, ]","[, ]","[, ]","[, ]","[, ]","[, ]","[, ]","[, ]","[, ]",--,"[, ]","[, ]",--,--,#VALUE!,,,,,,II,In Villenave+2021 but unobserved,IRAS F13052-7653N,178,M1.5,3630,,0.338844156,--,0.38,--,--,--,--,Villenave+22,IRAS F13052-7653N,3640,0.412,-98.91,0.405,-105.7,0.4275,-105.7,0.42,-105.72,0.405,-105.7,--,196.5
ChamII,Sz 62,J13095036-7757240,09:50.4,-77:57:23.940,4.7004,0.1283,212.75,3.832,197,"[-19.361, -8.521]",II,1,"[, ALMA]","[, 225.7]","[, 1.3]","[, 0.48x0.25]","[, 0.17]","[, Villenave+21]","[, <0.51]","[, ??]","[, <0.51]","[, <0.56]",<0.56,"[, ]","[, ]",--,--,#VALUE!,,,,,,II,Designated as likely member in Villenave+2021,Sz 62,178,M2.5,3488,,0.331131122,--,0.27,--,--,--,--,Villenave+22,Sz 62,3485,0.403,-98.91,0.33,-105.5,0.355,-105.6,0.33,-105.59,0.33,-105.5,--,196.5
ChamII,Sz 63,J13100415-7710447,10:04.1,-77:10:44.620,4.9791,0.0181,200.84,1.201,200.84,"[-19.703, -7.423]",II,1,"[, ALMA]","[, 225.7]","[, 1.3]","[, 0.48x0.25]","[, 0.17]","[, Villenave+21]","[, 19.79]","[, 0.21]","[, 19.79]","[, 22.56]",22.56,"[, 0.369]","[, 0.009]",--,--,#VALUE!,,,,,,II,Designated as member in Villenave+2021,Sz 63,178,M3,3415,,0.229086765,--,0.28,--,--,--,--,Villenave+22,Sz 63,3410,0.291,-98.89,0.291,-105.5,0.32,-105.6,0.3,-105.59,0.291,-105.5,--,200.84
ChamII,Sz 64,J13140369-7753076,14:03.8,-77:53:07.480,5.1652,0.0324,193.6,1.035,193.6,"[-18.497, -7.629]",II,1,"[, ]","[, ]","[, ]","[, ]","[, ]","[, ]","[, ]","[, ]","[, ]","[, ]",--,"[, ]","[, ]",--,--,#VALUE!,,,,,,II,In Villenave+2021 but unobserved,Sz 64,178,M5,3125,,0.091201084,--,0.19,--,--,--,--,Villenave+22,Sz 64,2980,0.107,-98.92,0.13,-105.3,0.125,-105.3,0.11,-105.28,0.13,-105.3,--,193.6
Taurus,IRAS 04108+2910,J04135737+2918193,13:57.4,=+29:18:19.330,8.3557,0.0588,119.68,1.713,119.68,"[9.144, -23.768]",II,1,"[, pre-ALMA]","[, 225]","[, 1.3]","[??, ??]","[??, ??]","[, Andrews+13]","[, <19.8]","[, ??]","[, <19.8]","[, <8.01]",<8.01,"[, ]","[, ]",--,--,#VALUE!,,,,,,II,,J04135737+2918193,123.47,--,3415,,0.158489319,--,0.31,--,--,--,--,"HH08,HH14,Testi+22",IRAS 04108+2910,3410,0.148,-99.02,0.299,-105.8,0.3,-105.8,0.31,-105.88,0.299,-105.8,--,119.68
Taurus,J04141188+2811535,J04141188+2811535,14:11.9,=+28:11:53.510,7.6222,0.1171,131.2,1.152,131.2,"[7.599, -23.840]",II,1,"[ALMA, pre-ALMA]","[338.8, 225]","[0.885, 1.3]","[0.34x0.24, ??]","[0.15, ??]","[Ward-Duong+18, Andrews+13]","[1.25, <19.5]","[0.3, ??]","[1.25, <19.5]","[0.22, <9.48]",<9.48,"[, ]","[, ]",--,--,#VALUE!,,,,,,II,,J04141188+2811535,131.1,--,2965,,0.022908677,-2.55,0.08,--,--,--,--,"HH08,HH14,Testi+22",J04141188+2811535,2839,0.022,-2.549,0.052,-8.876,nan,nan,nan,nan,0.052,-8.876,--,131.2
Taurus,FM Tau,J04141358+2812492,14:13.6,=+28:12:49.240,7.5753,0.0244,132.01,1.63,132.01,"[8.383, -24.540]",II,1,"[pre-ALMA, ]","[388, ]","[0.89, ]","[??, ??]","[??, ??]","[Andrews+13, ]","[28.8, ]","[9.1, ]","[28.8, ]","[5.24, ]",5.24,"[, ]","[, ]",--,--,#VALUE!,,,,,,II,,J04141358+2812492,131.93,M4.5,3197,,0.218776162,-1.64,0.19,--,--,--,--,"HH08,HH14,Testi+22",FM Tau,3085,0.219,-1.639,0.18,-8.082,0.1899,-8.103,0.17,-8.05,0.18,-8.082,--,132.01
Taurus,FN Tau,J04141458+2827580,14:14.6,=+28:27:58.060,7.6986,0.028,129.89,1.32,129.89,"[9.344, -23.839]",II,1,"[pre-ALMA, ]","[388, ]","[0.89, ]","[??, ??]","[??, ??]","[Andrews+13, ]","[36.5, ]","[5.0, ]","[36.5, ]","[6.43, ]",6.43,"[, ]","[, ]",--,0.17,22.0813,,,,,,II,,J04141458+2827580,131.23,M3.5,3342,,0.602559586,--,0.3,--,--,--,--,"HH08,HH14,Testi+22",FN Tau,3300,0.59,-99,nan,nan,0.2775,-105.4,0.27,-105.46,0.27,-105.46,--,129.89
Taurus,CW Tau,J04141700+2810578,14:17.0,=+28:10:57.840,7.6017,0.0373,131.55,1.258,131.55,"[8.144, -24.206]",II,1,"[pre-ALMA, pre-ALMA]","[388, 225]","[0.89, 1.3]","[??, ??]","[??, ??]","[Andrews+13, Andrews+13]","[160.1, 52.3]","[26.8, 7.0]","[160.1, 52.3]","[28.95, 25.57]",25.57,"[, ]","[, ]",--,--,#VALUE!,,,,,,II,,J04141700+2810578,132.45,K3,4730,,1.071519305,--,1.29,--,--,--,--,"HH08,HH14,Testi+22",CW Tau,4540,1.057,-99,1.221,-106.2,1.2899,-106.2,1.11,-106.23,1.11,-106.23,--,131.55
Taurus,CIDA 1,J04141760+2806096,14:17.6,=+28:06:09.700,7.4283,0.0457,134.62,1.07,134.62,"[8.285, -23.607]",II,1,"[, pre-ALMA]","[, 225]","[, 1.3]","[??, ??]","[??, ??]","[, Andrews+13]","[, 13.5]","[, 2.8]","[, 13.5]","[, 6.91]",6.91,"[, ]","[, ]",--,--,#VALUE!,,,,,,II,,J04141760+2806096,135.69,M4.5,3125,,0.213796209,-1.58,0.18,--,--,--,--,"HH08,HH14,Testi+22",CIDA 1,3085,0.21,-1.586,0.178,-8.033,0.1924,-8.065,0.16,-7.99,0.178,-8.033,--,134.62
Taurus,MHO 1,J04142626+2806032,14:26.3,=+28:06:03.250,7.4652,0.3903,133.95,1.114,133.95,"[7.954, -26.469]",II,1,"[ALMA, ALMA]","[??, ??]","[0.850, 1.3]","[0.72x0.50, 1.15x0.73]","[1.95, 0.54]","[Akeson&Jensen+2014, Akeson&Jensen+2014]","[476.70, 216.00]","[3.20, 0.76]","[476.70, 216.00]","[79.55, 109.51]",109.51,"[, ]","[, ]",--,--,#VALUE!,,,,,,II,,J04142626+2806032,142.13,--,3487,,0.104712855,--,0.37,--,--,--,--,"HH08,HH14,Testi+22",MHO 1,3483,0.093,-99.05,0.374,-106.1,0.3125,-106,0.37,-106.1,0.374,-106.1,--,133.95
Taurus,MHO 2 AB,J04142639+2805597,14:26.4,=+28:05:59.720,7.632,0.1668,131.03,1.551,131.03,"[9.889, -25.386]",II,1,"[ALMA, ALMA]","[??, ??]","[0.850, 1.3]","[0.72x0.50, 1.15x0.73]","[1.95, 0.54]","[Akeson&Jensen+2014, Akeson&Jensen+2014]","[295.20, 133.30]","[3.30, 0.79]","[295.20, 133.30]","[47.14, 64.67]",64.67,"[, ]","[, ]",--,--,#VALUE!,,,,,,II,,04142639+2805597,--,--,--,,--,--,--,--,--,--,,"HH08,HH14,Testi+22",MHO 2 AB,-99,-99,-99,-99,--,-99,--,-99,-99,-99,-99,--,-99
Taurus,MHO 3 AB,J04143054+2805147,14:30.5,=+28:05:14.730,5.5586,0.1705,179.9,2.497,141,"[4.795, -23.888]",II,1,"[, pre-ALMA]","[, 225]","[, 1.3]","[??, ??]","[??, ??]","[, Andrews+13]","[, <12.0]","[, ??]","[, <12.0]","[, <6.74]",<6.65,"[, ]","[, ]",--,--,#VALUE!,,,,,,II,,04143054+2805147,--,--,--,,--,--,--,--,--,--,,"HH08,HH14,Testi+22",MHO 3 AB,-99,-99,-99,-99,--,-99,--,-99,-99,-99,-99,--,-99
Taurus,FP Tau,J04144730+2646264,14:47.3,=+26:46:26.440,7.8441,0.026,127.48,1.251,127.48,"[8.990, -22.658]",II,1,"[ALMA, pre-ALMA]","[338.8, 225]","[0.885, 1.3]","[0.34x0.24, ??]","[0.15, ??]","[Ward-Duong+18, Andrews+13]","[14.96, <9.3]","[0.19, ??]","[14.96, <9.3]","[2.50, <4.27]",<4.27,"[, ]","[, ]",--,--,#VALUE!,,,,,,II,,J04144730+2646264,128.47,M2.6,3472,,0.398107171,--,0.32,--,--,--,--,"HH08,HH14,Testi+22",FP Tau,3470,0.391,-99,0.319,-105.6,0.3449,-105.7,0.32,-105.68,0.319,-105.6,--,127.48
Taurus,CX Tau,J04144786+2648110,14:47.9,=+26:48:11.010,7.8905,0.0196,126.73,1.179,126.73,"[8.745, -22.530]",II,1,"[pre-ALMA, ]","[388, ]","[0.89, ]","[??, ??]","[??, ??]","[Andrews+13, ]","[25.1, ]","[7.6, ]","[25.1, ]","[4.21, ]",4.21,"[, ]","[, ]",--,--,#VALUE!,,,,,,II,,J04144786+2648110,127.93,M2.5,3487,,0.346736851,--,0.33,--,--,--,--,"HH08,HH14,Testi+22",CX Tau,3485,0.34,-99,0.326,-105.7,0.35,-105.7,0.34,-105.73,0.326,-105.7,--,126.73
Taurus,FO Tau A,J04144928+2812305,14:49.3,=+28:12:30.600,7.3462,0.1977,136.12,11.449,141,"[6.833, -23.934]",II,1,"[pre-ALMA, ALMA]","[388, ??]","[0.89, 1.3]","[??, ??]","[??, ??]","[Andrews+13, Akeson+2019]","[13.0, 3.07]","[3.0, 0.19]","[13.0, 3.07]","[2.70, 1.72]",1.7,"[, ]","[, ]",--,--,#VALUE!,,,,,,II,,J04144928+2812305,156.94,M3.9,3342,,1.122018454,--,0.3,--,--,--,--,"HH08,HH14,Testi+22",FO Tau A,3212,0.892,-99.09,nan,nan,0.2599,-105.4,nan,nan,0.2599,-105.4,--,140
Taurus,FO Tau B,J04144928+2812305,14:49.3,=+28:12:30.600,7.3462,0.1977,136.12,11.449,141,"[6.833, -23.934]",II,1,"[pre-ALMA, ALMA]","[388, ??]","[0.89, 1.3]","[??, ??]","[??, ??]","[Andrews+13, Akeson+2019]","[<9.0, 2.94]","[??, 0.19]","[<9.0, 2.94]","[<1.87, 1.65]",1.63,"[, ]","[, ]",--,--,#VALUE!,,,,,,II,,J04144928+2812305,156.94,--,3342,,1.122018454,--,0.3,--,--,--,--,"HH08,HH14,Testi+22",FO Tau B,3302,0.892,-99.09,nan,nan,0.2824,-105.4,nan,nan,0.2824,-105.4,--,140
Taurus,J04153916+2818586,J04153916+2818586,15:39.2,=+28:18:58.620,7.539,0.0316,132.64,1.22,132.64,"[9.547, -24.137]",II,1,"[, pre-ALMA]","[, 225]","[, 1.3]","[??, ??]","[??, ??]","[, Andrews+13]","[, 13.4]","[, 1.4]","[, 13.4]","[, 6.66]",6.66,"[, ]","[, ]",--,--,#VALUE!,,,,,,II,,J04153916+2818586,131.49,M4,3306,,0.28840315,--,0.24,--,--,--,--,"HH08,HH14,Testi+22",J04153916+2818586,3190,0.293,-98.99,0.204,-105.4,0.2375,-105.5,0.2,-105.43,0.204,-105.4,--,132.64
Taurus,IRAS 04125+2902,J04154278+2909597,15:42.8,=+29:09:59.770,6.2474,0.027,160.07,1.355,160.07,"[12.104, -18.145]",II,1,"[pre-ALMA, pre-ALMA]","[388, 225]","[0.89, 1.3]","[??, ??]","[??, ??]","[Andrews+13, Andrews+13]","[40.0, 19.9]","[4.2, 2.5]","[40.0, 19.9]","[10.71, 14.41]",14.41,"[, ]","[, ]",--,0.3,48.021,,,,,,II,,J04154278+2909597,159.95,--,3705,,0.45708819,--,0.45,--,--,--,--,"HH08,HH14,Testi+22",IRAS 04125+2902,3720,0.457,-98.99,0.459,-105.8,0.4749,-105.8,0.46,-105.85,0.459,-105.8,--,160.07
Taurus,J04155799+2746175,J04155799+2746175,15:58.0,=+27:46:17.570,7.5097,0.0531,133.16,1.027,133.16,"[8.940, -24.438]",II,1,"[, pre-ALMA]","[, 225]","[, 1.3]","[??, ??]","[??, ??]","[, Andrews+13]","[, 12.6]","[, 1.4]","[, 12.6]","[, 6.31]",6.31,"[, ]","[, ]",--,--,#VALUE!,,,,,,II,,J04155799+2746175,135.67,M5.2,3060,,0.083176377,--,0.14,--,--,--,--,"HH08,HH14,Testi+22",J04155799+2746175,2956,0.08,-99.01,0.109,-105.4,0.105,-105.4,0.09,-105.35,0.109,-105.4,--,133.16
Taurus,J04161210+2756385,J04161210+2756385,16:12.1,=+27:56:38.580,7.426,0.0989,134.66,0.88,134.66,"[8.735, -24.990]",II,1,"[ALMA, pre-ALMA]","[338.8, 225]","[0.885, 1.3]","[0.34x0.24, ??]","[0.15, ??]","[Ward-Duong+18, Andrews+13]","[5.84, <4.2]","[0.19, ??]","[5.84, <4.2]","[1.09, <2.15]",<2.15,"[, ]","[, ]",--,--,#VALUE!,,,,,,II,,J04161210+2756385,137.5,--,3161,,0.054954087,--,0.18,--,--,--,--,"HH08,HH14,Testi+22",J04161210+2756385,3030,0.052,-99.01,0.119,-105.5,0.1099,-105.5,0.1,-105.51,0.119,-105.5,--,134.66
Taurus,J04163911+2858491,J04163911+2858491,16:39.1,=+28:58:49.140,5.0902,0.3756,196.46,3.177,141,"[9.426, -16.079]",II,1,"[, pre-ALMA]","[, 225]","[, 1.3]","[??, ??]","[??, ??]","[, Andrews+13]","[, <2.5]","[, ??]","[, <2.5]","[, <1.40]",<1.38,"[, ]","[, ]",--,--,#VALUE!,,,,,,II,,J04163911+2858491,160.05,--,3060,,0.0616595,--,0.14,--,--,--,--,"HH08,HH14,Testi+22",J04163911+2858491,2920,0.047,-99.11,0.081,-105.4,0.1,-105.5,0.09,-105.54,0.081,-105.4,--,140
Taurus,CY Tau,J04173372+2820468,17:33.7,=+28:20:46.850,7.9158,0.0204,126.33,1.442,126.33,"[8.886, -25.679]",II,1,"[pre-ALMA, pre-ALMA]","[388, 225]","[0.89, 1.3]","[??, ??]","[??, ??]","[Andrews+13, Andrews+13]","[163.7, 79.4]","[13.0, 5.9]","[163.7, 79.4]","[27.30, 35.81]",35.81,"[, ]","[, ]",--,0.36,45.4788,,,,,,II,,J04173372+2820468,128.88,M2.3,3516,,0.371535229,-1.46,0.35,--,--,--,--,"HH08,HH14,Testi+22",CY Tau,3515,0.356,-1.477,0.341,-8.204,0.3675,-8.235,0.35,-8.22,0.341,-8.204,--,126.33
Taurus,KPNO 10,J04174955+2813318,17:49.6,=+28:13:31.850,7.3634,0.0729,135.81,1.104,135.81,"[8.800, -25.182]",II,1,"[, pre-ALMA]","[, 225]","[, 1.3]","[??, ??]","[??, ??]","[, Andrews+13]","[, 7.8]","[, 1.4]","[, 7.8]","[, 4.07]",4.07,"[, ]","[, ]",--,--,#VALUE!,,,,,,II,,J04174955+2813318,137.36,--,3125,,0.069183097,--,0.16,--,--,--,--,"HH08,HH14,Testi+22",KPNO 10,2980,0.067,-99,0.11,-105.4,0.1075,-105.4,0.09,-105.37,0.11,-105.4,--,135.81
Taurus,V410 X-ray 1,J04174965+2829362,17:49.7,=+28:29:36.270,7.6348,0.0328,130.98,1.216,130.98,"[6.995, -24.174]",II,1,"[pre-ALMA, ]","[388, ]","[0.89, ]","[??, ??]","[??, ??]","[Andrews+13, ]","[<9.0, ]","[??, ]","[<9.0, ]","[<1.61, ]",<1.61,"[, ]","[, ]",--,--,#VALUE!,,,,,,II,,J04174965+2829362,129.03,M3.7,3313,,0.239883292,--,0.25,--,--,--,--,"HH08,HH14,Testi+22",V410 X-ray 1,3256,0.247,-98.98,0.216,-105.5,0.2549,-105.5,0.22,-105.53,0.216,-105.5,--,130.98
Taurus,V409 Tau,J04181078+2519574,18:10.8,=+25:19:57.390,7.7117,0.0237,129.67,1.401,129.67,"[8.798, -23.448]",II,1,"[, ALMA]","[, 225.5]","[, 1.3]","[??, 0.13x0.11]","[??, 0.046]","[, Long+19]","[, 20.22]","[, (0.12, -0.18)]","[, 20.22]","[, 9.61]",9.61,"[, 0.311]","[, ]",--,--,#VALUE!,,,,,,II,,J04181078+2519574,131.37,M0.6,3705,,0.446683592,--,0.45,--,--,--,--,"HH08,HH14,Testi+22",V409 Tau,3792,0.435,-99.01,0.52,-105.9,0.5249,-105.9,0.51,-105.94,0.52,-105.9,--,129.67
Taurus,V410 Anon 13,J04181710+2828419,18:17.1,=+28:28:41.920,7.8499,0.2216,127.39,1.123,127.39,"[7.687, -25.501]",II,1,"[ALMA, pre-ALMA]","[338.8, 225]","[0.885, 1.3]","[0.34x0.24, ??]","[0.15, ??]","[Ward-Duong+18, Andrews+13]","[1.51, <9.0]","[0.19, ??]","[1.51, <9.0]","[0.25, <4.13]",<4.13,"[, ]","[, ]",--,--,#VALUE!,,,,,,II,,J04181710+2828419,124.38,--,3025,,0.075857758,--,0.13,--,--,--,--,"HH08,HH14,Testi+22",V410 Anon 13,2890,0.079,-98.97,0.108,-105.3,0.1,-105.3,0.09,-105.29,0.108,-105.3,--,127.39
Taurus,DD Tau A,J04183112+2816290,18:31.1,=+28:16:29.020,7.8924,0.0635,126.7,1.275,126.7,"[7.278, -24.928]",II,1,"[, pre-ALMA]","[, 225]","[, 1.3]","[??, ??]","[??, ??]","[, Andrews+13]","[, 9.2]","[, 4.3]","[, 9.2]","[, 4.17]",4.17,"[, ]","[, ]",--,--,#VALUE!,,,,,,II,,J04183112+2816290,123.08,M4.8,3342,,0.660693448,--,0.32,--,--,--,--,"HH08,HH14,Testi+22",DD Tau A,3022,0.7,-98.97,nan,nan,0.2199,-105.2,nan,nan,0.2199,-105.2,--,126.7
Taurus,DD Tau B,J04183112+2816290,18:31.1,=+28:16:29.020,7.8924,0.0635,126.7,1.275,126.7,"[7.278, -24.928]",II,1,"[, pre-ALMA]","[, 225]","[, 1.3]","[??, ??]","[??, ??]","[, Andrews+13]","[, 3.4]","[, 1.9]","[, 3.4]","[, 1.54]",1.54,"[, ]","[, ]",--,--,#VALUE!,,,,,,II,,J04183112+2816290,123.08,--,3342,,0.660693448,--,0.32,--,--,--,--,"HH08,HH14,Testi+22",DD Tau B,3302,0.7,-98.97,nan,nan,0.2824,-105.4,nan,nan,0.2824,-105.4,--,126.7
Taurus,CZ Tau A,J04183158+2816585,18:31.6,=+28:16:58.530,--,--,--,--,141,"[, ]",II,1,"[pre-ALMA, ALMA]","[388, ??]","[0.89, 1.3]","[??, ??]","[??, ??]","[Andrews+13, Akeson+2019]","[<9.0, <0.36]","[??, ??]","[<9.0, <0.36]","[<1.87, <0.20]",<0.20,"[, ]","[, ]",--,--,#VALUE!,,,,,,II,,J04183158+2816585,128.39,--,3415,,0.371535229,--,0.29,--,--,--,--,"HH08,HH14,Testi+22",CZ Tau A,3410,0.441,-98.92,0.281,-105.4,0.3225,-105.5,0.29,-105.5,0.281,-105.4,--,140
Taurus,CZ Tau B,J04183158+2816585,18:31.6,=+28:16:58.530,--,--,--,--,141,"[, ]",II,1,"[pre-ALMA, ALMA]","[388, ??]","[0.89, 1.3]","[??, ??]","[??, ??]","[Andrews+13, Akeson+2019]","[<9.0, 0.62]","[??, 0.12]","[<9.0, 0.62]","[<1.87, 0.35]",0.34,"[, ]","[, ]",--,--,#VALUE!,,,,,,II,,J04183158+2816585,128.39,--,3415,,0.371535229,--,0.29,--,--,--,--,"HH08,HH14,Testi+22",CZ Tau B,3410,0.441,-98.92,0.281,-105.4,0.3225,-105.5,0.29,-105.5,0.281,-105.4,--,140
Taurus,V410 X-ray 2,J04183444+2830302,18:34.4,=+28:30:30.230,--,--,--,--,141,"[, ]",II,1,"[pre-ALMA, pre-ALMA]","[388, 225]","[0.89, 1.3]","[??, ??]","[??, ??]","[Andrews+13, Andrews+13]","[26.1, 15.4]","[3.4, 2.3]","[26.1, 15.4]","[5.42, 8.65]",8.53,"[, ]","[, ]",--,0.16,22.56,,,,,,II,,04183444+2830302,--,--,--,,--,--,--,--,--,--,,"HH08,HH14,Testi+22",V410 X-ray 2,-99,-99,-99,-99,--,-99,--,-99,-99,-99,-99,--,-99
Taurus,V892 Tau AB,J04184061+2819155,18:40.6,=+28:19:15.510,7.4352,0.0849,134.5,3.551,141,"[3.517, -28.806]",II,1,"[pre-ALMA, pre-ALMA]","[388, 225]","[0.89, 1.3]","[??, ??]","[??, ??]","[Andrews+13, Andrews+13]","[592.2, 229.0]","[58.6, 14.5]","[592.2, 229.0]","[123.02, 128.65]",126.83,"[, ]","[, ]",--,--,#VALUE!,,,,,,II,,04184061+2819155,--,--,--,,--,--,--,--,--,--,,"HH08,HH14,Testi+22",V892 Tau AB,-99,-99,-99,-99,--,-99,--,-99,-99,-99,-99,--,-99
Taurus,LR 1,J04184133+2827250,18:41.3,=+28:27:25.010,--,--,--,--,141,"[, ]",II,1,"[, pre-ALMA]","[, 225]","[, 1.3]","[??, ??]","[??, ??]","[, Andrews+13]","[, 30.8]","[, 1.6]","[, 30.8]","[, 17.30]",17.06,"[, ]","[, ]",--,--,#VALUE!,,,,,,II,,04184133+2827250,--,--,--,,--,--,--,--,--,--,,"HH08,HH14,Testi+22",LR 1,-99,-99,-99,-99,--,-99,--,-99,-99,-99,-99,--,-99
Taurus,V410 X-ray 7 AB,J04184250+2818498,18:42.5,=+28:18:49.850,7.4314,0.1682,134.56,1.205,134.56,"[10.816, -24.773]",II,1,"[, pre-ALMA]","[, 225]","[, 1.3]","[??, ??]","[??, ??]","[, Andrews+13]","[, <13.0]","[, ??]","[, <13.0]","[, <6.65]",<6.65,"[, ]","[, ]",--,--,#VALUE!,,,,,,II,,04184250+2818498,--,--,--,,--,--,--,--,--,--,,"HH08,HH14,Testi+22",V410 X-ray 7 AB,-99,-99,-99,-99,--,-99,--,-99,-99,-99,-99,--,-99
Taurus,V410 X-ray 6,J04190110+2819420,19:01.1,=+28:19:42.050,7.8006,0.0787,128.2,1.408,128.2,"[7.769, -25.694]",II,1,"[ALMA, pre-ALMA]","[338.8, 225]","[0.885, 1.3]","[0.34x0.24, ??]","[0.15, ??]","[Ward-Duong+18, Andrews+13]","[<0.27, <2.1]","[??, ??]","[<0.27, <2.1]","[<0.05, <0.98]",<0.98,"[, ]","[, ]",--,--,#VALUE!,,,,,,II,,J04190110+2819420,119.37,M5.9,3060,,0.354813389,--,0.23,--,--,--,--,"HH08,HH14,Testi+22",V410 X-ray 6,2872,0.409,-98.93,nan,nan,0.1574,-105.1,nan,nan,0.1574,-105.1,--,128.2
Taurus,KPNO 12,J04190126+2802487,19:01.3,=+28:02:48.700,--,--,--,--,141,"[, ]",II,1,"[, pre-ALMA]","[, 225]","[, 1.3]","[??, ??]","[??, ??]","[, Andrews+13]","[, <2.1]","[, ??]","[, <2.1]","[, <1.18]",<1.16,"[, ]","[, ]",--,--,#VALUE!,,,,,,II,,04190126+2802487,--,--,--,,--,--,--,--,--,--,,"HH08,HH14,Testi+22",KPNO 12,-99,-99,-99,-99,--,-99,--,-99,-99,-99,-99,--,-99
Taurus,FQ Tau A,J04191281+2829330,19:12.8,=+28:29:33.100,--,--,--,--,141,"[, ]",II,1,"[ALMA, ALMA]","[??, ??]","[0.850, 1.3]","[0.76x0.50, 1.14x0.72]","[0.42, 0.15]","[Akeson&Jensen+2014, Akeson&Jensen+2014]","[5.42, 3.10]","[0.48, 0.21]","[5.42, 3.10]","[1.00, 1.74]",1.72,"[, ]","[, ]",--,--,#VALUE!,,,,,,II,,04191281+2829330,--,--,--,,--,--,--,--,--,--,,"HH08,HH14,Testi+22",FQ Tau A,-99,-99,-99,-99,--,-99,--,-99,-99,-99,-99,--,-99
Taurus,FQ Tau B,J04191281+2829330,19:12.8,=+28:29:33.100,--,--,--,--,141,"[, ]",II,1,"[ALMA, ALMA]","[??, ??]","[0.850, 1.3]","[0.76x0.50, 1.14x0.72]","[0.42, 0.15]","[Akeson&Jensen+2014, Akeson&Jensen+2014]","[4.24, 2.70]","[0.47, 0.15]","[4.24, 2.70]","[0.78, 1.52]",1.5,"[, ]","[, ]",--,--,#VALUE!,,,,,,II,,04191281+2829330,--,--,--,,--,--,--,--,--,--,,"HH08,HH14,Testi+22",FQ Tau B,-99,-99,-99,-99,--,-99,--,-99,-99,-99,-99,--,-99
Taurus,BP Tau,J04191583+2906269,19:15.8,=+29:06:26.893,7.8494,0.0362,127.4,2.198,141,"[8.889, -26.011]",II,1,"[pre-ALMA, ALMA]","[388, 225.5]","[0.89, 1.3]","[??, 0.14x0.11]","[??, 0.045]","[Andrews+13, Long+19]","[129.7, 45.15]","[11.5, (0.19, -0.14)]","[129.7, 45.15]","[26.94, 25.36]",25.01,"[, 0.321]","[, ]",--,--,#VALUE!,,,,,,II,,J04191583+2906269,129.08,M0.5,3777,,0.831763771,-0.63,0.47,--,--,--,--,"HH08,HH14,Testi+22",BP Tau,3810,0.978,-0.559,0.486,-7.29,0.5249,-7.323,0.44,-7.25,0.486,-7.29,--,140
Taurus,V819 Tau,J04192625+2826142,19:26.3,=+28:26:14.300,7.7342,0.0254,129.3,1.327,129.3,"[8.052, -25.493]",II,1,"[pre-ALMA, ALMA]","[388, ??]","[0.89, 1.3]","[??, ??]","[??, ??]","[Andrews+13, Hardy+2015]","[<9.0, 0.53]","[??, 0.14]","[<9.0, 0.53]","[<1.57, 0.25]",0.25,"[, ]","[, ]",--,--,#VALUE!,,,,,,II,,J04192625+2826142,131.7,K8,3989,,0.758577575,--,0.65,--,--,--,--,"HH08,HH14,Testi+22",V819 Tau,3900,0.731,-99.01,0.57,-105.8,0.615,-105.9,0.53,-105.87,0.57,-105.8,--,129.3
Taurus,FR Tau,J04193545+2827218,19:35.5,=+28:27:21.810,7.9061,0.1068,126.48,1.1,126.48,"[8.865, -25.461]",II,1,"[, pre-ALMA]","[, 225]","[, 1.3]","[??, ??]","[??, ??]","[, Andrews+13]","[, <15.0]","[, ??]","[, <15.0]","[, <6.78]",<6.78,"[, ]","[, ]",--,--,#VALUE!,,,,,,II,,J04193545+2827218,119.65,--,3092,,0.087096359,--,0.15,--,--,--,--,"HH08,HH14,Testi+22",FR Tau,2949,0.097,-98.95,0.122,-105.3,0.115,-105.3,0.1,-105.29,0.122,-105.3,--,126.48
Taurus,J04201611+2821325,J04201611+2821325,20:16.1,=+28:21:32.550,7.6169,0.1562,131.29,1.097,131.29,"[8.572, -25.240]",II,1,"[, pre-ALMA]","[, 225]","[, 1.3]","[??, ??]","[??, ??]","[, Andrews+13]","[, <1.7]","[, ??]","[, <1.7]","[, <0.83]",<0.83,"[, ]","[, ]",--,--,#VALUE!,,,,,,II,,J04201611+2821325,129,--,2940,,0.008912509,--,0.07,--,--,--,--,"HH08,HH14,Testi+22",J04201611+2821325,2819,0.009,-98.98,0.046,-105.4,nan,nan,nan,nan,0.046,-105.4,--,131.29
Taurus,J04202144+2813491,J04202144+2813491,20:21.4,=+28:13:49.170,--,--,--,--,141,"[, ]",II,1,"[, pre-ALMA]","[, 225]","[, 1.3]","[??, ??]","[??, ??]","[, Andrews+13]","[, 52.4]","[, 1.5]","[, 52.4]","[, 29.44]",29.02,"[, ]","[, ]",--,--,#VALUE!,,,,,,II,,04202144+2813491,--,--,--,,--,--,--,--,--,--,,"HH08,HH14,Testi+22",J04202144+2813491,-99,-99,-99,-99,--,-99,--,-99,-99,-99,-99,--,-99
Taurus,J04202555+2700355,J04202555+2700355,20:25.6,=+27:00:35.550,6.0362,0.1102,165.67,0.921,165.67,"[11.175, -17.696]",II,1,"[ALMA, pre-ALMA]","[338.8, 225]","[0.885, 1.3]","[0.34x0.24, ??]","[0.15, ??]","[Ward-Duong+18, Andrews+13]","[15.32, 8.4]","[0.19, 1.4]","[15.32, 8.4]","[4.33, 6.51]",6.51,"[, ]","[, ]",--,--,#VALUE!,,,,,,II,,J04202555+2700355,170.36,--,3092,,0.060255959,--,0.15,--,--,--,--,"HH08,HH14,Testi+22",J04202555+2700355,2949,0.056,-99.02,0.095,-105.4,0.1,-105.4,0.09,-105.42,0.095,-105.4,--,165.67
Taurus,IRAS 04173+2812,J04202583+2819237,20:25.8,=+28:19:23.750,7.0505,0.3212,141.83,1.173,141.83,"[9.698, -25.934]",II,1,"[, pre-ALMA]","[, 225]","[, 1.3]","[??, ??]","[??, ??]","[, Andrews+13]","[, <2.0]","[, ??]","[, <2.0]","[, <1.14]",<1.14,"[, ]","[, ]",--,--,#VALUE!,,,,,,II,,04202583+2819237,--,--,--,,--,--,--,--,--,--,,"HH08,HH14,Testi+22",IRAS 04173+2812,-99,-99,-99,-99,--,-99,--,-99,-99,-99,-99,--,-99
Taurus,J04202606+2804089,J04202606+2804089,20:26.1,=+28:04:08.950,7.811,0.0187,128.02,1.175,128.02,"[8.321, -25.910]",II,1,"[, pre-ALMA]","[, 225]","[, 1.3]","[??, ??]","[??, ??]","[, Andrews+13]","[, <4.3]","[, ??]","[, <4.3]","[, <1.99]",<1.99,"[, ]","[, ]",--,--,#VALUE!,,,,,,II,,J04202606+2804089,127.5,--,3342,,0.141253755,--,0.26,--,--,--,--,"HH08,HH14,Testi+22",J04202606+2804089,3302,0.142,-98.99,0.245,-105.7,0.2524,-105.7,0.24,-105.72,0.245,-105.7,--,128.02
Taurus,J04210795+2702204,J04210795+2702204,21:08.0,=+27:02:20.420,--,--,--,--,141,"[, ]",II,1,"[, pre-ALMA]","[, 225]","[, 1.3]","[??, ??]","[??, ??]","[, Andrews+13]","[, <2.7]","[, ??]","[, <2.7]","[, <1.52]",<1.50,"[, ]","[, ]",--,--,#VALUE!,,,,,,II,,04210795+2702204,--,--,--,,--,--,--,--,--,--,,"HH08,HH14,Testi+22",J04210795+2702204,-99,-99,-99,-99,--,-99,--,-99,-99,-99,-99,--,-99
Taurus,J04210934+2750368,J04210934+2750368,21:09.3,=+27:50:36.840,7.677,0.045,130.26,1.476,130.26,"[7.989, -26.710]",II,1,"[, pre-ALMA]","[, 225]","[, 1.3]","[??, ??]","[??, ??]","[, Andrews+13]","[, <1.8]","[, ??]","[, <1.8]","[, <0.86]",<0.86,"[, ]","[, ]",--,--,#VALUE!,,,,,,II,,J04210934+2750368,118.31,--,3092,,0.064565423,--,0.15,--,--,--,--,"HH08,HH14,Testi+22",J04210934+2750368,2949,0.078,-98.91,0.108,-105.3,0.1,-105.2,0.09,-105.24,0.108,-105.3,--,130.26
Taurus,J04213459+2701388,J04213459+2701388,21:34.6,=+27:01:38.850,6.0829,0.0852,164.4,1.025,164.4,"[11.678, -17.159]",II,1,"[ALMA, pre-ALMA]","[338.8, 225]","[0.885, 1.3]","[0.34x0.24, ??]","[0.15, ??]","[Ward-Duong+18, Andrews+13]","[<0.29, <3.0]","[??, ??]","[<0.29, <3.0]","[<0.08, <2.29]",<2.29,"[, ]","[, ]",--,--,#VALUE!,,,,,,II,,J04213459+2701388,167,--,3060,,0.169824365,--,0.16,--,--,--,--,"HH08,HH14,Testi+22",J04213459+2701388,2920,0.164,-99.01,nan,nan,0.1274,-105.3,nan,nan,0.1274,-105.3,--,164.4
Taurus,IRAS 04187+1927,J04214323+1934133,21:43.2,=+19:34:13.340,6.7951,0.036,147.16,1.156,147.16,"[6.516, -11.841]",II,1,"[, ALMA]","[, ??]","[, 1.3]","[??, ??]","[??, ??]","[, Akeson+2019]","[, 3.70]","[, 0.21]","[, 3.70]","[, 2.26]",2.26,"[, ]","[, ]",--,--,#VALUE!,,,,,,II,,J04214323+1934133,148.74,--,3501,,1.288249552,--,0.54,--,--,--,--,"HH08,HH14,Testi+22",IRAS 04187+1927,3498,1.261,-99,nan,nan,0.3625,-105.4,nan,nan,0.3625,-105.4,--,147.16
Taurus,J04214631+2659296,J04214631+2659296,21:46.3,=+26:59:29.610,6.1337,0.2196,163.03,1.055,163.03,"[11.432, -18.564]",II,1,"[, pre-ALMA]","[, 225]","[, 1.3]","[??, ??]","[??, ??]","[, Andrews+13]","[, <3.9]","[, ??]","[, <3.9]","[, <2.93]",<2.93,"[, ]","[, ]",--,--,#VALUE!,,,,,,II,,J04214631+2659296,160.46,--,3025,,0.038904515,--,0.11,--,--,--,--,"HH08,HH14,Testi+22",J04214631+2659296,2890,0.04,-98.98,0.07,-105.3,nan,nan,nan,nan,0.07,-105.3,--,163.03
Taurus,DE Tau,J04215563+2755060,21:55.6,=+27:55:06.060,7.8112,0.0253,128.02,1.387,128.02,"[10.624, -27.198]",II,1,"[pre-ALMA, pre-ALMA]","[388, 225]","[0.89, 1.3]","[??, ??]","[??, ??]","[Andrews+13, Andrews+13]","[84.3, 31.1]","[10.3, 3.1]","[84.3, 31.1]","[14.44, 14.40]",14.4,"[, ]","[, ]",--,--,#VALUE!,,,,,,II,,J04215563+2755060,127.37,M2.3,3516,,0.660693448,-1.01,0.33,--,--,--,--,"HH08,HH14,Testi+22",DE Tau,3515,0.667,-1.005,0.326,-7.576,0.3725,-7.633,0.32,-7.57,0.326,-7.576,--,128.02
Taurus,RY Tau,J04215740+2826355,21:57.4,=+28:26:35.571,7.2349,0.2031,138.22,13.281,141,"[8.744, -27.002]",II,1,"[pre-ALMA, ALMA]","[388, 225.5]","[0.89, 1.3]","[??, 0.14x0.11]","[??, 0.051]","[Andrews+13, Long+19]","[498.7, 210.40]","[33.4, (0.21, -0.21)]","[498.7, 210.40]","[103.59, 118.20]",116.53,"[, 0.509]","[, ]",--,--,#VALUE!,,,,,,II,,J04215740+2826355,443.07,G0,5930,,234.4228815,0.63,5.47,--,--,--,--,"HH08,HH14,Testi+22",RY Tau,5930,23.4,-0.37,nan,nan,2.5099,-7.509,2.75,-7.55,2.75,-7.55,--,140
Taurus,T Tau N,J04215943+1932063,21:59.4,=+19:32:06.480,6.8901,0.0377,145.14,2.296,141,"[11.682, -14.341]",II,1,"[pre-ALMA, ALMA]","[388, 225.5]","[0.89, 1.3]","[??, 0.14x0.10]","[??, 0.052]","[Andrews+13, Long+19]","[570.7, 179.72]","[43.1, (0.22, -0.22)]","[570.7, 179.72]","[118.55, 100.96]",99.54,"[, 0.143]","[, ]",--,--,#VALUE!,,,,,,II,,J04215943+1932063,144.32,K0,5250,,10.71519305,0.03,2.56,--,--,--,--,"HH08,HH14,Testi+22",T Tau N,4870,10.08,0.0036,nan,nan,2.575,-7.157,2,-7.05,2,-7.05,--,140
Taurus,FS Tau A,J04220217+2657304,22:02.2,=+26:57:30.500,7.4695,0.1349,133.88,1.491,133.88,"[10.897, -15.701]",II,1,"[pre-ALMA, ALMA]","[388, ??]","[0.89, 1.3]","[??, ??]","[??, ??]","[Andrews+13, Akeson+2019]","[44.9, 2.27]","[8.5, 0.18]","[44.9, 2.27]","[8.41, 1.15]",1.15,"[, ]","[, ]",--,--,#VALUE!,,,,,,II,,J04220217+2657304,160.31,--,3350,,0.223872114,--,0.26,--,--,--,--,"HH08,HH14,Testi+22",FS Tau A,3314,0.156,-99.15,0.251,-105.8,0.2599,-105.8,0.25,-105.88,0.251,-105.8,--,133.88
Taurus,FS Tau B,J04220217+2657304,22:02.2,=+26:57:30.500,7.4695,0.1349,133.88,1.491,133.88,"[10.897, -15.701]",II,1,"[pre-ALMA, ALMA]","[388, ??]","[0.89, 1.3]","[??, ??]","[??, ??]","[Andrews+13, Akeson+2019]","[<25.5, <0.52]","[??, ??]","[<25.5, <0.52]","[<4.78, <0.26]",<0.26,"[, ]","[, ]",--,--,#VALUE!,,,,,,II,,J04220217+2657304,160.31,--,3350,,0.223872114,--,0.26,--,--,--,--,"HH08,HH14,Testi+22",FS Tau B,3314,0.156,-99.15,0.251,-105.8,0.2599,-105.8,0.25,-105.88,0.251,-105.8,--,133.88
Taurus,J04221675+2654570,J04221675+2654570,22:16.8,=+26:54:57.080,6.3179,0.086,158.28,1.61,158.28,"[11.557, -17.869]",II,1,"[, pre-ALMA]","[, 225]","[, 1.3]","[??, ??]","[??, ??]","[, Andrews+13]","[, <4.2]","[, ??]","[, <4.2]","[, <2.97]",<2.97,"[, ]","[, ]",--,--,#VALUE!,,,,,,II,,J04221675+2654570,157.58,--,3632,,0.812830516,--,0.38,--,--,--,--,"HH08,HH14,Testi+22",J04221675+2654570,3642,0.82,-98.99,0.385,-105.6,0.4275,-105.6,0.36,-105.6,0.385,-105.6,--,158.28
Taurus,IRAS 04196+2638,J04224786+2645530,22:47.9,=+26:45:53.050,6.4448,0.0629,155.16,1.207,155.16,"[11.595, -17.399]",II,1,"[, pre-ALMA]","[, 225]","[, 1.3]","[??, ??]","[??, ??]","[, Andrews+13]","[, 51.0]","[, 1.2]","[, 51.0]","[, 34.69]",34.69,"[, ]","[, ]",--,--,#VALUE!,,,,,,II,,J04224786+2645530,157.68,--,3705,,0.616595002,--,0.43,--,--,--,--,"HH08,HH14,Testi+22",IRAS 04196+2638,3720,0.597,-99.01,0.452,-105.8,0.4749,-105.8,0.43,-105.78,0.452,-105.8,--,155.16
Taurus,J04230607+2801194,J04230607+2801194,23:06.1,=+28:01:19.500,7.7184,0.0821,129.56,1.036,129.56,"[8.800, -26.322]",II,1,"[ALMA, pre-ALMA]","[338.8, 225]","[0.885, 1.3]","[0.34x0.24, ??]","[0.15, ??]","[Ward-Duong+18, Andrews+13]","[6.36, 5.1]","[0.23, 1.1]","[6.36, 5.1]","[1.10, 2.42]",2.42,"[, ]","[, ]",--,--,#VALUE!,,,,,,II,,J04230607+2801194,133.89,--,2990,,0.033884416,--,0.1,--,--,--,--,"HH08,HH14,Testi+22",J04230607+2801194,2860,0.031,-99.02,0.061,-105.3,nan,nan,nan,nan,0.061,-105.3,--,129.56
Taurus,IRAS 04200+2759,J04230776+2805573,23:07.8,=+28:05:57.340,7.5984,0.1142,131.61,1.253,131.61,"[9.825, -26.710]",II,1,"[, pre-ALMA]","[, 225]","[, 1.3]","[??, ??]","[??, ??]","[, Andrews+13]","[, 36.6]","[, 1.3]","[, 36.6]","[, 17.91]",17.91,"[, ]","[, ]",--,--,#VALUE!,,,,,,II,,J04230776+2805573,139.06,--,3560,,0.066069345,--,0.46,--,--,--,--,"HH08,HH14,Testi+22",IRAS 04200+2759,3560,0.059,-99.04,0.454,-106.2,0.34,-106.1,0.45,-106.29,0.454,-106.2,--,131.61
Taurus,J04231822+2641156,J04231822+2641156,23:18.2,=+26:41:15.600,--,--,--,--,141,"[, ]",II,1,"[, pre-ALMA]","[, 225]","[, 1.3]","[??, ??]","[??, ??]","[, Andrews+13]","[, <3.9]","[, ??]","[, <3.9]","[, <2.19]",<2.16,"[, ]","[, ]",--,--,#VALUE!,,,,,,II,,04231822+2641156,--,--,--,,--,--,--,--,--,--,,"HH08,HH14,Testi+22",J04231822+2641156,-99,-99,-99,-99,--,-99,--,-99,-99,-99,-99,--,-99
Taurus,FU Tau A,J04233539+2503026,23:35.4,=+25:03:03.050,7.8354,0.0754,127.63,1.152,127.63,"[6.901, -21.252]",II,1,"[, pre-ALMA]","[, 225]","[, 1.3]","[??, ??]","[??, ??]","[, Andrews+13]","[, <1.7]","[, ??]","[, <1.7]","[, <0.78]",<0.78,"[, ]","[, ]",--,--,#VALUE!,,,,,,II,,J04233539+2503026,131.61,M6.5,2880,,0.234422882,--,0.19,--,--,--,--,"HH08,HH14,Testi+22",FU Tau A,2815,0.22,-99.02,nan,nan,0.1099,-105.1,nan,nan,0.1099,-105.1,--,127.63
Taurus,FU Tau B,J04233573+2502596,23:35.7,=+25:02:59.633,7.475,1.1221,133.78,1.166,133.78,"[1.488, -24.204]",II,1,"[, pre-ALMA]","[, 225]","[, 1.3]","[??, ??]","[??, ??]","[, Andrews+13]","[, <1.7]","[, ??]","[, <1.7]","[, <0.86]",<0.86,"[, ]","[, ]",--,--,#VALUE!,,,,,,II,,J04233539+2503026,131.61,--,2880,,0.234422882,--,0.19,--,--,--,--,"HH08,HH14,Testi+22",FU Tau B,2770,0.242,-98.98,nan,nan,0.105,-105,nan,nan,0.105,-105,--,127.63
Taurus,FT Tau,J04233919+2456141,23:39.2,=+24:56:14.110,7.6812,0.0212,130.19,1.327,130.19,"[7.448, -21.849]",II,1,"[pre-ALMA, ALMA]","[388, 225.5]","[0.89, 1.3]","[??, 0.12x0.11]","[??, 0.048]","[Andrews+13, Long+19]","[121.7, 89.77]","[9.5, (0.27, -0.25)]","[121.7, 89.77]","[21.55, 42.99]",42.99,"[, 0.357]","[, ]",--,--,#VALUE!,,,,,,II,,J04233919+2456141,127.8,M2.8,3415,,0.436515832,--,0.29,--,--,--,--,"HH08,HH14,Testi+22",FT Tau,3440,0.452,-98.98,0.298,-105.5,0.34,-105.6,0.3,-105.59,0.298,-105.5,--,130.19
Taurus,J04242090+2630511,J04242090+2630511,24:20.9,=+26:30:51.200,7.7868,0.135,128.42,1.024,128.42,"[9.622, -27.206]",II,1,"[, pre-ALMA]","[, 225]","[, 1.3]","[??, ??]","[??, ??]","[, Andrews+13]","[, <1.4]","[, ??]","[, <1.4]","[, <0.65]",<0.65,"[, ]","[, ]",--,--,#VALUE!,,,,,,II,,J04242090+2630511,137.59,--,2940,,0.010715193,--,0.07,--,--,--,--,"HH08,HH14,Testi+22",J04242090+2630511,2819,0.009,-99.05,0.045,-105.5,nan,nan,nan,nan,0.045,-105.5,--,128.42
Taurus,J04242646+2649503,J04242646+2649503,24:26.5,=+26:49:50.360,6.3342,0.11,157.87,0.976,157.87,"[11.380, -17.638]",II,1,"[, pre-ALMA]","[, 225]","[, 1.3]","[??, ??]","[??, ??]","[, Andrews+13]","[, <3.0]","[, ??]","[, <3.0]","[, <2.11]",<2.11,"[, ]","[, ]",--,--,#VALUE!,,,,,,II,,J04242646+2649503,155.52,--,3025,,0.032359366,--,0.11,--,--,--,--,"HH08,HH14,Testi+22",J04242646+2649503,2890,0.033,-98.98,0.067,-105.3,nan,nan,nan,nan,0.067,-105.3,--,157.87
Taurus,IRAS 04216+2603,J04244457+2610141,24:44.6,=+26:10:14.110,6.2806,0.0588,159.22,1.502,159.22,"[11.537, -17.720]",II,1,"[, pre-ALMA]","[, 225]","[, 1.3]","[??, ??]","[??, ??]","[, Andrews+13]","[, 19.8]","[, ??]","[, 19.8]","[, 14.18]",14.18,"[, ]","[, ]",--,--,#VALUE!,,,,,,II,,J04244457+2610141,159.57,--,3444,,0.371535229,--,0.31,--,--,--,--,"HH08,HH14,Testi+22",IRAS 04216+2603,3439,0.369,-99,0.306,-105.6,0.33,-105.6,0.31,-105.66,0.306,-105.6,--,159.22
Taurus,IP Tau,J04245708+2711565,24:57.1,=+27:11:56.500,7.7292,0.0172,129.38,1.3,129.38,"[8.308, -26.541]",II,1,"[pre-ALMA, ALMA]","[388, 225.5]","[0.89, 1.3]","[??, 0.14x0.11]","[??, 0.048]","[Andrews+13, Long+19]","[32.0, 14.53]","[5.8, (0.17, -0.18)]","[32.0, 14.53]","[5.60, 6.87]",6.87,"[, 0.28]","[, ]",--,0.27,34.9326,,,,,,II,,J04245708+2711565,130.56,M0.6,3762,,0.52480746,-1.3,0.49,--,--,--,--,"HH08,HH14,Testi+22",IP Tau,3792,0.515,-1.307,0.508,-8.193,0.5174,-8.2,0.49,-8.18,0.508,-8.193,--,129.38
Taurus,KPNO 3,J04262939+2624137,26:29.4,=+26:24:13.790,6.3554,0.1601,157.35,1.203,157.35,"[11.281, -17.667]",II,1,"[ALMA, pre-ALMA]","[338.8, 225]","[0.885, 1.3]","[0.34x0.24, ??]","[0.15, ??]","[Ward-Duong+18, Andrews+13]","[5.61, 5.8]","[0.15, 1.2]","[5.61, 5.8]","[1.43, 4.06]",4.06,"[, ]","[, ]",--,--,#VALUE!,,,,,,II,,J04262939+2624137,155.88,--,2990,,0.027542287,--,0.09,--,--,--,--,"HH08,HH14,Testi+22",KPNO 3,2860,0.028,-98.99,0.058,-105.3,nan,nan,nan,nan,0.058,-105.3,--,157.35
Taurus,FV Tau A,J04265352+2606543,26:53.5,=+26:06:54.370,7.352,0.2318,136.02,3.748,141,"[4.433, -21.615]",II,1,"[ALMA, ALMA]","[??, ??]","[0.850, 1.3]","[0.73x0.50, 1.12x0.74]","[0.53, 0.15]","[Akeson&Jensen+2014, Akeson&Jensen+2014]","[13.76, 6.17]","[0.52, 0.16]","[13.76, 6.17]","[2.54, 3.47]",3.42,"[, ]","[, ]",--,--,#VALUE!,,,,,,II,,04265352+2606543,--,--,--,,--,--,--,--,--,--,,"HH08,HH14,Testi+22",FV Tau A,-99,-99,-99,-99,--,-99,--,-99,-99,-99,-99,--,-99
Taurus,FV Tau B,J04265352+2606543,26:53.5,=+26:06:54.370,7.352,0.2318,136.02,3.748,141,"[4.433, -21.615]",II,1,"[ALMA, ALMA]","[??, ??]","[0.850, 1.3]","[0.73x0.50, 1.12x0.74]","[0.53, 0.15]","[Akeson&Jensen+2014, Akeson&Jensen+2014]","[12.10, 5.93]","[0.56, 0.18]","[12.10, 5.93]","[2.24, 3.33]",3.28,"[, ]","[, ]",--,--,#VALUE!,,,,,,II,,04265352+2606543,--,--,--,,--,--,--,--,--,--,,"HH08,HH14,Testi+22",FV Tau B,-99,-99,-99,-99,--,-99,--,-99,-99,-99,-99,--,-99
Taurus,FV Tau/c A,J04265440+2606510,26:54.4,=+26:06:51.000,7.7236,0.1147,129.47,3.242,141,"[4.259, -20.595]",II,1,"[ALMA, ALMA]","[??, ??]","[0.850, 1.3]","[0.72x0.50, 1.10x0.73]","[0.31, 0.12]","[Akeson&Jensen+2014, Akeson&Jensen+2014]","[1.38, 0.76]","[0.40, 0.17]","[1.38, 0.76]","[0.26, 0.43]",0.42,"[, ]","[, ]",--,--,#VALUE!,,,,,,II,,J04265440+2606510,139.92,M0,3487,,0.562341325,--,0.32,--,--,--,--,"HH08,HH14,Testi+22",FV Tau/c A,3900,0.562,-98.99,0.583,-105.9,0.625,-105.9,0.57,-105.94,0.583,-105.9,--,140
Taurus,FV Tau/c B,J04265440+2606510,26:54.4,=+26:06:51.000,7.7236,0.1147,129.47,3.242,141,"[4.259, -20.595]",II,1,"[ALMA, ALMA]","[??, ??]","[0.850, 1.3]","[0.72x0.50, 1.10x0.73]","[0.31, 0.12]","[Akeson&Jensen+2014, Akeson&Jensen+2014]","[0.94, 0.40]","[0.40, 0.12]","[0.94, 0.40]","[0.17, 0.22]",0.22,"[, ]","[, ]",--,--,#VALUE!,,,,,,II,,J04265440+2606510,139.92,M3.8,3487,,0.562341325,--,0.32,--,--,--,--,"HH08,HH14,Testi+22",FV Tau/c B,3234,0.562,-98.99,nan,nan,0.2625,-105.4,nan,nan,0.2625,-105.4,--,140
Taurus,KPNO 13,J04265732+2606284,26:57.3,=+26:06:28.410,7.6631,0.0567,130.5,0.995,130.5,"[5.590, -20.583]",II,1,"[, pre-ALMA]","[, 225]","[, 1.3]","[??, ??]","[??, ??]","[, Andrews+13]","[, <3.6]","[, ??]","[, <3.6]","[, <1.73]",<1.73,"[, ]","[, ]",--,--,#VALUE!,,,,,,II,,J04265732+2606284,133.37,M5.1,3125,,0.28840315,--,0.2,--,--,--,--,"HH08,HH14,Testi+22",KPNO 13,2968,0.276,-99.01,nan,nan,0.1624,-105.3,nan,nan,0.1624,-105.3,--,130.5
Taurus,DF Tau AB,J04270280+2542223,27:02.8,=+25:42:22.396,5.6672,0.4998,176.45,21.925,141,"[2.207, -26.458]",II,1,"[pre-ALMA, ]","[388, ]","[0.89, ]","[??, ??]","[??, ??]","[Andrews+13, ]","[8.8, ]","[1.9, ]","[8.8, ]","[1.83, ]",1.8,"[, ]","[, ]",--,--,#VALUE!,,,,,,II,,04270280+2542223,--,M2.7,--,,--,--,--,--,--,--,,"HH08,HH14,Testi+22",DF Tau AB,3455,-99,-99,-99,--,-99,--,-99,-99,-99,-99,--,-99
Taurus,DG Tau,J04270469+2606163,27:04.7,=+26:06:16.310,7.9836,0.1182,125.26,6.892,141,"[5.514, -20.478]",II,1,"[pre-ALMA, pre-ALMA]","[388, 225]","[0.89, 1.3]","[??, ??]","[??, ??]","[Andrews+13, Andrews+13]","[944.7, 344.2]","[78.0, 17.8]","[944.7, 344.2]","[196.24, 193.36]",190.63,"[, ]","[, ]",--,--,#VALUE!,,,,,,II,,J04270469+2606163,121.18,K7,4060,,2.398832919,-0.28,0.84,--,--,--,--,"HH08,HH14,Testi+22",DG Tau,4020,3.201,-0.154,nan,nan,0.71,-6.839,nan,nan,0.71,-6.839,--,140
Taurus,J04284263+2714039 A,J04284263+2714039,28:42.6,=+27:14:03.910,7.7704,0.0721,128.69,1.259,128.69,"[7.755, -25.040]",II,1,"[, pre-ALMA]","[, 225]","[, 1.3]","[??, ??]","[??, ??]","[, Andrews+13]","[, <3.0]","[, ??]","[, <3.0]","[, <1.40]",<1.40,"[, ]","[, ]",--,--,#VALUE!,,,,,,II,,04284263+2714039,--,--,--,,--,--,--,--,--,--,,"HH08,HH14,Testi+22",J04284263+2714039 A,-99,-99,-99,-99,--,-99,--,-99,-99,-99,-99,--,-99
Taurus,J04284263+2714039 B,J04284263+2714039,28:42.6,=+27:14:03.910,7.7704,0.0721,128.69,1.259,128.69,"[7.755, -25.040]",II,1,"[, pre-ALMA]","[, 225]","[, 1.3]","[??, ??]","[??, ??]","[, Andrews+13]","[, <3.0]","[, ??]","[, <3.0]","[, <1.40]",<1.40,"[, ]","[, ]",--,--,#VALUE!,,,,,,II,,04284263+2714039,--,--,--,,--,--,--,--,--,--,,"HH08,HH14,Testi+22",J04284263+2714039 B,-99,-99,-99,-99,--,-99,--,-99,-99,-99,-99,--,-99
Taurus,J04290068+2755033,J04290068+2755033,29:00.7,=+27:55:03.400,7.4395,0.2958,134.42,1.033,134.42,"[8.964, -25.686]",II,1,"[, pre-ALMA]","[, 225]","[, 1.3]","[??, ??]","[??, ??]","[, Andrews+13]","[, <1.6]","[, ??]","[, <1.6]","[, <0.82]",<0.82,"[, ]","[, ]",--,--,#VALUE!,,,,,,II,,04290068+2755033,--,--,--,,--,--,--,--,--,--,,"HH08,HH14,Testi+22",J04290068+2755033,-99,-99,-99,-99,--,-99,--,-99,-99,-99,-99,--,-99
Taurus,IRAS 04260+2642,J04290498+2649073,29:05.0,=+26:49:07.300,7.5505,1.1305,132.44,1.833,141,"[6.909, -18.699]",II,1,"[, pre-ALMA]","[, 225]","[, 1.3]","[??, ??]","[??, ??]","[, Andrews+13]","[, 120.0]","[, 10.0]","[, 120.0]","[, 67.41]",66.46,"[, ]","[, ]",--,--,#VALUE!,,,,,,II,,04290498+2649073,--,--,--,,--,--,--,--,--,--,,"HH08,HH14,Testi+22",IRAS 04260+2642,-99,-99,-99,-99,--,-99,--,-99,-99,-99,-99,--,-99
Taurus,IRAS 04263+2654,J04292165+2701259,29:21.7,=+27:01:25.950,--,--,--,--,141,"[, ]",II,1,"[ALMA, pre-ALMA]","[338.8, 225]","[0.885, 1.3]","[0.34x0.24, ??]","[0.15, ??]","[Ward-Duong+18, Andrews+13]","[7.28, <3.5]","[0.22, ??]","[7.28, <3.5]","[1.49, <1.97]",<1.94,"[, ]","[, ]",--,--,#VALUE!,,,,,,II,,04292165+2701259,--,--,--,,--,--,--,--,--,--,,"HH08,HH14,Testi+22",IRAS 04263+2654,-99,-99,-99,-99,--,-99,--,-99,-99,-99,-99,--,-99
Taurus,XEST 13-010,J04293606+2435556,29:36.1,=+24:35:55.650,7.6281,0.0366,131.09,1.095,131.09,"[8.637, -20.641]",II,1,"[, pre-ALMA]","[, 225]","[, 1.3]","[??, ??]","[??, ??]","[, Andrews+13]","[, 15.2]","[, 1.2]","[, 15.2]","[, 7.38]",7.38,"[, ]","[, ]",--,--,#VALUE!,,,,,,II,,J04293606+2435556,129.42,--,3415,,0.501187234,--,0.28,--,--,--,--,"HH08,HH14,Testi+22",XEST 13-010,3410,0.514,-98.98,0.278,-105.5,0.32,-105.5,0.28,-105.53,0.278,-105.5,--,131.09
Taurus,DH Tau A,J04294155+2632582,29:41.6,=+26:32:58.270,7.4936,0.0255,133.45,1.501,133.45,"[6.603, -20.871]",II,1,"[pre-ALMA, ALMA]","[388, 225.5]","[0.89, 1.3]","[??, 0.13x0.11]","[??, 0.044]","[Andrews+13, Long+19]","[47.0, 26.68]","[4.0, (0.13, -0.12)]","[47.0, 26.68]","[8.75, 13.43]",13.43,"[, 0.146]","[, ]",--,--,#VALUE!,,,,,,II,,J04294155+2632582,135.35,M2.3,3516,,0.616595002,--,0.33,--,--,--,--,"HH08,HH14,Testi+22",DH Tau A,3515,0.599,-99.01,0.328,-105.6,0.37,-105.6,0.33,-105.61,0.328,-105.6,--,133.45
Taurus,DH Tau B,--,29:41.7,=+26:32:56.508,--,--,--,--,141,"[, ]",II,1,"[pre-ALMA, ]","[388, ]","[0.89, ]","[??, ??]","[??, ??]","[Andrews+13, ]","[<10.0, ]","[??, ]","[<10.0, ]","[<2.08, ]",<2.05,"[, ]","[, ]",--,--,#VALUE!,,,,,,II,,J04294155+2632582,135.35,--,3516,,0.616595002,--,0.33,--,--,--,--,"HH08,HH14,Testi+22",DH Tau B,3514,0.659,-98.97,0.328,-105.5,0.37,-105.5,0.32,-105.53,0.328,-105.5,--,133.45
Taurus,IQ Tau,J04295156+2606448,29:51.6,=+26:06:44.900,7.6039,0.0359,131.51,2.737,141,"[5.951, -21.309]",II,1,"[pre-ALMA, ALMA]","[388, 225.5]","[0.89, 1.3]","[??, 0.16x0.11]","[??, 0.078]","[Andrews+13, Long+19]","[166.8, 64.11]","[15.8, (0.49, -0.72)]","[166.8, 64.11]","[34.65, 36.02]",35.51,"[, 0.838]","[, ]",--,0.55,77.55,,,,,,II,,J04295156+2606448,131.27,M1.1,3690,,0.758577575,--,0.42,--,--,--,--,"HH08,HH14,Testi+22",IQ Tau,3704,0.862,-98.94,0.422,-105.6,0.465,-105.6,0.4,-105.59,0.422,-105.6,--,140
Taurus,J04295950+2433078,J04295950+2433078,29:59.5,=+24:33:07.850,7.5888,0.1196,131.77,1.128,131.77,"[8.514, -21.353]",II,1,"[, ALMA]","[, ??]","[, 1.3]","[??, ??]","[??, ??]","[, Akeson+2019]","[, 2.90]","[, 0.17]","[, 2.90]","[, 1.42]",1.42,"[, ]","[, ]",--,--,#VALUE!,,,,,,II,,J04295950+2433078,131.13,--,3125,,0.213796209,--,0.18,--,--,--,--,"HH08,HH14,Testi+22",J04295950+2433078,2980,0.215,-98.99,nan,nan,0.155,-105.3,nan,nan,0.155,-105.3,--,131.77
Taurus,UX Tau A,J04300399+1813493,30:04.0,=+18:13:49.388,7.0308,0.0329,142.23,1.621,142.23,"[12.850, -17.335]",II,1,"[pre-ALMA, ALMA]","[388, ??]","[0.89, 1.3]","[??, ??]","[??, ??]","[Andrews+13, Akeson+2019]","[149.4, 79.00]","[10.6, 3.95]","[149.4, 79.00]","[31.58, 45.16]",45.16,"[, ]","[, ]",--,0.28,39.8244,,,,,,II,,J04300399+1813493,139.92,K0,5250,,3.235936569,--,1.67,--,--,--,--,"HH08,HH14,Testi+22",UX Tau A,4870,3.343,-98.98,nan,nan,1.8674,-106.2,1.5,-106.15,1.5,-106.15,--,142.23
Taurus,KPNO 6,J04300724+2608207,30:07.2,=+26:08:20.790,8.1485,0.3831,122.72,1.055,122.72,"[5.267, -22.621]",II,1,"[, pre-ALMA]","[, 225]","[, 1.3]","[??, ??]","[??, ??]","[, Andrews+13]","[, <2.4]","[, ??]","[, <2.4]","[, <1.02]",<1.02,"[, ]","[, ]",--,--,#VALUE!,,,,,,II,,J04300724+2608207,116.06,--,2550,,0.001698244,-4.34,0.03,--,--,--,--,"HH08,HH14,Testi+22",KPNO 6,2620,0.001,-4.291,0.032,-10.88,nan,nan,nan,nan,0.032,-10.88,--,122.72
Taurus,FX Tau A,J04302961+2426450,30:29.6,=+24:26:45.050,--,--,--,--,141,"[, ]",II,1,"[pre-ALMA, ALMA]","[388, ??]","[0.89, 1.3]","[??, ??]","[??, ??]","[Andrews+13, Akeson+2019]","[24.0, 7.84]","[3.0, 0.53]","[24.0, 7.84]","[4.99, 4.40]",4.34,"[, ]","[, ]",--,--,#VALUE!,,,,,,II,,J04302961+2426450,130.11,--,3800,,1.318256739,--,0.56,--,--,--,--,"HH08,HH14,Testi+22",FX Tau A,3835,1.526,-98.93,nan,nan,0.55,-105.6,0.43,-105.52,0.43,-105.52,--,140
Taurus,FX Tau B,J04302961+2426450,30:29.6,=+24:26:45.050,--,--,--,--,141,"[, ]",II,1,"[pre-ALMA, ALMA]","[388, ??]","[0.89, 1.3]","[??, ??]","[??, ??]","[Andrews+13, Akeson+2019]","[<5.0, <0.36]","[??, ??]","[<5.0, <0.36]","[<1.04, <0.20]",<0.20,"[, ]","[, ]",--,--,#VALUE!,,,,,,II,,J04302961+2426450,130.11,--,3800,,1.318256739,--,0.56,--,--,--,--,"HH08,HH14,Testi+22",FX Tau B,3835,1.526,-98.93,nan,nan,0.55,-105.6,0.43,-105.52,0.43,-105.52,--,140
Taurus,DK Tau A,J04304425+2601244,30:44.3,=+26:01:24.470,7.5747,0.0505,132.02,1.964,141,"[6.315, -21.434]",II,1,"[ALMA, ALMA]","[??, 225.5]","[0.850, 1.3]","[0.71x0.50, 0.13x0.11]","[0.40, 0.044]","[Akeson&Jensen+2014, Long+19]","[67.25, 30.08]","[0.47, (0.14, -0.09)]","[67.25, 30.08]","[12.44, 16.90]",16.66,"[, 0.117]","[, ]",--,0.32,45.12,,,,,,II,,J04304425+2601244,128.52,K8.5,3954,,1.819700859,-0.71,0.71,--,--,--,--,"HH08,HH14,Testi+22",DK Tau A,3810,2.159,-0.635,nan,nan,0.5224,-7.225,nan,nan,0.5224,-7.225,--,140
Taurus,DK Tau B,--,30:44.4,=+26:01:23.800,6.7104,0.0967,149.02,2.023,141,"[7.299, -22.929]",II,1,"[ALMA, ALMA]","[??, ??]","[0.850, 1.3]","[0.71x0.50, 1.09x0.72]","[0.40, 0.14]","[Akeson&Jensen+2014, Akeson&Jensen+2014]","[5.81, 2.88]","[0.45, 0.19]","[5.81, 2.88]","[1.07, 1.62]",1.6,"[, ]","[, ]",--,--,#VALUE!,,,,,,II,,J04304425+2601244,128.52,M1.7,3954,,1.819700859,--,0.71,--,--,--,--,"HH08,HH14,Testi+22",DK Tau B,3608,2.159,-98.92,nan,nan,0.4225,-105.3,nan,nan,0.4225,-105.3,--,140
Taurus,ZZ Tau AB,J04305137+2442222,30:51.4,=+24:42:22.270,7.4566,0.1413,134.11,6.643,141,"[7.123, -21.140]",II,1,"[pre-ALMA, ALMA]","[388, ??]","[0.89, 1.3]","[??, ??]","[??, ??]","[Andrews+13, Akeson+2019]","[<8.0, 0.59]","[??, 0.11]","[<8.0, 0.59]","[<1.66, 0.33]",0.33,"[, ]","[, ]",--,--,#VALUE!,,,,,,II,,J04305137+2442222,130.73,--,3230,,0.45708819,--,0.26,--,--,--,--,"HH08,HH14,Testi+22",ZZ Tau AB,3130,0.524,-98.94,nan,nan,0.2325,-105.3,nan,nan,0.2325,-105.3,--,140
Taurus,ZZ Tau IRS,J04305171+2441475,30:51.7,=+24:41:47.510,9.4606,0.6054,105.7,2.49,141,"[10.675, -14.991]",II,1,"[, pre-ALMA]","[, 225]","[, 1.3]","[??, ??]","[??, ??]","[, Andrews+13]","[, 105.8]","[, 1.5]","[, 105.8]","[, 59.44]",58.6,"[, ]","[, ]",--,--,#VALUE!,,,,,,II,,J04305171+2441475,105.12,M4.5,3197,,0.011481536,--,0.16,--,--,--,--,"HH08,HH14,Testi+22",ZZ Tau IRS,3085,0.02,-98.75,0.121,-105.5,0.105,-105.4,0.11,-105.5,0.121,-105.5,--,140
Taurus,KPNO 7,J04305718+2556394,30:57.2,=+25:56:39.480,7.8225,0.3201,127.84,1.095,127.84,"[5.398, -22.304]",II,1,"[, pre-ALMA]","[, 225]","[, 1.3]","[??, ??]","[??, ??]","[, Andrews+13]","[, <2.6]","[, ??]","[, <2.6]","[, <1.20]",<1.20,"[, ]","[, ]",--,--,#VALUE!,,,,,,II,,J04305718+2556394,122.82,--,2629,,0.002884032,--,0.03,--,--,--,--,"HH08,HH14,Testi+22",KPNO 7,2644,0.003,-98.96,0.028,-105.3,nan,nan,nan,nan,0.028,-105.3,--,127.84
Taurus,JH 56,J04311444+2710179,31:14.4,=+27:10:17.990,7.8734,0.0147,127.01,1.04,127.01,"[9.200, -27.554]",II,1,"[pre-ALMA, ]","[388, ]","[0.89, ]","[??, ??]","[??, ??]","[Andrews+13, ]","[<8.0, ]","[??, ]","[<8.0, ]","[<1.35, ]",<1.35,"[, ]","[, ]",--,--,#VALUE!,,,,,,II,,J04311444+2710179,127.49,K8,3989,,0.446683592,--,0.7,--,--,--,--,"HH08,HH14,Testi+22",JH 56,3900,0.443,-99,0.611,-106,0.64,-106,0.6,-106.02,0.611,-106,--,127.01
Taurus,XZ Tau A,J04314007+1813571,31:40.1,=+18:13:57.180,--,--,--,--,141,"[, ]",II,1,"[pre-ALMA, ALMA]","[388, ??]","[0.89, 1.3]","[??, ??]","[??, ??]","[Andrews+13, Akeson+2019]","[10.0, 7.30]","[2.0, 0.42]","[10.0, 7.30]","[2.08, 4.10]",4.04,"[, ]","[, ]",--,--,#VALUE!,,,,,,II,,J04314007+1813571,144.15,M3.2,3560,,0.181970086,--,0.4,--,--,--,--,"HH08,HH14,Testi+22",XZ Tau A,3366,0.171,-99.02,0.272,-105.7,0.285,-105.7,0.28,-105.79,0.272,-105.7,--,140
Taurus,XZ Tau B,J04314007+1813571,31:40.1,=+18:13:57.180,--,--,--,--,141,"[, ]",II,1,"[pre-ALMA, ALMA]","[388, ??]","[0.89, 1.3]","[??, ??]","[??, ??]","[Andrews+13, Akeson+2019]","[<6.0, 8.90]","[??, 0.49]","[<6.0, 8.90]","[<1.25, 5.00]",4.93,"[, ]","[, ]",--,--,#VALUE!,,,,,,II,,J04314007+1813571,144.15,--,3560,,0.181970086,--,0.4,--,--,--,--,"HH08,HH14,Testi+22",XZ Tau B,3560,0.171,-99.02,0.4,-105.9,0.37,-105.9,0.41,-106,0.4,-105.9,--,140
Taurus,HK Tau A,J04315056+2424180,31:50.5,=+24:24:18.600,7.6247,0.0317,131.15,1.468,131.15,"[5.076, -22.944]",II,1,"[ALMA, ALMA]","[??, 225.5]","[0.850, 1.3]","[0.69x0.51, 0.12x0.11]","[0.40, 0.048]","[Akeson&Jensen+2014, Long+19]","[73.60, 33.15]","[1.30, (0.15, -0.13)]","[73.60, 33.15]","[11.77, 16.11]",16.11,"[, 0.216]","[, ]",--,--,#VALUE!,,,,,,II,,J04315056+2424180,133.33,M1.5,3705,,0.549540874,--,0.44,--,--,--,--,"HH08,HH14,Testi+22",HK Tau A,3640,0.531,-99.01,0.4,-105.7,0.43,-105.7,0.39,-105.75,0.4,-105.7,--,131.15
Taurus,HK Tau B,--,31:50.6,=+24:24:16.400,7.7803,0.6322,128.53,1.977,141,"[2.668, -20.457]",II,1,"[ALMA, ALMA]","[??, ??]","[0.850, 1.3]","[0.69x0.51, 1.06x0.73]","[0.40, 0.15]","[Akeson&Jensen+2014, Akeson&Jensen+2014]","[56.50, 16.00]","[1.80, 0.24]","[56.50, 16.00]","[10.45, 8.99]",8.86,"[, ]","[, ]",--,--,#VALUE!,,,,,,II,,J04315056+2424180,133.33,--,3705,,0.549540874,--,0.44,--,--,--,--,"HH08,HH14,Testi+22",HK Tau B,3720,0.605,-98.95,0.454,-105.7,0.4699,-105.7,0.43,-105.72,0.454,-105.7,--,140
Taurus,V710 Tau A,J04315779+1821350,31:57.8,=+18:21:35.060,6.8242,0.0239,146.54,1.047,146.54,"[9.285, -18.793]",II,1,"[ALMA, ALMA]","[??, 225.5]","[0.850, 1.3]","[0.76x0.48, 0.14x0.10]","[0.49, 0.042]","[Akeson&Jensen+2014, Long+19]","[143.50, 55.20]","[0.79, (0.19, -0.14)]","[143.50, 55.20]","[28.66, 33.49]",33.49,"[, 0.317]","[, ]",--,--,#VALUE!,,,,,,II,,J04315779+1821380,140,M3.3,3580,,0.371535229,--,--,--,--,--,--,"HH08,HH14",V710 Tau A,3344,0.407,-98.96,0.254,-105.4,0.29,-105.5,0.26,-105.5,0.254,-105.4,--,145.95
Taurus,LkHalpha 267,--,31:59.0,=+18:21:42.000,--,--,--,--,141,"[, ]",II,1,"[pre-ALMA, ALMA]","[388, ??]","[0.89, 1.3]","[??, ??]","[??, ??]","[Andrews+13, Akeson+2019]","[<22.0, <0.30]","[??, ??]","[<22.0, <0.30]","[<4.57, <0.17]",<0.17,"[, ]","[, ]",--,--,#VALUE!,,,,,,II,,,--,--,--,,--,--,--,--,--,--,,"HH08,HH14,Testi+22",LkHalpha 267,-99,-99,-99,-99,--,-99,--,-99,-99,-99,-99,--,-99
Taurus,Haro 6-13,J04321540+2428597,32:15.4,=+24:28:59.750,7.7788,0.0995,128.55,2.411,141,"[5.300, -21.168]",II,1,"[pre-ALMA, ALMA]","[388, 225.5]","[0.89, 1.3]","[??, 0.14x0.11]","[??, 0.052]","[Andrews+13, Long+19]","[273.5, 137.10]","[29.4, (0.24, -0.21)]","[273.5, 137.10]","[56.81, 77.02]",75.93,"[, 0.264]","[, ]",--,0.48,67.68,,,,,,II,,J04321540+2428597,130.46,K5.5,3850,,0.776247117,--,0.53,--,--,--,--,"HH08,HH14,Testi+22",Haro 6-13,4162,0.893,-98.93,0.8,-105.9,0.865,-106,0.73,-105.94,0.73,-105.94,--,140
Taurus,MHO 5,J04321606+1812464,32:16.1,=+18:12:46.450,6.7336,0.0467,148.51,1.125,148.51,"[12.719, -17.574]",II,1,"[, ALMA]","[, ??]","[, 1.3]","[??, ??]","[??, ??]","[, Akeson+2019]","[, <0.31]","[, ??]","[, <0.31]","[, <0.19]",<0.19,"[, ]","[, ]",--,--,#VALUE!,,,,,,II,,J04321606+1812464,144.61,M6.5,2990,,0.144543977,-4.31,0.15,--,--,--,--,"HH08,HH14,Testi+22",MHO 5,2815,0.152,-4.286,nan,nan,0.1,-10.47,nan,nan,0.1,-10.47,--,148.51
Taurus,MHO 6,J04322210+1827426,32:22.1,=+18:27:42.640,6.8672,0.0494,145.62,1.217,145.62,"[12.474, -18.693]",II,1,"[ALMA, pre-ALMA]","[338.8, 225]","[0.885, 1.3]","[0.34x0.24, ??]","[0.15, ??]","[Ward-Duong+18, Andrews+13]","[47.77, 13.5]","[0.23, 2.0]","[47.77, 13.5]","[10.43, 8.09]",8.09,"[, ]","[, ]",--,0.26,37.8612,,,,,,II,,J04322210+1827426,141.92,M5,3161,,0.077624712,-2.84,0.19,--,--,--,--,"HH08,HH14,Testi+22",MHO 6,2980,0.081,-2.817,0.116,-9.252,0.1125,-9.238,0.09,-9.16,0.116,-9.252,--,145.62
Taurus,J04322415+2251083,J04322415+2251083,32:24.2,=+22:51:08.400,6.2483,0.0493,160.04,1.253,160.04,"[10.354, -17.168]",II,1,"[, ALMA]","[, ??]","[, 1.3]","[??, ??]","[??, ??]","[, Akeson+2019]","[, <0.30]","[, ??]","[, <0.30]","[, <0.22]",<0.22,"[, ]","[, ]",--,--,#VALUE!,,,,,,II,,J04322415+2251083,155.38,--,3197,,0.10964782,--,0.2,--,--,--,--,"HH08,HH14,Testi+22",J04322415+2251083,3080,0.116,-98.97,0.149,-105.4,0.1675,-105.5,0.13,-105.42,0.149,-105.4,--,160.04
Taurus,GG Tau Aa,J04323034+1731406,32:30.3,=+17:31:41.000,8.5914,0.4725,116.4,6.442,141,"[13.209, -18.211]",II,1,"[pre-ALMA, ALMA]","[388, ??]","[0.89, 1.3]","[??, ??]","[??, ??]","[Andrews+13, Akeson+2019]","[1344.7, 7.00]","[90.7, 0.87]","[1344.7, 7.00]","[279.33, 3.93]",3.88,"[, ]","[, ]",--,--,#VALUE!,,,,,,II,,04323034+1731406,--,K7.5,--,,--,--,--,--,--,--,,"HH08,HH14,Testi+22",GG Tau Aa,3960,-99,-99,-99,--,-99,--,-99,-99,-99,-99,--,-99
Taurus,GG Tau Ba,J04323028+1731303,32:30.3,=+17:31:30.900,6.8737,0.0405,145.48,1.11,145.48,"[13.180, -20.461]",II,1,"[, ALMA]","[, ??]","[, 1.3]","[??, ??]","[??, ??]","[, Akeson+2019]","[, <2.40]","[, ??]","[, <2.40]","[, <1.44]",<1.44,"[, ]","[, ]",--,--,#VALUE!,,,,,,II,,J04323028+1731303,150.06,M5.8,3060,,0.151356125,--,0.15,--,--,--,--,"HH08,HH14,Testi+22",GG Tau Ba,2884,0.142,-99.02,nan,nan,0.1075,-105.2,nan,nan,0.1075,-105.2,--,145.48
Taurus,GG Tau Bb,J04323028+1731303,32:30.3,=+17:31:29.900,6.8737,0.0405,145.48,1.11,145.48,"[13.180, -20.461]",II,1,"[, ALMA]","[, ??]","[, 1.3]","[??, ??]","[??, ??]","[, Akeson+2019]","[, <2.40]","[, ??]","[, <2.40]","[, <1.44]",<1.44,"[, ]","[, ]",--,--,#VALUE!,,,,,,II,,J04323028+1731303,150.06,--,3060,,0.151356125,--,0.15,--,--,--,--,"HH08,HH14,Testi+22",GG Tau Bb,2920,0.142,-99.02,nan,nan,0.1174,-105.3,nan,nan,0.1174,-105.3,--,145.48
Taurus,FY Tau,J04323058+2419572,32:30.6,=+24:19:57.280,7.7206,0.0197,129.52,1.156,129.52,"[6.842, -21.546]",II,1,"[, pre-ALMA]","[, 225]","[, 1.3]","[??, ??]","[??, ??]","[, Andrews+13]","[, 13.8]","[, 5.1]","[, 13.8]","[, 6.54]",6.54,"[, ]","[, ]",--,0.07,9.0664,,,,,,II,,J04323058+2419572,130.21,M0.1,3835,,1.148153621,--,0.5,--,--,--,--,"HH08,HH14,Testi+22",FY Tau,3882,1.136,-99,0.526,-105.7,0.5875,-105.8,0.48,-105.71,0.526,-105.7,--,129.52
Taurus,FZ Tau,J04323176+2420029,32:31.8,=+24:20:03.000,7.7371,0.0258,129.25,1.524,129.25,"[7.308, -21.396]",II,1,"[pre-ALMA, ]","[388, ]","[0.89, ]","[??, ??]","[??, ??]","[Andrews+13, ]","[30.6, ]","[6.8, ]","[30.6, ]","[5.34, ]",5.34,"[, ]","[, ]",--,--,#VALUE!,,,,,,II,,J04323176+2420029,130.02,M0.5,3777,,1.202264435,--,0.52,--,--,--,--,"HH08,HH14,Testi+22",FZ Tau,3810,1.188,-99,0.514,-105.7,0.53,-105.7,0.43,-105.64,0.514,-105.7,--,129.25
Taurus,UZ Tau Wa,J04324282+2552314,32:42.8,=+25:52:31.600,8.1244,0.4491,123.09,15.334,141,"[1.662, -18.815]",II,1,"[pre-ALMA, pre-ALMA]","[388, 225]","[0.89, 1.3]","[??, ??]","[??, ??]","[Andrews+13, Andrews+13]","[35.4, 16.2]","[3.9, 3.9]","[35.4, 16.2]","[7.35, 9.10]",8.97,"[, ]","[, ]",--,--,#VALUE!,,,,,,II,,04324282+2552314,--,M3.1,--,,--,--,--,--,--,--,,"HH08,HH14,Testi+22",UZ Tau Wa,3388,-99,-99,-99,--,-99,--,-99,-99,-99,-99,--,-99
Taurus,UZ Tau Wb,J04324282+2552314,32:42.8,=+25:52:31.600,8.1244,0.4491,123.09,15.334,141,"[1.662, -18.815]",II,1,"[pre-ALMA, pre-ALMA]","[388, 225]","[0.89, 1.3]","[??, ??]","[??, ??]","[Andrews+13, Andrews+13]","[40.1, 31.0]","[4.3, 4.1]","[40.1, 31.0]","[8.33, 17.42]",17.17,"[, ]","[, ]",--,--,#VALUE!,,,,,,II,,04324282+2552314,--,--,--,,--,--,--,--,--,--,,"HH08,HH14,Testi+22",UZ Tau Wb,-99,-99,-99,-99,--,-99,--,-99,-99,-99,-99,--,-99
Taurus,UZ Tau Eab,J04324303+2552311,32:43.0,=+25:52:31.130,7.6665,0.0939,130.44,5.318,141,"[5.460, -22.021]",II,1,"[pre-ALMA, ALMA]","[388, 225.5]","[0.89, 1.3]","[??, 0.13x 0.1]","[??, 0.049]","[Andrews+13, Long+19]","[347.2, 129.52]","[34.3, (0.68, -0.79)]","[347.2, 129.52]","[72.12, 72.76]",71.73,"[, 0.667]","[, ]",--,0.62,87.42,,,,,,II,,04324303+2552311,--,M1.9,--,,--,--,--,--,--,--,,"HH08,HH14,Testi+22",UZ Tau Eab,3576,-99,-99,-99,--,-99,--,-99,-99,-99,-99,--,-99
Taurus,JH 112 Aa,J04324911+2253027,32:49.1,=+22:53:02.800,6.1521,0.0222,162.55,1.147,162.55,"[7.618, -15.778]",II,1,"[pre-ALMA, ]","[388, ]","[0.89, ]","[??, ??]","[??, ??]","[Andrews+13, ]","[10.0, ]","[3.0, ]","[10.0, ]","[2.76, ]",2.76,"[, ]","[, ]",--,--,#VALUE!,,,,,,II,,04324911+2253027,140,K5.5,--,,0.380189396,--,--,--,--,--,,"HH08,HH14",JH 112 Aa,4162,0.512,-98.87,0.858,-106,0.9275,-106,0.84,-106.06,0.84,-106.06,--,162.55
Taurus,JH 112 Ba,J04324938+2253082,32:49.4,=+22:53:08.220,6.0872,0.1354,164.28,2.111,141,"[10.171, -17.020]",II,1,"[pre-ALMA, ]","[388, ]","[0.89, ]","[??, ??]","[??, ??]","[Andrews+13, ]","[5.0, ]","[3.0, ]","[5.0, ]","[1.04, ]",1.02,"[, ]","[, ]",--,--,#VALUE!,,,,,,II,,J04324938+2253082,164.91,M4.6,3197,,0.707945784,--,0.34,--,--,--,--,"HH08,HH14,Testi+22",JH 112 Ba,3064,0.51,-99.14,nan,nan,0.2075,-105.4,nan,nan,0.2075,-105.4,--,162.55
Taurus,J04324938+2253082,J04324938+2253082,32:49.4,=+22:53:08.220,6.0872,0.1354,164.28,2.111,141,"[10.171, -17.020]",II,1,"[pre-ALMA, ]","[388, ]","[0.89, ]","[??, ??]","[??, ??]","[Andrews+13, ]","[<6.0, ]","[??, ]","[<6.0, ]","[<1.25, ]",<1.23,"[, ]","[, ]",--,--,#VALUE!,,,,,,II,,J04324938+2253082,164.91,--,3197,,0.707945784,--,0.34,--,--,--,--,"HH08,HH14,Testi+22",J04324938+2253082,3080,0.51,-99.14,nan,nan,0.2125,-105.4,nan,nan,0.2125,-105.4,--,140
Taurus,GH Tau A,J04330622+2409339,33:06.2,=+24:09:33.990,--,--,--,--,141,"[, ]",II,1,"[pre-ALMA, ALMA]","[388, ??]","[0.89, 1.3]","[??, ??]","[??, ??]","[Andrews+13, Akeson+2019]","[15.0, 3.90]","[3.0, 0.22]","[15.0, 3.90]","[3.12, 2.19]",2.16,"[, ]","[, ]",--,--,#VALUE!,,,,,,II,,J04330622+2409339,129.68,M2.3,3560,,0.239883292,--,0.38,--,--,--,--,"HH08,HH14,Testi+22",GH Tau A,3515,0.279,-98.93,0.343,-105.7,0.3625,-105.7,0.37,-105.74,0.343,-105.7,--,140
Taurus,GH Tau B,J04330622+2409339,33:06.2,=+24:09:33.990,--,--,--,--,141,"[, ]",II,1,"[pre-ALMA, ALMA]","[388, ??]","[0.89, 1.3]","[??, ??]","[??, ??]","[Andrews+13, Akeson+2019]","[<9.0, 2.90]","[??, 0.18]","[<9.0, 2.90]","[<1.87, 1.63]",1.61,"[, ]","[, ]",--,--,#VALUE!,,,,,,II,,J04330622+2409339,129.68,--,3560,,0.239883292,--,0.38,--,--,--,--,"HH08,HH14,Testi+22",GH Tau B,3560,0.279,-98.93,0.374,-105.7,0.3774,-105.7,0.39,-105.78,0.374,-105.7,--,140
Taurus,V807 Tau A,J04330664+2409549,33:06.6,=+24:09:55.000,5.4315,0.7654,184.11,41.807,141,"[5.800, -16.252]",II,1,"[pre-ALMA, ALMA]","[388, ??]","[0.89, 1.3]","[??, ??]","[??, ??]","[Andrews+13, Akeson+2019]","[20.0, 8.90]","[3.0, 0.46]","[20.0, 8.90]","[4.15, 5.00]",4.93,"[, ]","[, ]",--,--,#VALUE!,,,,,,II,,J04330664+2409549,113.2,K7.5,4060,,2.13796209,--,0.78,--,--,--,--,"HH08,HH14,Testi+22",V807 Tau A,3960,3.27,-98.81,nan,nan,0.65,-105.4,nan,nan,0.65,-105.4,--,140
Taurus,J04330945+2246487,J04330945+2246487,33:09.5,=+22:46:48.700,5.671,0.3063,176.34,1.59,176.34,"[12.299, -17.845]",II,1,"[, ALMA]","[, ??]","[, 1.3]","[??, ??]","[??, ??]","[, Akeson+2019]","[, <0.28]","[, ??]","[, <0.28]","[, <0.25]",<0.25,"[, ]","[, ]",--,--,#VALUE!,,,,,,II,,J04330945+2246487,148.99,--,2990,,0.048977882,--,0.11,--,--,--,--,"HH08,HH14,Testi+22",J04330945+2246487,2860,0.068,-98.85,0.086,-105.1,0.1,-105.2,nan,nan,0.086,-105.1,--,176.34
Taurus,IRAS 04301+2608,J04331435+2614235,33:14.4,=+26:14:23.500,5.7877,0.589,172.78,1.3,172.78,"[7.746, -17.166]",II,1,"[pre-ALMA, ]","[388, ]","[0.89, ]","[??, ??]","[??, ??]","[Andrews+13, ]","[18.0, ]","[6.0, ]","[18.0, ]","[5.61, ]",5.61,"[, ]","[, ]",--,--,#VALUE!,,,,,,II,,04331435+2614235,--,--,--,,--,--,--,--,--,--,,"HH08,HH14,Testi+22",IRAS 04301+2608,-99,-99,-99,-99,--,-99,--,-99,-99,-99,-99,--,-99
Taurus,IRAS 04303+2240,J04331907+2246342,33:19.1,=+22:46:34.230,7.6954,0.2306,129.95,4.824,141,"[8.077, -16.635]",II,1,"[, pre-ALMA]","[, 225]","[, 1.3]","[??, ??]","[??, ??]","[, Andrews+13]","[, <6.0]","[, ??]","[, <6.0]","[, <3.37]",<3.32,"[, ]","[, ]",--,--,#VALUE!,,,,,,II,,J04331907+2246342,147.67,--,3777,,1.445439771,--,0.6,--,--,--,--,"HH08,HH14,Testi+22",IRAS 04303+2240,3806,1.299,-99.04,0.557,-105.7,0.5249,-105.7,0.42,-105.65,0.557,-105.7,--,140
Taurus,J04333278+1800436,J04333278+1800436,33:32.8,=+18:00:43.650,6.8417,0.0227,146.16,1.253,146.16,"[13.704, -18.178]",II,1,"[, pre-ALMA]","[, 225]","[, 1.3]","[??, ??]","[??, ??]","[, Andrews+13]","[, 11.0]","[, 1.9]","[, 11.0]","[, 6.64]",6.64,"[, ]","[, ]",--,--,#VALUE!,,,,,,II,,J04333278+1800436,147.21,--,3705,,0.223872114,--,0.5,--,--,--,--,"HH08,HH14,Testi+22",J04333278+1800436,3720,0.22,-99,0.52,-106,0.4675,-106,0.52,-106.07,0.52,-106,--,146.16
Taurus,GI Tau,J04333405+2421170,33:34.1,=+24:21:17.040,7.7258,0.0198,129.44,1.386,129.44,"[5.764, -20.642]",II,1,"[, ALMA]","[, 225.5]","[, 1.3]","[??, 0.12x0.11]","[??, 0.050]","[, Long+19]","[, 17.69]","[, (0.25, -0.07)]","[, 17.69]","[, 8.38]",8.38,"[, 0.19]","[, ]",--,--,#VALUE!,,,,,,II,,J04333405+2421170,130.5,M0.4,3791,,0.933254301,-1.09,0.47,--,--,--,--,"HH08,HH14,Testi+22",GI Tau,3828,0.918,-1.097,0.497,-7.855,0.5425,-7.893,0.46,-7.82,0.497,-7.855,--,129.44
Taurus,GK Tau,J04333456+2421058,33:34.6,=+24:21:05.850,7.7433,0.0185,129.14,1.173,129.14,"[7.465, -20.510]",II,1,"[, ALMA]","[, 225.5]","[, 1.3]","[??, 0.12x0.11]","[??, 0.051]","[, Long+19]","[, 5.15]","[, (0.19, -0.11)]","[, 5.15]","[, 2.43]",2.43,"[, 0.099]","[, ]",--,--,#VALUE!,,,,,,II,,J04333456+2421058,129.27,K6.5,4131,,1.479108388,-1.53,0.73,--,--,--,--,"HH08,HH14,Testi+22",GK Tau,4067,1.476,-1.53,0.676,-8.372,0.75,-8.417,0.58,-8.31,0.58,-8.31,--,129.14
Taurus,IS Tau A,J04333678+2609492,33:36.8,=+26:09:49.220,6.8551,0.2377,145.88,10.785,141,"[9.758, -17.101]",II,1,"[pre-ALMA, ALMA]","[388, ??]","[0.89, 1.3]","[??, ??]","[??, ??]","[Andrews+13, Akeson+2019]","[30.0, 1.15]","[3.0, 0.16]","[30.0, 1.15]","[6.23, 0.65]",0.64,"[, ]","[, ]",--,--,#VALUE!,,,,,,II,,J04333678+2609492,133.4,M2,3850,,0.537031796,--,0.55,--,--,--,--,"HH08,HH14,Testi+22",IS Tau A,3560,0.591,-98.95,0.357,-105.6,0.3824,-105.6,0.35,-105.59,0.357,-105.6,--,140
Taurus,IS Tau B,J04333678+2609492,33:36.8,=+26:09:49.220,6.8551,0.2377,145.88,10.785,141,"[9.758, -17.101]",II,1,"[pre-ALMA, ALMA]","[388, ??]","[0.89, 1.3]","[??, ??]","[??, ??]","[Andrews+13, Akeson+2019]","[<9.0, 1.05]","[??, 0.16]","[<9.0, 1.05]","[<1.87, 0.59]",0.58,"[, ]","[, ]",--,--,#VALUE!,,,,,,II,,J04333678+2609492,133.4,--,3850,,0.537031796,--,0.55,--,--,--,--,"HH08,HH14,Testi+22",IS Tau B,3900,0.591,-98.95,0.583,-105.8,0.6,-105.9,0.56,-105.88,0.583,-105.8,--,140
Taurus,DL Tau,J04333906+2520382,33:39.1,=+25:20:38.230,6.2525,0.0194,159.94,1.419,159.94,"[9.252, -18.497]",II,1,"[pre-ALMA, ALMA]","[388, 225.5]","[0.89, 1.3]","[??, 0.14x0.11]","[??, 0.049]","[Andrews+13, Long+19]","[470.2, 170.72]","[35.7, (0.93, -0.43)]","[470.2, 170.72]","[125.68, 123.40]",123.4,"[, 1.033]","[, ]",--,--,#VALUE!,,,,,,II,,J04333906+2520382,159.34,K5.5,4276,,1.479108388,-0.35,0.89,--,--,--,--,"HH08,HH14,Testi+22",DL Tau,4162,1.49,-0.346,0.766,-7.26,0.855,-7.308,0.66,-7.19,0.66,-7.19,--,159.94
Taurus,J04333905+2227207,J04333905+2227207,33:39.1,=+22:27:20.790,--,--,--,--,141,"[, ]",II,1,"[, pre-ALMA]","[, 225]","[, 1.3]","[??, ??]","[??, ??]","[, Andrews+13]","[, 31.0]","[, 2.0]","[, 31.0]","[, 17.42]",17.17,"[, ]","[, ]",--,0.56,78.96,,,,,,II,,04333905+2227207,--,--,--,,--,--,--,--,--,--,,"HH08,HH14,Testi+22",J04333905+2227207,-99,-99,-99,-99,--,-99,--,-99,-99,-99,-99,--,-99
Taurus,HN Tau A,J04333935+1751523,33:39.4,=+17:51:52.370,7.4391,0.1377,134.42,9.014,141,"[11.610, -17.734]",II,1,"[pre-ALMA, ALMA]","[388, 225.5]","[0.89, 1.3]","[??, 0.14x0.10]","[??, 0.040]","[Andrews+13, Long+19]","[34.0, 12.30]","[3.0, (0.12, -0.18)]","[34.0, 12.30]","[7.06, 6.91]",6.81,"[, 0.136]","[, ]",--,--,#VALUE!,,,,,,II,,J04333935+1751523,136.57,K3,4350,,0.27542287,-0.61,0.86,--,--,--,--,"HH08,HH14,Testi+22",HN Tau A,4540,0.289,-0.588,0.839,-7.973,0.8324,-7.969,0.84,-7.97,0.84,-7.97,--,140
Taurus,HN Tau B,--,33:39.2,=+17:51:49.860,6.5277,0.098,153.19,1.786,153.19,"[9.301, -17.568]",II,1,"[pre-ALMA, ALMA]","[388, ??]","[0.89, 1.3]","[??, ??]","[??, ??]","[Andrews+13, Akeson+2019]","[<6.0, 0.54]","[??, 0.10]","[<6.0, 0.54]","[<1.47, 0.36]",0.36,"[, ]","[, ]",--,--,#VALUE!,,,,,,II,,J04333935+1751523,136.57,M4.8,4350,,0.27542287,--,0.86,--,--,--,--,"HH08,HH14,Testi+22",HN Tau B,3022,0.346,-98.9,nan,nan,0.1899,-105.2,nan,nan,0.1899,-105.2,--,140
Taurus,J04334171+1750402,J04334171+1750402,33:41.7,=+17:50:40.230,6.9032,0.0309,144.86,1.153,144.86,"[12.587, -19.651]",II,1,"[, pre-ALMA]","[, 225]","[, 1.3]","[??, ??]","[??, ??]","[, Andrews+13]","[, 6.0]","[, 2.0]","[, 6.0]","[, 3.56]",3.56,"[, ]","[, ]",--,--,#VALUE!,,,,,,II,,J04334171+1750402,146.33,--,3270,,0.107151931,--,0.23,--,--,--,--,"HH08,HH14,Testi+22",J04334171+1750402,3190,0.105,-99,0.195,-105.6,0.1949,-105.6,0.18,-105.63,0.195,-105.6,--,144.86
Taurus,J04334465+2615005,J04334465+2615005,33:44.7,=+26:15:00.530,6.18,0.1425,161.81,1.401,161.81,"[8.054, -17.747]",II,1,"[ALMA, pre-ALMA]","[338.8, 225]","[0.885, 1.3]","[0.34x0.24, ??]","[0.15, ??]","[Ward-Duong+18, Andrews+13]","[36.33, 18.3]","[0.23, 1.7]","[36.33, 18.3]","[9.80, 13.54]",13.54,"[, ]","[, ]",--,0.34,55.0154,,,,,,II,,J04334465+2615005,173.25,--,3125,,0.478630092,--,0.27,--,--,--,--,"HH08,HH14,Testi+22",J04334465+2615005,2980,0.417,-99.05,nan,nan,0.1775,-105.3,nan,nan,0.1775,-105.3,--,161.81
Taurus,DM Tau,J04334871+1810099,33:48.7,=+18:10:09.990,6.9421,0.0217,144.05,1.487,144.05,"[11.691, -18.292]",II,1,"[pre-ALMA, pre-ALMA]","[388, 225]","[0.89, 1.3]","[??, ??]","[??, ??]","[Andrews+13, Andrews+13]","[237.0, 89.4]","[11.7, 3.1]","[237.0, 89.4]","[51.38, 52.42]",52.42,"[, ]","[, ]",--,0.92,132.526,,,,,,II,,J04334871+1810099,145.14,M3,3415,,0.245470892,-1.27,0.29,--,--,--,--,"HH08,HH14,Testi+22",DM Tau,3410,0.241,-1.276,0.291,-7.992,0.3125,-8.022,0.31,-8.01,0.291,-7.992,--,144.05
Taurus,CI Tau,J04335200+2250301,33:52.0,=+22:50:30.180,6.2376,0.0205,160.32,1.356,160.32,"[8.942, -17.079]",II,1,"[pre-ALMA, ALMA]","[388, 225.5]","[0.89, 1.3]","[??, 0.13x0.11]","[??, 0.050]","[Andrews+13, Long+19]","[263.6, 142.40]","[19.1, (0.47, -0.81)]","[263.6, 142.40]","[70.79, 103.42]",103.42,"[, 1.195]","[, ]",--,0.89,142.6848,,,,,,II,,J04335200+2250301,158.71,K5.5,4276,,1.621810097,--,0.9,--,--,--,--,"HH08,HH14,Testi+22",CI Tau,4162,1.654,-98.99,0.751,-105.8,0.85,-105.9,0.65,-105.81,0.65,-105.81,--,160.32
Taurus,IT Tau A,J04335470+2613275,33:54.7,=+26:13:27.520,6.2345,0.0182,160.4,1.176,160.4,"[9.539, -17.528]",II,1,"[ALMA, ALMA]","[??, ??]","[0.850, 1.3]","[0.94x0.47, 1.26x0.74]","[0.44, 0.21]","[Akeson&Jensen+2014, Akeson&Jensen+2014]","[15.82, 7.00]","[0.56, 0.24]","[15.82, 7.00]","[3.79, 5.09]",5.09,"[, ]","[, ]",--,--,#VALUE!,,,,,,II,,J04335470+2613275,162,K6,4350,,3.235936569,--,1.03,--,--,--,--,"HH08,HH14,Testi+22",IT Tau A,4115,3.172,-99,nan,nan,0.8025,-105.7,nan,nan,0.8025,-105.7,--,160.4
Taurus,IT Tau B,--,33:54.6,=+26:13:25.600,5.8642,0.067,170.53,1.671,170.53,"[7.535, -17.914]",II,1,"[ALMA, ALMA]","[??, ??]","[0.850, 1.3]","[0.94x0.47, 1.26x0.74]","[0.44, 0.21]","[Akeson&Jensen+2014, Akeson&Jensen+2014]","[8.79, 4.17]","[0.52, 0.27]","[8.79, 4.17]","[2.38, 3.43]",3.43,"[, ]","[, ]",--,--,#VALUE!,,,,,,II,,J04335470+2613275,162,M2.9,4350,,3.235936569,--,1.03,--,--,--,--,"HH08,HH14,Testi+22",IT Tau B,3425,3.585,-98.95,nan,nan,nan,nan,nan,nan,nan,nan,--,170.53
Taurus,AA Tau,J04345542+2428531,34:55.4,=+24:28:53.160,7.4255,0.0868,134.67,3.334,141,"[5.323, -20.680]",II,1,"[pre-ALMA, pre-ALMA]","[388, 225]","[0.89, 1.3]","[??, ??]","[??, ??]","[Andrews+13, Andrews+13]","[139.4, 65.0]","[8.2, 3.5]","[139.4, 65.0]","[28.96, 36.52]",36,"[, ]","[, ]",--,--,#VALUE!,,,,,,II,,J04345542+2428531,137.19,M0.6,3762,,0.72443596,-0.87,0.47,--,--,--,--,"HH08,HH14,Testi+22",AA Tau,3792,0.754,-0.852,0.486,-7.635,0.5199,-7.664,0.45,-7.61,0.486,-7.635,--,140
Taurus,HO Tau,J04352020+2232146,35:20.2,=+22:32:14.600,6.0796,0.0273,164.48,1.459,164.48,"[9.721, -16.898]",II,1,"[pre-ALMA, ALMA]","[388, 225.5]","[0.89, 1.3]","[??, 0.12x0.11]","[??, 0.046]","[Andrews+13, Long+19]","[42.7, 17.72]","[7.9, (0.20, -0.17)]","[42.7, 17.72]","[12.07, 13.55]",13.55,"[, 0.267]","[, ]",--,--,#VALUE!,,,,,,II,,J04352020+2232146,161.39,M3.2,3385,,0.173780083,--,0.28,--,--,--,--,"HH08,HH14,Testi+22",HO Tau,3366,0.18,-98.98,0.275,-105.7,0.285,-105.7,0.28,-105.74,0.275,-105.7,--,164.48
Taurus,DN Tau,J04352737+2414589,35:27.4,=+24:14:58.930,7.776,0.0221,128.6,1.12,128.6,"[6.056, -20.864]",II,1,"[pre-ALMA, ALMA]","[388, 225.5]","[0.89, 1.3]","[??, 0.13x0.11]","[??, 0.051]","[Andrews+13, Long+19]","[210.1, 88.61]","[18.2, (0.25, -0.62)]","[210.1, 88.61]","[36.30, 41.41]",41.41,"[, 0.475]","[, ]",--,0.38,48.868,,,,,,II,,J04352737+2414589,128.22,M0.3,3806,,0.691830971,-1.34,0.5,--,--,--,--,"HH08,HH14,Testi+22",DN Tau,3846,0.695,-1.337,0.526,-8.185,0.5625,-8.213,0.5,-8.16,0.526,-8.185,--,128.6
Taurus,CoKu Tau/3 A,J04354093+2411087,35:40.9,=+24:11:08.760,7.8733,0.0584,127.01,1.155,127.01,"[5.971, -21.518]",II,1,"[ALMA, ALMA]","[??, ??]","[0.850, 1.3]","[0.93x0.47, 1.23x0.74]","[0.44, 0.27]","[Akeson&Jensen+2014, Akeson&Jensen+2014]","[3.32, 1.84]","[0.55, 0.30]","[3.32, 1.84]","[0.50, 0.84]",0.84,"[, ]","[, ]",--,--,#VALUE!,,,,,,II,,J04354093+2411087,125.22,M0.5,3777,,1.047128548,--,0.47,--,--,--,--,"HH08,HH14,Testi+22",CoKu Tau/3 A,3810,1.077,-98.98,0.48,-105.6,0.5275,-105.7,0.44,-105.65,0.48,-105.6,--,127.01
Taurus,CoKu Tau/3 B,J04354093+2411087,35:40.9,=+24:11:08.760,7.8733,0.0584,127.01,1.155,127.01,"[5.971, -21.518]",II,1,"[ALMA, ALMA]","[??, ??]","[0.850, 1.3]","[0.93x0.47, 1.23x0.74]","[0.44, 0.27]","[Akeson&Jensen+2014, Akeson&Jensen+2014]","[14.29, 5.79]","[0.56, 0.29]","[14.29, 5.79]","[2.14, 2.64]",2.64,"[, ]","[, ]",--,--,#VALUE!,,,,,,II,,J04354093+2411087,125.22,M4.3,3777,,1.047128548,--,0.47,--,--,--,--,"HH08,HH14,Testi+22",CoKu Tau/3 B,3127,1.077,-98.98,nan,nan,nan,nan,nan,nan,nan,nan,--,127.01
Taurus,HQ Tau,J04354733+2250216,35:47.3,=+22:50:21.700,6.1955,0.2056,161.41,13.394,141,"[10.868, -18.980]",II,1,"[pre-ALMA, ALMA]","[388, 225.5]","[0.89, 1.3]","[??, 0.12x0.11]","[??, 0.046]","[Andrews+13, Long+19]","[11.0, 3.98]","[3.0, (0.08, -0.17)]","[11.0, 3.98]","[2.28, 2.24]",2.2,"[, 0.155]","[, ]",--,--,#VALUE!,,,,,,II,,J04354733+2250216,158.63,K2,4900,,6.918309709,--,2.33,--,--,--,--,"HH08,HH14,Testi+22",HQ Tau,4710,5.388,-99.1,1.399,-106.1,1.8574,-106.2,1.27,-106.07,1.27,-106.07,--,140
Taurus,HP Tau,J04355277+2254231,35:52.8,=+22:54:23.110,5.8395,0.049,171.25,2.772,141,"[9.037, -13.853]",II,1,"[, ALMA]","[, 225.5]","[, 1.3]","[??, 0.13x0.11]","[??, 0.051]","[, Long+19]","[, 49.33]","[, (0.16, -0.15)]","[, 49.33]","[, 27.71]",27.32,"[, 0.125]","[, ]",--,0.22,31.02,,,,,,II,,J04355277+2254231,177.15,K4,4500,,3.01995172,--,1.16,--,--,--,--,"HH08,HH14,Testi+22",HP Tau,4375,1.886,-99.2,1.006,-106.2,1.185,-106.2,0.84,-106.15,0.84,-106.15,--,140
Taurus,Haro 6-28 A,J04355684+2254360,35:56.8,=+22:54:36.020,6.7138,0.2776,148.95,10.044,141,"[10.562, -17.131]",II,1,"[pre-ALMA, ALMA]","[388, ??]","[0.89, 1.3]","[??, ??]","[??, ??]","[Andrews+13, Akeson+2019]","[11.0, 5.10]","[3.5, 0.29]","[11.0, 5.10]","[2.28, 2.87]",2.82,"[, ]","[, ]",--,--,#VALUE!,,,,,,II,,J04355684+2254360,162.54,--,3415,,0.426579519,--,0.29,--,--,--,--,"HH08,HH14,Testi+22",Haro 6-28 A,3410,0.316,-99.12,0.291,-105.7,0.3174,-105.8,0.3,-105.8,0.291,-105.7,--,140
Taurus,Haro 6-28 B,J04355684+2254360,35:56.8,=+22:54:36.020,6.7138,0.2776,148.95,10.044,141,"[10.562, -17.131]",II,1,"[pre-ALMA, ALMA]","[388, ??]","[0.89, 1.3]","[??, ??]","[??, ??]","[Andrews+13, Akeson+2019]","[<10.5, 0.78]","[??, 0.15]","[<10.5, 0.78]","[<2.18, 0.44]",0.43,"[, ]","[, ]",--,--,#VALUE!,,,,,,II,,J04355684+2254360,162.54,--,3415,,0.426579519,--,0.29,--,--,--,--,"HH08,HH14,Testi+22",Haro 6-28 B,3410,0.316,-99.12,0.291,-105.7,0.3174,-105.8,0.3,-105.8,0.291,-105.7,--,140
Taurus,J04362151+2351165,J04362151+2351165,36:21.5,=+23:51:16.600,8.7333,0.0765,114.5,1.05,114.5,"[-0.918, -19.222]",II,1,"[, ALMA]","[, ??]","[, 1.3]","[??, ??]","[??, ??]","[, Akeson+2019]","[, 1.45]","[, 0.12]","[, 1.45]","[, 0.54]",0.54,"[, ]","[, ]",--,--,#VALUE!,,,,,,II,,J04362151+2351165,115.12,--,3125,,0.008317638,--,0.13,--,--,--,--,"HH08,HH14,Testi+22",J04362151+2351165,2980,0.008,-99,0.078,-105.7,0.1,-105.8,0.09,-105.83,0.078,-105.7,--,114.5
Taurus,ITG 1,J04375670+2546229,37:56.7,=+25:46:22.900,0.9734,0.0877,1027.33,1.056,141,"[-3.183, 2.129]",II,1,"[, pre-ALMA]","[, 225]","[, 1.3]","[??, ??]","[??, ??]","[, Andrews+13]","[, <2.3]","[, ??]","[, <2.3]","[, <1.29]",<1.27,"[, ]","[, ]",--,--,#VALUE!,,,,,,II,,04375670+2546229,--,--,--,,--,--,--,--,--,--,,"HH08,HH14,Testi+22",ITG 1,-99,-99,-99,-99,--,-99,--,-99,-99,-99,-99,--,-99
Taurus,J04381486+2611399,J04381486+2611399,38:14.9,=+26:11:39.940,7.1298,0.5276,140.26,1.14,140.26,"[5.435, -21.565]",II,1,"[ALMA, pre-ALMA]","[338.8, 225]","[0.885, 1.3]","[0.34x0.24, ??]","[0.15, ??]","[Ward-Duong+18, Andrews+13]","[1.57, 2.3]","[0.16, 0.8]","[1.57, 2.3]","[0.32, 1.28]",1.28,"[, ]","[, ]",--,--,#VALUE!,,,,,,II,,J04381486+2611399,145.41,--,2840,,0.002570396,--,0.06,--,--,--,--,"HH08,HH14,Testi+22",J04381486+2611399,2746,0.002,-99.03,0.045,-105.7,nan,nan,nan,nan,0.045,-105.7,--,140.26
Taurus,GM Tau,J04382134+2609137,38:21.3,=+26:09:13.740,7.1752,0.0594,139.37,1.08,139.37,"[6.047, -22.395]",II,1,"[ALMA, pre-ALMA]","[338.8, 225]","[0.885, 1.3]","[0.34x0.24, ??]","[0.15, ??]","[Ward-Duong+18, Andrews+13]","[2.75, <4.8]","[0.15, ??]","[2.75, <4.8]","[0.55, <2.63]",<2.63,"[, ]","[, ]",--,--,#VALUE!,,,,,,II,,J04382134+2609137,138.31,M5,3125,,0.069183097,-2.1,0.16,--,--,--,--,"HH08,HH14,Testi+22",GM Tau,2980,0.07,-2.093,0.112,-8.545,0.1125,-8.547,0.09,-8.45,0.112,-8.545,--,139.37
Taurus,DO Tau,J04382858+2610494,38:28.6,=+26:10:49.440,7.2193,0.0352,138.52,2.035,141,"[6.268, -21.047]",II,1,"[pre-ALMA, ALMA]","[388, 225.5]","[0.89, 1.3]","[??, 0.14x0.10]","[??, 0.058]","[Andrews+13, Long+19]","[252.8, 123.76]","[25.8, (0.17, -0.27)]","[252.8, 123.76]","[52.51, 69.53]",68.54,"[, 0.263]","[, ]",--,0.19,26.79,,,,,,II,,J04382858+2610494,139.37,M0.3,3806,,1.230268771,-0.85,0.53,--,--,--,--,"HH08,HH14,Testi+22",DO Tau,3846,1.241,-0.846,0.532,-7.572,0.5525,-7.588,0.45,-7.5,0.532,-7.572,--,140
Taurus,HV Tau C,--,38:35.5,=+26:10:41.500,--,--,--,--,141,"[, ]",II,1,"[pre-ALMA, pre-ALMA]","[388, 225]","[0.89, 1.3]","[??, ??]","[??, ??]","[Andrews+13, Andrews+13]","[47.4, 23.1]","[7.0, 2.6]","[47.4, 23.1]","[9.85, 12.98]",12.79,"[, ]","[, ]",--,--,#VALUE!,,,,,,II,"The 2MASS ID is for the primary, which is not on this list",04383528+2610386,--,--,--,,--,--,--,--,--,--,,"HH08,HH14,Testi+22",HV Tau C,-99,-99,-99,-99,--,-99,--,-99,-99,-99,-99,--,-99
Taurus,J04385859+2336351,J04385859+2336351,38:58.6,=+23:36:35.200,7.8959,0.0534,126.65,1.112,126.65,"[8.091, -21.201]",II,1,"[ALMA, pre-ALMA]","[338.8, 225]","[0.885, 1.3]","[0.34x0.24, ??]","[0.15, ??]","[Ward-Duong+18, Andrews+13]","[28.29, 13.2]","[0.22, 1.8]","[28.29, 13.2]","[4.67, 5.98]",5.98,"[, ]","[, ]",--,--,#VALUE!,,,,,,II,,J04385859+2336351,126.81,--,3233,,0.037153523,--,0.2,--,--,--,--,"HH08,HH14,Testi+22",J04385859+2336351,3134,0.037,-99,0.153,-105.7,0.14,-105.7,0.14,-105.72,0.153,-105.7,--,126.65
Taurus,J04390163+2336029,J04390163+2336029,39:01.6,=+23:36:03.000,7.8891,0.0269,126.76,1.213,126.76,"[7.933, -21.593]",II,1,"[ALMA, pre-ALMA]","[338.8, 225]","[0.885, 1.3]","[0.34x0.24, ??]","[0.15, ??]","[Ward-Duong+18, Andrews+13]","[1.73, <6.6]","[0.26, ??]","[1.73, <6.6]","[0.29, <3.00]",<3.00,"[, ]","[, ]",--,--,#VALUE!,,,,,,II,,J04390163+2336029,127.81,--,3139,,0.102329299,-3.27,0.17,--,--,--,--,"HH08,HH14,Testi+22",J04390163+2336029,2999,0.1,-3.277,0.125,-9.706,0.1325,-9.729,0.11,-9.64,0.125,-9.706,--,126.76
Taurus,J04390396+2544264,J04390396+2544264,39:04.0,=+25:44:26.420,7.0936,0.1513,140.97,1.285,140.97,"[6.582, -21.117]",II,1,"[ALMA, pre-ALMA]","[338.8, 225]","[0.885, 1.3]","[0.34x0.24, ??]","[0.15, ??]","[Ward-Duong+18, Andrews+13]","[2.28, 2.9]","[0.15, 0.8]","[2.28, 2.9]","[0.47, 1.63]",1.63,"[, ]","[, ]",--,--,#VALUE!,,,,,,II,,J04390396+2544264,143.99,--,2840,,0.038904515,-4.75,0.06,--,--,--,--,"HH08,HH14,Testi+22",J04390396+2544264,2746,0.037,-4.768,0.057,-10.99,nan,nan,nan,nan,0.057,-10.99,--,140.97
Taurus,VY Tau A,J04391741+2247533,39:17.4,=+22:47:53.400,6.5186,0.0413,153.41,2.252,141,"[10.123, -18.371]",II,1,"[pre-ALMA, ALMA]","[388, ??]","[0.89, 1.3]","[??, ??]","[??, ??]","[Andrews+13, Akeson+2019]","[<10.0, 1.90]","[??, 0.22]","[<10.0, 1.90]","[<2.08, 1.07]",1.05,"[, ]","[, ]",--,--,#VALUE!,,,,,,II,,J04391741+2247533,152.3,M1.5,3560,,0.467735141,--,0.36,--,--,--,--,"HH08,HH14,Testi+22",VY Tau A,3640,0.395,-99.07,0.413,-105.8,0.4275,-105.9,0.42,-105.9,0.413,-105.8,--,140
Taurus,VY Tau B,J04391741+2247533,39:17.4,=+22:47:53.400,6.5186,0.0413,153.41,2.252,141,"[10.123, -18.371]",II,1,"[pre-ALMA, ALMA]","[388, ??]","[0.89, 1.3]","[??, ??]","[??, ??]","[Andrews+13, Akeson+2019]","[<10.0, <0.60]","[??, ??]","[<10.0, <0.60]","[<2.08, <0.34]",<0.33,"[, ]","[, ]",--,--,#VALUE!,,,,,,II,,J04391741+2247533,152.3,--,3560,,0.467735141,--,0.36,--,--,--,--,"HH08,HH14,Testi+22",VY Tau B,3560,0.395,-99.07,0.361,-105.8,0.3874,-105.8,0.37,-105.82,0.361,-105.8,--,140
Taurus,LkCa 15,J04391779+2221034,39:17.8,=+22:21:03.480,6.3619,0.0264,157.19,1.362,157.19,"[10.573, -17.527]",II,1,"[pre-ALMA, pre-ALMA]","[388, 225]","[0.89, 1.3]","[??, ??]","[??, ??]","[Andrews+13, Andrews+13]","[385.2, 127.0]","[22.4, 4.9]","[385.2, 127.0]","[99.45, 88.67]",88.67,"[, ]","[, ]",--,0.77,121.0363,,,,,,II,,J04391779+2221034,158.86,K5.5,4276,,1.122018454,-0.99,0.91,--,--,--,--,"HH08,HH14,Testi+22",LkCa 15,4162,1.098,-0.999,0.792,-7.994,0.8524,-8.025,0.7,-7.94,0.7,-7.94,--,157.19
Taurus,GN Tau A,J04392090+2545021,39:20.9,=+25:45:02.110,--,--,--,--,141,"[, ]",II,1,"[pre-ALMA, ALMA]","[388, ??]","[0.89, 1.3]","[??, ??]","[??, ??]","[Andrews+13, Akeson+2019]","[12.0, 0.47]","[3.0, 0.12]","[12.0, 0.47]","[2.49, 0.26]",0.26,"[, ]","[, ]",--,--,#VALUE!,,,,,,II,,J04392090+2545021,139.23,M2.5,3500,,0.354813389,--,0.34,--,--,--,--,"HH08,HH14,Testi+22",GN Tau A,3485,0.358,-98.99,0.326,-105.6,0.355,-105.7,0.34,-105.71,0.326,-105.6,--,140
Taurus,GN Tau B,J04392090+2545021,39:20.9,=+25:45:02.110,--,--,--,--,141,"[, ]",II,1,"[pre-ALMA, ALMA]","[388, ??]","[0.89, 1.3]","[??, ??]","[??, ??]","[Andrews+13, Akeson+2019]","[<9.0, 0.59]","[??, 0.12]","[<9.0, 0.59]","[<1.87, 0.33]",0.33,"[, ]","[, ]",--,--,#VALUE!,,,,,,II,,J04392090+2545021,139.23,--,3500,,0.354813389,--,0.34,--,--,--,--,"HH08,HH14,Testi+22",GN Tau B,3497,0.358,-98.99,0.335,-105.7,0.36,-105.7,0.34,-105.72,0.335,-105.7,--,140
Taurus,J04393364+2359212,J04393364+2359212,39:33.6,=+23:59:21.200,7.8672,0.0473,127.11,1.109,127.11,"[7.774, -21.120]",II,1,"[ALMA, pre-ALMA]","[338.8, 225]","[0.885, 1.3]","[0.34x0.24, ??]","[0.15, ??]","[Ward-Duong+18, Andrews+13]","[7.97, <5.8]","[0.16, ??]","[7.97, <5.8]","[1.33, <2.65]",<2.65,"[, ]","[, ]",--,--,#VALUE!,,,,,,II,,J04393364+2359212,127.11,--,3125,,0.075857758,--,0.17,--,--,--,--,"HH08,HH14,Testi+22",J04393364+2359212,2980,0.075,-99,0.114,-105.4,0.1125,-105.4,0.09,-105.34,0.114,-105.4,--,127.11
Taurus,ITG 15,J04394488+2601527,39:44.9,=+26:01:52.790,7.1594,0.0571,139.68,1.021,139.68,"[6.687, -21.949]",II,1,"[ALMA, pre-ALMA]","[338.8, 225]","[0.885, 1.3]","[0.34x0.24, ??]","[0.15, ??]","[Ward-Duong+18, Andrews+13]","[9.44, <6.0]","[0.16, ??]","[9.44, <6.0]","[1.90, <3.31]",<3.31,"[, ]","[, ]",--,--,#VALUE!,,,,,,II,,J04394488+2601527,136.85,M5.0,3125,,0.489778819,--,0.27,--,--,--,--,"HH08,HH14,Testi+22",ITG 15,2980,0.51,-98.98,nan,nan,0.18,-105.2,nan,nan,0.18,-105.2,--,139.68
Taurus,CFHT 4,J04394748+2601407,39:47.5,=+26:01:40.780,7.1222,0.184,140.41,1.307,140.41,"[6.088, -21.645]",II,1,"[pre-ALMA, pre-ALMA]","[388, 225]","[0.89, 1.3]","[??, ??]","[??, ??]","[Andrews+13, Andrews+13]","[9.0, 2.0]","[2.4, 0.5]","[9.0, 2.0]","[1.85, 1.11]",1.11,"[, ]","[, ]",--,--,#VALUE!,,,,,,II,,J04394748+2601407,147.12,--,2880,,0.158489319,--,0.16,--,--,--,--,"HH08,HH14,Testi+22",CFHT 4,2770,0.144,-99.04,nan,nan,0.1,-105.2,nan,nan,0.1,-105.2,--,140.41
Taurus,J04400067+2358211,J04400067+2358211,40:00.7,=+23:58:21.200,7.9145,0.074,126.35,0.958,126.35,"[7.951, -21.034]",II,1,"[ALMA, pre-ALMA]","[338.8, 225]","[0.885, 1.3]","[0.34x0.24, ??]","[0.15, ??]","[Ward-Duong+18, Andrews+13]","[7.93, <5.6]","[0.15, ??]","[7.93, <5.6]","[1.30, <2.53]",<2.53,"[, ]","[, ]",--,--,#VALUE!,,,,,,II,,J04400067+2358211,120.5,--,2990,,0.021379621,--,0.09,--,--,--,--,"HH08,HH14,Testi+22",J04400067+2358211,2860,0.023,-98.95,0.057,-105.3,nan,nan,nan,nan,0.057,-105.3,--,126.35
Taurus,IRAS 04370+2559,J04400800+2605253,40:08.0,=+26:05:25.380,7.2802,0.2825,137.36,1.042,137.36,"[5.650, -20.769]",II,1,"[, pre-ALMA]","[, 225]","[, 1.3]","[??, ??]","[??, ??]","[, Andrews+13]","[, 51.7]","[, 0.8]","[, 51.7]","[, 27.56]",27.56,"[, ]","[, ]",--,--,#VALUE!,,,,,,II,,04400800+2605253,--,--,--,,--,--,--,--,--,--,,"HH08,HH14,Testi+22",IRAS 04370+2559,-99,-99,-99,-99,--,-99,--,-99,-99,-99,-99,--,-99
Taurus,J04403979+2519061 AB,J04403979+2519061,40:39.8,=+25:19:06.120,7.0001,0.2663,142.86,2.438,141,"[5.137, -21.067]",II,1,"[, ALMA]","[, ??]","[, 1.3]","[??, ??]","[??, ??]","[, Hardy+2015]","[, <0.43]","[, ??]","[, <0.43]","[, <0.24]",<0.24,"[, ]","[, ]",--,--,#VALUE!,,,,,,II,,04403979+2519061,--,--,--,,--,--,--,--,--,--,,"HH08,HH14,Testi+22",J04403979+2519061 AB,-99,-99,-99,-99,--,-99,--,-99,-99,-99,-99,--,-99
Taurus,JH 223 A,J04404950+2551191,40:49.5,=+25:51:19.180,7.0666,0.0199,141.51,1.173,141.51,"[4.205, -19.738]",II,1,"[pre-ALMA, ALMA]","[388, ??]","[0.89, 1.3]","[??, ??]","[??, ??]","[Andrews+13, Akeson+2019]","[<7.0, 1.70]","[??, 0.14]","[<7.0, 1.70]","[<1.46, 0.96]",0.96,"[, ]","[, ]",--,--,#VALUE!,,,,,,II,,J04404950+2551191,139.94,M2.8,3444,,0.223872114,--,0.31,--,--,--,--,"HH08,HH14,Testi+22",JH 223 A,3440,0.228,-98.99,0.306,-105.7,0.32,-105.7,0.33,-105.78,0.306,-105.7,--,141.51
Taurus,JH 223 B,J04404950+2551191,40:49.5,=+25:51:19.180,7.0666,0.0199,141.51,1.173,141.51,"[4.205, -19.738]",II,1,"[pre-ALMA, ALMA]","[388, ??]","[0.89, 1.3]","[??, ??]","[??, ??]","[Andrews+13, Akeson+2019]","[<7.0, 0.76]","[??, 0.13]","[<7.0, 0.76]","[<1.46, 0.43]",0.43,"[, ]","[, ]",--,--,#VALUE!,,,,,,II,,J04404950+2551191,139.94,--,3444,,0.223872114,--,0.31,--,--,--,--,"HH08,HH14,Testi+22",JH 223 B,3439,0.228,-98.99,0.306,-105.7,0.32,-105.7,0.33,-105.77,0.306,-105.7,--,141.51
Taurus,ITG 33A,J04410826+2556074,41:08.3,=+25:56:07.480,6.8031,0.169,146.99,1.287,146.99,"[5.193, -21.295]",II,1,"[, ALMA]","[, ??]","[, 1.3]","[??, ??]","[??, ??]","[, Akeson+2019]","[, 4.10]","[, 0.23]","[, 4.10]","[, 2.50]",2.5,"[, ]","[, ]",--,--,#VALUE!,,,,,,II,,J04410826+2556074,140.82,--,3415,,0.050118723,--,0.33,--,--,--,--,"HH08,HH14,Testi+22",ITG 33A,3410,0.054,-98.96,0.33,-106,0.265,-105.9,0.31,-106.03,0.33,-106,--,146.99
Taurus,ITG 34,J04411078+2555116,41:10.8,=+25:55:11.650,6.595,0.167,151.63,0.969,151.63,"[4.468, -20.013]",II,1,"[, ALMA]","[, ??]","[, 1.3]","[??, ??]","[??, ??]","[, Akeson+2019]","[, 0.70]","[, 0.12]","[, 0.70]","[, 0.45]",0.45,"[, ]","[, ]",--,--,#VALUE!,,,,,,II,,J04411078+2555116,156.81,--,3060,,0.063095734,--,0.14,--,--,--,--,"HH08,HH14,Testi+22",ITG 34,2920,0.058,-99.02,0.091,-105.4,0.1,-105.4,0.09,-105.41,0.091,-105.4,--,151.63
Taurus,CoKu Tau/4 AB,J04411681+2840000,41:16.8,=+28:40:00.070,6.4456,0.1146,155.14,5.894,141,"[4.317, -22.201]",II,1,"[pre-ALMA, ]","[388, ]","[0.89, ]","[??, ??]","[??, ??]","[Andrews+13, ]","[9.0, ]","[2.9, ]","[9.0, ]","[1.87, ]",1.84,"[, ]","[, ]",--,--,#VALUE!,,,,,,II,,04411681+2840000,--,--,--,,--,--,--,--,--,--,,"HH08,HH14,Testi+22",CoKu Tau/4 AB,-99,-99,-99,-99,--,-99,--,-99,-99,-99,-99,--,-99
Taurus,ITG 40,J04412464+2543530,41:24.6,=+25:43:53.000,--,--,--,--,141,"[, ]",II,1,"[, ALMA]","[, ??]","[, 1.3]","[??, ??]","[??, ??]","[, Akeson+2019]","[, 1.00]","[, 0.12]","[, 1.00]","[, 0.56]",0.55,"[, ]","[, ]",--,--,#VALUE!,,,,,,II,,04412464+2543530,--,--,--,,--,--,--,--,--,--,,"HH08,HH14,Testi+22",ITG 40,-99,-99,-99,-99,--,-99,--,-99,-99,-99,-99,--,-99
Taurus,IRAS 04385+2550,J04413882+2556267,41:38.8,=+25:56:26.750,6.2657,0.2828,159.6,5.057,141,"[6.167, -19.329]",II,1,"[, pre-ALMA]","[, 225]","[, 1.3]","[??, ??]","[??, ??]","[, Andrews+13]","[, 25.5]","[, 2.2]","[, 25.5]","[, 14.33]",14.12,"[, ]","[, ]",--,0.1,14.1,,,,,,II,,J04413882+2556267,159.77,--,3850,,0.446683592,--,0.56,--,--,--,--,"HH08,HH14,Testi+22",IRAS 04385+2550,3900,0.342,-99.11,0.638,-106.2,0.625,-106.2,0.64,-106.21,0.638,-106.2,--,140
Taurus,J04414489+2301513,J04414489+2301513,41:44.9,=+23:01:51.390,8.1822,0.3044,122.22,1.097,122.22,"[7.918, -20.152]",II,1,"[, ALMA]","[, ??]","[, 1.3]","[??, ??]","[??, ??]","[, Akeson+2019]","[, <0.38]","[, ??]","[, <0.38]","[, <0.16]",<0.16,"[, ]","[, ]",--,--,#VALUE!,,,,,,II,,J04414489+2301513,120.42,--,2550,,0.003388442,--,0.02,--,--,--,--,"HH08,HH14,Testi+22",J04414489+2301513,2620,0.003,-98.98,0.025,-105.3,nan,nan,nan,nan,0.025,-105.3,--,122.22
Taurus,J04414825+2534304,J04414825+2534304,41:48.2,=+25:34:30.500,7.3005,0.1705,136.98,1.021,136.98,"[4.509, -19.774]",II,1,"[ALMA, pre-ALMA]","[338.8, 225]","[0.885, 1.3]","[0.34x0.24, ??]","[0.15, ??]","[Ward-Duong+18, Andrews+13]","[3.52, 2.2]","[0.16, 0.4]","[3.52, 2.2]","[0.68, 1.17]",1.17,"[, ]","[, ]",--,--,#VALUE!,,,,,,II,,J04414825+2534304,136.17,--,2755,,0.015488166,-4.2,0.04,--,--,--,--,"HH08,HH14,Testi+22",J04414825+2534304,2696,0.015,-4.194,0.032,-10.35,nan,nan,nan,nan,0.032,-10.35,--,136.98
Taurus,V955 Tau A,J04420777+2523118,42:07.8,=+25:23:11.800,6.5104,0.4047,153.6,15.255,141,"[5.533, -18.128]",II,1,"[pre-ALMA, ALMA]","[388, ??]","[0.89, 1.3]","[??, ??]","[??, ??]","[Andrews+13, Akeson+2019]","[14.0, 2.20]","[2.0, 0.17]","[14.0, 2.20]","[2.91, 1.24]",1.22,"[, ]","[, ]",--,--,#VALUE!,,,,,,II,,J04420777+2523118,160.13,K8.5,4060,,2.187761624,--,0.79,--,--,--,--,"HH08,HH14,Testi+22",V955 Tau A,3810,1.672,-99.11,nan,nan,0.5275,-105.7,0.44,-105.69,0.44,-105.69,--,140
Taurus,V955 Tau B,J04420777+2523118,42:07.8,=+25:23:11.800,6.5104,0.4047,153.6,15.255,141,"[5.533, -18.128]",II,1,"[pre-ALMA, ALMA]","[388, ??]","[0.89, 1.3]","[??, ??]","[??, ??]","[Andrews+13, Akeson+2019]","[<6.0, 0.86]","[??, 0.14]","[<6.0, 0.86]","[<1.25, 0.48]",0.48,"[, ]","[, ]",--,--,#VALUE!,,,,,,II,,J04420777+2523118,160.13,--,4060,,2.187761624,--,0.79,--,--,--,--,"HH08,HH14,Testi+22",V955 Tau B,4020,1.672,-99.11,0.67,-105.9,0.7,-105.9,0.54,-105.83,0.54,-105.83,--,140
Taurus,CIDA 7,J04422101+2520343,42:21.0,=+25:20:34.380,7.1084,0.0479,140.68,1.198,140.68,"[4.633, -19.774]",II,1,"[pre-ALMA, ]","[388, ]","[0.89, ]","[??, ??]","[??, ??]","[Andrews+13, ]","[38.0, ]","[8.0, ]","[38.0, ]","[7.86, ]",7.86,"[, ]","[, ]",--,--,#VALUE!,,,,,,II,,J04422101+2520343,136.17,M5.1,3161,,0.128824955,--,0.18,--,--,--,--,"HH08,HH14,Testi+22",CIDA 7,2968,0.137,-98.97,0.147,-105.3,0.1325,-105.3,0.13,-105.34,0.147,-105.3,--,140.68
Taurus,DP Tau A,J04423769+2515374,42:37.7,=+25:15:37.460,--,--,--,--,141,"[, ]",II,1,"[pre-ALMA, ALMA]","[388, ??]","[0.89, 1.3]","[??, ??]","[??, ??]","[Andrews+13, Akeson+2019]","[<10.0, 2.10]","[??, 0.23]","[<10.0, 2.10]","[<2.08, 1.18]",1.16,"[, ]","[, ]",--,--,#VALUE!,,,,,,II,,J04423769+2515374,142.08,M0.8,3720,,0.066069345,--,0.56,--,--,--,--,"HH08,HH14,Testi+22",DP Tau A,3756,0.064,-99.01,0.57,-106.3,0.4825,-106.3,0.57,-106.39,0.57,-106.3,--,140
Taurus,DP Tau B,J04423769+2515374,42:37.7,=+25:15:37.460,--,--,--,--,141,"[, ]",II,1,"[pre-ALMA, ALMA]","[388, ??]","[0.89, 1.3]","[??, ??]","[??, ??]","[Andrews+13, Akeson+2019]","[<10.0, 1.50]","[??, 0.21]","[<10.0, 1.50]","[<2.08, 0.84]",0.83,"[, ]","[, ]",--,--,#VALUE!,,,,,,II,,J04423769+2515374,142.08,--,3720,,0.066069345,--,0.56,--,--,--,--,"HH08,HH14,Testi+22",DP Tau B,3738,0.064,-99.01,0.563,-106.3,0.455,-106.2,0.56,-106.38,0.563,-106.3,--,140
Taurus,GO Tau,J04430309+2520187,43:03.1,=+25:20:18.750,7.0233,0.02,142.38,1.183,142.38,"[4.736, -20.109]",II,1,"[pre-ALMA, ALMA]","[388, 225.5]","[0.89, 1.3]","[??, 0.14x0.11]","[??, 0.049]","[Andrews+13, Long+19]","[162.4, 54.76]","[12.3, (0.85, -0.41)]","[162.4, 54.76]","[34.40, 31.37]",31.37,"[, 1.187]","[, ]",--,1.16,165.1608,,,,,,II,,J04430309+2520187,144.57,M2.3,3516,,0.27542287,--,0.35,--,--,--,--,"HH08,HH14,Testi+22",GO Tau,3515,0.267,-99.01,0.345,-105.8,0.3625,-105.8,0.37,-105.84,0.345,-105.8,--,142.38
Taurus,CIDA 14,J04432023+2940060,43:20.2,=+29:40:06.050,6.0198,0.0525,166.12,1.453,166.12,"[4.670, -22.090]",II,1,"[, ALMA]","[, ??]","[, 1.3]","[??, ??]","[??, ??]","[, Akeson+2019]","[, <0.38]","[, ??]","[, <0.38]","[, <0.30]",<0.30,"[, ]","[, ]",--,--,#VALUE!,,,,,,II,,J04432023+2940060,171.17,M5.5,3060,,0.338844156,-4.36,0.22,--,--,--,--,"HH08,HH14,Testi+22",CIDA 14,2920,0.319,-4.386,nan,nan,0.1525,-10.62,nan,nan,0.1525,-10.62,--,166.12
Taurus,IRAS 04414+2506,J04442713+2512164,44:27.1,=+25:12:16.410,6.9855,0.0603,143.15,1.001,143.15,"[5.760, -19.848]",II,1,"[pre-ALMA, pre-ALMA]","[388, 225]","[0.89, 1.3]","[??, ??]","[??, ??]","[Andrews+13, Andrews+13]","[11.6, 4.9]","[1.3, 0.4]","[11.6, 4.9]","[2.48, 2.84]",2.84,"[, ]","[, ]",--,--,#VALUE!,,,,,,II,,J04442713+2512164,141.02,--,2840,,0.0616595,--,0.08,--,--,--,--,"HH08,HH14,Testi+22",IRAS 04414+2506,2746,0.063,-98.98,0.08,-105.2,nan,nan,nan,nan,0.08,-105.2,--,143.15
Taurus,IRAS 04429+1550,J04455134+1555367,45:51.3,=+15:55:36.730,6.7911,0.0308,147.25,1.904,141,"[11.614, -18.058]",II,1,"[, pre-ALMA]","[, 225]","[, 1.3]","[??, ??]","[??, ??]","[, Andrews+13]","[, 51.0]","[, 2.0]","[, 51.0]","[, 28.65]",28.25,"[, ]","[, ]",--,--,#VALUE!,,,,,,II,,J04455134+1555367,148,--,3487,,0.338844156,--,0.33,--,--,--,--,"HH08,HH14,Testi+22",IRAS 04429+1550,3483,0.303,-99.04,0.326,-105.7,0.35,-105.8,0.35,-105.81,0.326,-105.7,--,140
Taurus,DQ Tau AB,J04465305+1700001,46:53.1,=+17:00:00.100,5.1182,0.0183,195.38,1.048,195.38,"[4.906, -13.296]",II,1,"[pre-ALMA, ALMA]","[388, 225.5]","[0.89, 1.3]","[??, 0.13x0.10]","[??, 0.045]","[Andrews+13, Long+19]","[210.7, 69.27]","[18.8, (0.15, -0.19)]","[210.7, 69.27]","[84.04, 74.72]",74.72,"[, 0.219]","[, ]",--,--,#VALUE!,,,,,,II,,04465305+1700001,--,--,--,,--,--,--,--,--,--,,"HH08,HH14,Testi+22",DQ Tau AB,-99,-99,-99,-99,--,-99,--,-99,-99,-99,-99,--,-99
Taurus,Haro 6-37 A,J04465897+1702381,46:59.0,=+17:02:37.850,4.8466,0.0813,206.33,4.519,141,"[4.952, -13.086]",II,1,"[pre-ALMA, ALMA]","[388, ??]","[0.89, 1.3]","[??, ??]","[??, ??]","[Andrews+13, Akeson+2019]","[<15.0, 2.10]","[??, 0.34]","[<15.0, 2.10]","[<3.12, 1.18]",1.16,"[, ]","[, ]",--,--,#VALUE!,,,,,,II,,J04465897+1702381,170.56,K8,3989,,4.786300923,--,0.71,--,--,--,--,"HH08,HH14,Testi+22",Haro 6-37 A,3900,3.224,-99.17,nan,nan,0.59,-105.7,nan,nan,0.59,-105.7,--,140
Taurus,Haro 6-37 B,J04465897+1702381,46:59.0,=+17:02:37.850,4.8466,0.0813,206.33,4.519,141,"[4.952, -13.086]",II,1,"[pre-ALMA, ALMA]","[388, ??]","[0.89, 1.3]","[??, ??]","[??, ??]","[Andrews+13, Akeson+2019]","[<15.0, <0.96]","[??, ??]","[<15.0, <0.96]","[<3.12, <0.54]",<0.53,"[, ]","[, ]",--,--,#VALUE!,,,,,,II,,J04465897+1702381,170.56,M0.9,3989,,4.786300923,--,0.71,--,--,--,--,"HH08,HH14,Testi+22",Haro 6-37 B,3738,3.224,-99.17,nan,nan,0.5099,-105.6,nan,nan,0.5099,-105.6,--,140
Taurus,Haro 6-37 C,--,46:59.1,=+17:02:39.670,5.1168,0.026,195.43,1.584,195.43,"[5.298, -14.131]",II,1,"[pre-ALMA, ALMA]","[388, ??]","[0.89, 1.3]","[??, ??]","[??, ??]","[Andrews+13, Akeson+2019]","[218.0, 38.50]","[6.0, 1.95]","[218.0, 38.50]","[86.99, 41.55]",41.55,"[, ]","[, ]",--,--,#VALUE!,,,,,,II,,J04465897+1702381,170.56,--,3989,,4.786300923,--,0.71,--,--,--,--,"HH08,HH14,Testi+22",Haro 6-37 C,3979,6.283,-98.88,nan,nan,0.725,-105.4,nan,nan,0.725,-105.4,--,195.43
Taurus,DR Tau,J04470620+1658428,47:06.2,=+16:58:42.810,5.1823,0.0329,192.96,1.868,141,"[5.207, -13.889]",II,1,"[pre-ALMA, ALMA]","[388, 225.5]","[0.89, 1.3]","[??, 0.13x0.10]","[??, 0.051]","[Andrews+13, Long+19]","[314.9, 127.18]","[23.2, (0.20, -0.22)]","[314.9, 127.18]","[65.41, 71.45]",70.44,"[, 0.276]","[, ]",--,--,#VALUE!,,,,,,II,,J04470620+1658428,195.66,K6,4202,,3.715352291,0.32,1.11,--,--,--,--,"HH08,HH14,Testi+22",DR Tau,4115,1.902,0.0292,0.734,-6.803,0.795,-6.837,0.6,-6.71,0.6,-6.71,--,140
Taurus,DS Tau,J04474859+2925112,47:48.6,=+29:25:11.460,6.315,0.021,158.35,1.546,158.35,"[5.049, -24.439]",II,1,"[pre-ALMA, ALMA]","[388, 225.5]","[0.89, 1.3]","[??, 0.14x0.10]","[??, 0.050]","[Andrews+13, Long+19]","[40.5, 22.24]","[6.9, (0.23, -0.23)]","[40.5, 22.24]","[10.61, 15.76]",15.76,"[, 0.446]","[, ]",--,--,#VALUE!,,,,,,II,,J04474859+2925112,159.06,M0.4,3791,,1.047128548,-0.57,0.47,--,--,--,--,"HH08,HH14,Testi+22",DS Tau,3828,1.037,-0.573,0.497,-7.305,0.54,-7.341,0.45,-7.27,0.497,-7.305,--,158.35
Taurus,UY Aur A,J04514737+3047134,51:47.4,=+30:47:13.460,6.5669,0.0372,152.28,2.212,141,"[5.238, -25.917]",II,1,"[ALMA, ALMA]","[??, 225.5]","[0.850, 1.3]","[0.75x0.49, 0.15x0.10]","[0.37, 0.048]","[Akeson&Jensen+2014, Long+19]","[48.40, 19.96]","[0.66, (1.07, -1.06)]","[48.40, 19.96]","[8.95, 11.21]",11.05,"[, 0.044]","[, ]",--,--,#VALUE!,,,,,,II,,J04514737+3047134,155.62,K7,4060,,2.398832919,-0.48,0.84,--,--,--,--,"HH08,HH14,Testi+22",UY Aur A,4020,1.941,-0.571,0.74,-7.383,0.705,-7.361,0.56,-7.26,0.56,-7.26,--,140
Taurus,UY Aur B,J04514737+3047134,51:47.4,=+30:47:13.460,6.5669,0.0372,152.28,2.212,141,"[5.238, -25.917]",II,1,"[ALMA, ALMA]","[??, ??]","[0.850, 1.3]","[0.75x0.49, 1.24x0.74]","[0.37, 0.20]","[Akeson&Jensen+2014, Akeson&Jensen+2014]","[18.27, 7.87]","[0.72, 0.25]","[18.27, 7.87]","[3.38, 4.42]",4.36,"[, ]","[, ]",--,--,#VALUE!,,,,,,II,,J04514737+3047134,155.62,--,4060,,2.398832919,--,0.84,--,--,--,--,"HH08,HH14,Testi+22",UY Aur B,4020,1.941,-99.09,0.74,-105.9,0.705,-105.8,0.56,-105.78,0.56,-105.78,--,140
Taurus,St 34 AB,J04542368+1709534,54:23.7,=+17:09:53.470,6.9628,0.031,143.62,1.646,143.62,"[-2.222, -12.554]",II,1,"[pre-ALMA, ]","[388, ]","[0.89, ]","[??, ??]","[??, ??]","[Andrews+13, ]","[<11.0, ]","[??, ]","[<11.0, ]","[<2.37, ]",<2.37,"[, ]","[, ]",--,--,#VALUE!,,,,,,II,,04542368+1709534,--,--,--,,--,--,--,--,--,--,,"HH08,HH14,Testi+22",St 34 AB,-99,-99,-99,-99,--,-99,--,-99,-99,-99,-99,--,-99
Taurus,St 34 C,J04542362+1709434,54:23.6,=+17:09:43.500,0.7211,0.089,1386.77,1.07,141,"[-3.060, -8.150]",II,1,"[pre-ALMA, ]","[388, ]","[0.89, ]","[??, ??]","[??, ??]","[Andrews+13, ]","[<11.0, ]","[??, ]","[<11.0, ]","[<2.28, ]",<2.25,"[, ]","[, ]",--,--,#VALUE!,,,,,,II,,04542362+1709434,--,--,--,,--,--,--,--,--,--,,"HH08,HH14,Testi+22",St 34 C,-99,-99,-99,-99,--,-99,--,-99,-99,-99,-99,--,-99
Taurus,GM Aur,J04551098+3021595,55:11.0,=+30:21:59.540,6.3248,0.049,158.11,2.526,141,"[3.748, -24.298]",II,1,"[pre-ALMA, pre-ALMA]","[388, 225]","[0.89, 1.3]","[??, ??]","[??, ??]","[Andrews+13, Andrews+13]","[546.6, 173.2]","[35.8, 6.8]","[546.6, 173.2]","[113.54, 97.30]",95.92,"[, ]","[, ]",--,0.87,122.67,,,,,,II,,J04551098+3021595,159.64,K6,4202,,1.174897555,-0.89,0.82,--,--,--,--,"HH08,HH14,Testi+22",GM Aur,4115,0.903,-1.004,0.751,-8.008,0.8174,-8.044,0.69,-7.97,0.69,-7.97,--,140
Taurus,J04554535+3019389,J04554535+3019389,55:45.3,=+30:19:38.920,6.3614,0.0332,157.2,1.077,157.2,"[4.054, -25.514]",II,1,"[, ALMA]","[, ??]","[, 1.3]","[??, ??]","[??, ??]","[, Akeson+2019]","[, <0.39]","[, ??]","[, <0.39]","[, <0.27]",<0.27,"[, ]","[, ]",--,--,#VALUE!,,,,,,II,,J04554535+3019389,154.75,M4.7,3161,,0.107151931,--,0.18,--,--,--,--,"HH08,HH14,Testi+22",J04554535+3019389,3043,0.11,-98.98,0.139,-105.4,0.15,-105.4,0.12,-105.38,0.139,-105.4,--,157.2
Taurus,AB Aur,J04554582+3033043,55:45.8,=+30:33:04.287,6.4127,0.0372,155.94,1.369,155.94,"[4.018, -24.027]",II,1,"[pre-ALMA, pre-ALMA]","[388, 225]","[0.89, 1.3]","[??, ??]","[??, ??]","[Andrews+13, Andrews+13]","[308.7, 93.3]","[22.4, 5.1]","[308.7, 93.3]","[78.43, 64.11]",64.11,"[, ]","[, ]",--,--,#VALUE!,,,,,,II,,J04554582+3033043,162.87,A1,9520,,123.0268771,--,3.17,--,--,--,--,"HH08,HH14,Testi+22",AB Aur,9256,112.7,-99.03,nan,nan,3.125,-106.3,3.13,-106.32,3.13,-106.32,--,155.94
Taurus,J04554801+3028050,J04554801+3028050,55:48.0,=+30:28:05.000,6.2413,0.1103,160.22,0.928,160.22,"[4.919, -23.838]",II,1,"[pre-ALMA, ALMA]","[388, ??]","[0.89, 1.3]","[??, ??]","[??, ??]","[Andrews+13, Akeson+2019]","[<23.0, <0.35]","[??, ??]","[<23.0, <0.35]","[<6.17, <0.25]",<0.25,"[, ]","[, ]",--,--,#VALUE!,,,,,,II,,J04554801+3028050,164.83,M5,3046,,0.021877616,-3.63,0.11,--,--,--,--,"HH08,HH14,Testi+22",J04554801+3028050,2980,0.02,-3.654,0.086,-10.25,0.1,-10.32,0.09,-10.28,0.086,-10.25,--,160.22
Taurus,J04554969+3019400,J04554969+3019400,55:49.7,=+30:19:40.040,6.13,0.0838,163.13,1.045,163.13,"[4.579, -23.594]",II,1,"[, ALMA]","[, ??]","[, 1.3]","[??, ??]","[??, ??]","[, Akeson+2019]","[, <0.35]","[, ??]","[, <0.35]","[, <0.26]",<0.26,"[, ]","[, ]",--,--,#VALUE!,,,,,,II,,J04554969+3019400,156.52,--,2990,,0.026915348,--,0.09,--,--,--,--,"HH08,HH14,Testi+22",J04554969+3019400,2860,0.029,-98.96,0.059,-105.2,nan,nan,nan,nan,0.059,-105.2,--,163.13
Taurus,XEST 26-062,J04555605+3036209,55:56.1,=+30:36:20.960,5.6753,0.4055,176.2,22.462,141,"[10.369, -20.192]",II,1,"[ALMA, pre-ALMA]","[338.8, 225]","[0.885, 1.3]","[0.34x0.24, ??]","[0.15, ??]","[Ward-Duong+18, Andrews+13]","[1.47, 9.1]","[0.15, 1.5]","[1.47, 9.1]","[0.30, 5.11]",5.04,"[, ]","[, ]",--,--,#VALUE!,,,,,,II,,04555605+3036209,--,M4,--,,--,--,--,--,--,--,,"HH08,HH14,Testi+22",XEST 26-062,3190,-99,-99,-99,--,-99,--,-99,-99,-99,-99,--,-99
Taurus,SU Aur,J04555938+3034015,55:59.4,=+30:34:01.519,6.37,0.0303,156.99,1.514,156.99,"[4.185, -24.304]",II,1,"[pre-ALMA, ]","[388, ]","[0.89, ]","[??, ??]","[??, ??]","[Andrews+13, ]","[71.0, ]","[8.6, ]","[71.0, ]","[18.28, ]",18.28,"[, ]","[, ]",<,0.16,25.1184,,,,,,II,,J04555938+3034015,158.38,G4,5860,,14.45439771,-0.89,2.18,--,--,--,--,"HH08,HH14,Testi+22",SU Aur,5516,14.2,-0.897,nan,nan,2.4474,-8.07,2.82,-8.13,2.82,-8.13,--,156.99
Taurus,XEST 26-071,J04560118+3026348,56:01.2,=+30:26:34.830,6.917,0.2002,144.57,8.632,141,"[7.303, -23.329]",II,1,"[, ALMA]","[, ??]","[, 1.3]","[??, ??]","[??, ??]","[, Akeson+2019]","[, <0.35]","[, ??]","[, <0.35]","[, <0.20]",<0.19,"[, ]","[, ]",--,--,#VALUE!,,,,,,II,,J04560118+3026348,158.66,--,3342,,0.141253755,--,0.26,--,--,--,--,"HH08,HH14,Testi+22",XEST 26-071,3302,0.109,-99.1,0.254,-105.9,0.245,-105.8,0.24,-105.89,0.254,-105.9,--,140
Taurus,MWC 480,J04584626+2950370,58:46.3,=+29:50:36.975,6.4014,0.0518,156.22,1.009,156.22,"[4.661, -25.168]",II,1,"[pre-ALMA, ALMA]","[388, 225.5]","[0.89, 1.3]","[??, 0.17x0.11]","[??, 0.069]","[Andrews+13, Long+19]","[750.6, 267.76]","[42.7, (0.51, -1.07)]","[750.6, 267.76]","[191.40, 184.65]",184.65,"[, 0.878]","[, ]",--,--,#VALUE!,,,,,,II,,J04584626+2950370,161.79,--,9000,,165.9586907,--,3.65,--,--,--,--,"HH08,HH14,Testi+22",MWC 480,9000,154.7,-99.03,nan,nan,3.5499,-106.2,3.58,-106.28,3.58,-106.28,--,156.22
Taurus,V836 Tau,J05030659+2523197,03:06.6,=+25:23:19.710,5.9882,0.0183,167,1.169,167,"[2.991, -17.304]",II,1,"[pre-ALMA, ALMA]","[388, 225.5]","[0.89, 1.3]","[??, 0.13x0.10]","[??, 0.049]","[Andrews+13, Long+19]","[67.3, 26.24]","[8.0, (0.16, -0.12)]","[67.3, 26.24]","[19.61, 20.68]",20.68,"[, 0.188]","[, ]",--,0.13,21.71,,,,,,II,,J05030659+2523197,169.58,M0.8,3734,,0.660693448,-2.33,0.45,--,--,--,--,"HH08,HH14,Testi+22",V836 Tau,3756,0.64,-2.343,0.475,-9.143,0.5,-9.165,0.45,-9.12,0.475,-9.143,--,167
Taurus,CIDA 8,J05044139+2509544,04:41.4,=+25:09:54.400,5.917,0.0254,169,1.211,169,"[2.379, -16.979]",II,1,"[pre-ALMA, pre-ALMA]","[388, 225]","[0.89, 1.3]","[??, ??]","[??, ??]","[Andrews+13, Andrews+13]","[26.3, 7.7]","[4.9, 1.6]","[26.3, 7.7]","[7.85, 6.21]",6.21,"[, ]","[, ]",--,--,#VALUE!,,,,,,II,,J05044139+2509544,170.76,M3.7,3313,,0.309029543,--,0.24,--,--,--,--,"HH08,HH14,Testi+22",CIDA 8,3256,0.302,-99,0.216,-105.5,0.2574,-105.5,0.22,-105.52,0.216,-105.5,--,169
Taurus,CIDA 9 A,J05052286+2531312,05:22.9,=+25:31:31.230,5.7118,0.0877,175.08,3.593,141,"[2.321, -17.898]",II,1,"[pre-ALMA, ALMA]","[388, 225.5]","[0.89, 1.3]","[??, 0.13x0.10]","[??, 0.050]","[Andrews+13, Long+19]","[77.0, 37.10]","[3.0, (0.26, -0.20)]","[77.0, 37.10]","[15.99, 20.84]",20.55,"[, 0.371]","[, ]",--,--,#VALUE!,,,,,,II,,J05052286+2531312,171.85,M1.8,3589,,0.074131024,--,0.48,--,--,--,--,"HH08,HH14,Testi+22",CIDA 9 A,3592,0.049,-99.17,0.485,-106.5,0.3525,-106.3,0.47,-106.49,0.485,-106.5,--,140
Taurus,CIDA 9 B,J05052286+2531312,05:22.9,=+25:31:31.230,5.7118,0.0877,175.08,3.593,141,"[2.321, -17.898]",II,1,"[pre-ALMA, ALMA]","[388, ??]","[0.89, 1.3]","[??, ??]","[??, ??]","[Andrews+13, Akeson+2019]","[<7.0, <0.42]","[??, ??]","[<7.0, <0.42]","[<1.45, <0.24]",<0.23,"[, ]","[, ]",--,--,#VALUE!,,,,,,II,,J05052286+2531312,171.85,M4.6,3589,,0.074131024,--,0.48,--,--,--,--,"HH08,HH14,Testi+22",CIDA 9 B,3064,0.049,-99.17,0.133,-105.8,0.125,-105.7,0.11,-105.73,0.133,-105.8,--,140
Taurus,CIDA 11,J05062332+2432199,06:23.3,=+24:32:19.950,5.9943,0.1331,166.83,8.568,141,"[4.247, -16.677]",II,1,"[pre-ALMA, ALMA]","[388, ??]","[0.89, 1.3]","[??, ??]","[??, ??]","[Andrews+13, Akeson+2019]","[<8.0, <0.36]","[??, ??]","[<8.0, <0.36]","[<1.66, <0.20]",<0.20,"[, ]","[, ]",--,--,#VALUE!,,,,,,II,,05062332+2432199,--,M4.2,--,,--,--,--,--,--,--,,"HH08,HH14,Testi+22",CIDA 11,3148,-99,-99,-99,--,-99,--,-99,-99,-99,-99,--,-99
Taurus,CIDA 11 B,J05062332+2432199,06:23.3,=+24:32:19.950,5.9943,0.1331,166.83,8.568,141,"[4.247, -16.677]",REMOVE,0,"[pre-ALMA, ]","[388, ]","[0.89, ]","[??, ??]","[??, ??]","[Andrews+13, ]","[<8.0, ]","[??, ]","[<8.0, ]","[<1.66, ]",<1.64,"[, ]","[, ]",--,--,#VALUE!,,,,,,II,,05062332+2432199,--,--,--,,--,--,--,--,--,--,,"HH08,HH14,Testi+22",CIDA 11 B,-99,-99,-99,-99,--,-99,--,-99,-99,-99,-99,--,-99
Taurus,RW Aur A,J05074953+3024050,07:49.6,=+30:24:05.177,5.4541,0.3324,183.35,16.422,141,"[4.906, -24.578]",II,1,"[pre-ALMA, ALMA]","[388, 225.5]","[0.89, 1.3]","[??, 0.16x0.10]","[??, 0.051]","[Andrews+13, Long+19]","[56.0, 35.60]","[7.8, (0.28, -0.27)]","[56.0, 35.60]","[11.63, 20.00]",19.72,"[, 0.132]","[, ]",--,--,#VALUE!,,,,,,II,,J05074953+3024050,151.91,K0,4900,,2.951209227,0.23,1.4,--,--,--,--,"HH08,HH14,Testi+22",RW Aur A,4870,2.506,0.159,nan,nan,1.7074,-7.126,1.48,-7.07,1.48,-7.07,--,140
Taurus,RW Aur B,J05074953+3024050,07:49.5,=+30:24:04.810,6.4062,0.0441,156.1,1.5,156.1,"[2.641, -27.398]",II,1,"[pre-ALMA, pre-ALMA]","[388, 225]","[0.89, 1.3]","[??, ??]","[??, ??]","[Andrews+13, Andrews+13]","[13.2, 4.4]","[2.9, 0.8]","[13.2, 4.4]","[3.36, 3.03]",3.03,"[, ]","[, ]",--,--,#VALUE!,,,,,,II,,J05074953+3024050,151.91,K6.5,4900,,2.951209227,--,1.4,--,--,--,--,"HH08,HH14,Testi+22",RW Aur B,4067,3.116,-98.97,nan,nan,0.7549,-105.7,nan,nan,0.7549,-105.7,--,156.1
Taurus,CIDA 12,J05075496+2500156,07:55.0,=+25:00:15.610,5.8842,0.0275,169.95,1.148,169.95,"[2.992, -17.296]",II,1,"[ALMA, ]","[338.8, ]","[0.885, ]","[0.34x0.24, ??]","[0.15, ??]","[Ward-Duong+18, ]","[3.06, ]","[0.17, ]","[3.06, ]","[0.91, ]",0.91,"[, ]","[, ]",--,--,#VALUE!,,,,,,II,,J05075496+2500156,164.88,M3.7,3313,,0.123026877,--,0.25,--,--,--,--,"HH08,HH14,Testi+22",CIDA 12,3256,0.13,-98.97,0.227,-105.6,0.23,-105.6,0.22,-105.65,0.227,-105.6,--,169.95
Taurus,J04263055+2443558,J04263055+2443558,26:30.6,=+24:43:55.836,8.1096,0.5322,123.31,1.162,123.31,"[6.392, -20.749]",II,1,"[, ALMA]","[, 230]","[, 1.3]","[??, ??]","[??, ??]","[, Akeson+2019]","[, <0.30]","[, ??]","[, <0.30]","[, <0.13]",<0.13,,,,--,#VALUE!,,,,,,,,J04263055+2443558,--,--,--,,--,--,--,--,--,--,,"HH08,HH14,Testi+22",J04263055+2443558,-99,-99,-99,-99,--,-99,--,-99,-99,-99,-99,--,-99
Taurus,V710 Tau B,J04315779+1821380,31:57.8,=+18:21:37.948,6.8516,0.0221,145.95,1.26,145.95,"[11.900, -17.625]",II,1,"[, ALMA]","[, 230]","[, 1.3]","[??, ??]","[??, ??]","[, Akeson&Jensen+2014]","[, <0.61]","[, ??]","[, <0.61]","[, <0.37]",<0.37,,,,--,#VALUE!,,,,,,,,J04315779+1821380,140,M1.7,3580,,0.245470892,--,--,--,--,--,--,"HH08,HH14",V710 Tau B,3608,0.266,-98.96,0.405,-105.8,0.4,-105.8,0.42,-105.87,0.405,-105.8,--,145.95
Taurus,V807 Tau Bab,J04330664+2409549,33:06.6,=+24:09:55.044,5.4315,0.7654,184.11,41.807,141,"[5.800, -16.252]",II,1,"[, ALMA]","[, 230]","[, 1.3]","[??, ??]","[??, ??]","[, Akeson+2019]","[, <0.33]","[, ??]","[, <0.33]","[, <0.19]",<0.18,,,,--,#VALUE!,,,,,,,,J04330664+2409549,113.2,--,3560,,0.295120923,--,0.37,--,--,--,--,"HH08,Testi+22",V807 Tau Bab,3560,0.451,-98.81,0.357,-105.5,0.39,-105.5,0.36,-105.53,0.357,-105.5,--,140
Taurus,J04361030+2159364,J04361030+2159364,36:10.3,=+21:59:36.476,8.6273,0.439,115.91,1.123,115.91,"[8.932, -23.466]",II,1,"[, ALMA]","[, 230]","[, 1.3]","[??, ??]","[??, ??]","[, Akeson+2019]","[, <0.31]","[, ??]","[, <0.31]","[, <0.12]",<0.12,,,,--,#VALUE!,,,,,,,,J04361030+2159364,--,--,--,,--,--,--,--,--,--,,"HH08,HH14,Testi+22",J04361030+2159364,-99,-99,-99,-99,--,-99,--,-99,-99,-99,-99,--,-99
Taurus,JH 112 Ab,J04324911+2253027,32:49.1,=+22:53:02.847,6.1521,0.0222,162.55,1.147,162.55,"[7.618, -15.778]",II,1,"[, ALMA]","[, 230]","[, 1.3]","[??, ??]","[??, ??]","[, Akeson&Jensen+2014]","[, 3.06]","[, 0.24]","[, 3.06]","[, 2.28]",2.28,,,,--,#VALUE!,,,,,,,,J04324911+2253027,--,--,--,,--,--,--,--,--,--,,"HH08,HH14,Testi+22",JH 112 Ab,-99,-99,-99,-99,--,-99,--,-99,-99,-99,-99,--,-99
Taurus,JH 112 Bb,J04324938+2253082,32:49.4,=+22:53:08.220,6.0872,0.1354,164.28,2.111,141,"[10.171, -17.020]",II,1,"[, ALMA]","[, 230]","[, 1.3]","[??, ??]","[??, ??]","[, Akeson&Jensen+2014]","[, 2.30]","[, 0.24]","[, 2.30]","[, 1.29]",1.27,,,,--,#VALUE!,,,,,,,,J04324911+2253027,--,--,--,,--,--,--,--,--,--,,"HH08,HH14,Testi+22",JH 112 Bb,-99,-99,-99,-99,--,-99,--,-99,-99,-99,-99,--,-99
Taurus,GG Tau Ab,J04323034+1731406,32:30.3,=+17:31:41.000,8.5914,0.4725,116.4,6.442,141,"[13.209, -18.211]",II,1,"[, ALMA]","[, 230]","[, 1.3]","[??, ??]","[??, ??]","[, Akeson+2019]","[, <2.40]","[, ??]","[, <2.40]","[, <1.35]",<1.33,,,,--,#VALUE!,,,,,,,,J04323034+1731406,--,--,--,,--,--,--,--,--,--,,"HH08,HH14,Testi+22",GG Tau Ab,-99,-99,-99,-99,--,-99,--,-99,-99,-99,-99,--,-99
CrA,CrA-1,J18563974-3707205,56:39.8,-37:07:20.800,6.6642,0.0545,150.06,1.392,150.06,"[0.114, -28.781]",II,1,"[, ALMA]","[, 230]","[, 1.3]","[, 0.33x0.31]","[, 0.10]","[, Cazzoletti+2019]","[, ??]","[, ??]","[, <0.30]","[, <0.19]",<0.19,,,,--,#VALUE!,,,,,,,,J18563974-3707205,159.19,--,2860,,0.125892541,--,0.1,--,--,--,--,,CrA-1,2758,0.111,-99.05,nan,nan,nan,nan,nan,nan,nan,nan,--,
CrA,CrA-3,J18594391-3704000,59:43.9,-37:04:01.100,--,--,--,--,156,"[, ]",F,1,"[, ]","[, ]","[, ]","[, ]","[, ]","[, ]","[, ]","[, ]","[, ]","[, ]",--,,,,--,#VALUE!,,,,,,,,18594391-3704000,--,--,--,,--,--,--,--,--,--,,,CrA-3,-99,-99,-99,-99,--,-99,--,-99,-99,-99,-99,--,
CrA,CrA-4,J18595094-3706313,59:50.9,-37:06:31.600,6.358,0.2367,157.28,1.078,157.28,"[4.116, -28.219]",II,1,"[, ALMA]","[, 230]","[, 1.3]","[, 0.33x0.31]","[, 0.14]","[, Cazzoletti+2019]","[, ??]","[, ??]","[, <0.42]","[, <0.29]",<0.29,,,,--,#VALUE!,,,,,,,,J18595094-3706313,154.54,--,2770,,0.018620871,--,0.04,--,--,--,--,,CrA-4,2705,0.019,-98.98,0.036,-105.1,nan,nan,nan,nan,0.036,-105.1,--,
CrA,CrA-6,J19002906-3656036,00:29.1,-36:56:03.800,6.3111,0.1401,158.45,5.876,156,"[3.845, -28.564]",II,1,"[, ALMA]","[, 230]","[, 1.3]","[, 0.33x0.31]","[, 0.08]","[, Cazzoletti+2019]","[, ??]","[, ??]","[, <0.24]","[, <0.17]",<0.17,,,,--,#VALUE!,,,,,,,,J19002906-3656036,155.17,--,3190,,0.301995172,--,0.21,--,--,--,--,,CrA-6,3071,0.305,-98.99,nan,nan,0.1975,-105.4,nan,nan,0.1975,-105.4,--,
CrA,CrA-8,J19004530-3711480,00:45.3,-37:11:48.200,6.1432,0.1639,162.78,1.062,162.78,"[5.442, -28.575]",II,1,"[, ALMA]","[, 230]","[, 1.3]","[, 0.33x0.31]","[, 0.16]","[, Cazzoletti+2019]","[, 2.06]","[, 0.17]","[, 2.06]","[, 1.54]",1.54,,,,--,#VALUE!,,,,,,,,J19004530-3711480,166.99,--,2770,,0.028183829,--,0.05,--,--,--,--,,CrA-8,2705,0.026,-99.02,0.045,-105.2,nan,nan,nan,nan,0.045,-105.2,--,
CrA,CrA-9,J19005804-3645048,00:58.1,-36:45:05.000,6.3957,0.0189,156.36,1.348,156.36,"[5.723, -27.579]",II,1,"[, ALMA]","[, 230]","[, 1.3]","[, 0.33x0.31]","[, 0.33]","[, Cazzoletti+2019]","[, 5.07]","[, 0.16]","[, 5.07]","[, 3.50]",3.5,,,,--,#VALUE!,,,,,,,,J19005804-3645048,153.08,--,3720,,0.512861384,--,0.45,--,--,--,--,,CrA-9,3738,0.535,-98.98,0.464,-105.8,0.4825,-105.8,0.45,-105.79,0.464,-105.8,--,
CrA,CrA-10,J19005974-3647109,00:59.7,-36:47:11.200,6.5886,0.193,151.78,0.994,151.78,"[3.864, -28.941]",II,1,"[, ALMA]","[, 230]","[, 1.3]","[, 0.33x0.31]","[, 0.22]","[, Cazzoletti+2019]","[, 0.65]","[, 0.11]","[, 0.65]","[, 0.42]",0.42,,,,--,#VALUE!,,,,,,,,J19005974-3647109,143.58,--,3190,,0.014791084,--,0.16,--,--,--,--,,CrA-10,3071,0.016,-98.95,0.113,-105.7,0.105,-105.7,0.11,-105.72,0.113,-105.7,--,
CrA,CrA-12,J19011629-3656282,01:16.3,-36:56:28.300,6.5181,0.0731,153.42,1.033,153.42,"[3.926, -27.254]",II,1,"[, ALMA]","[, 230]","[, 1.3]","[, 0.33x0.31]","[, 0.10]","[, Cazzoletti+2019]","[, 1.37]","[, 0.24]","[, 1.37]","[, 0.91]",0.91,,,,--,#VALUE!,,,,,,,,J19011629-3656282,156.05,--,2980,,0.030902954,--,0.09,--,--,--,--,,CrA-12,2851,0.029,-99.01,0.058,-105.3,nan,nan,nan,nan,0.058,-105.3,--,
CrA,CrA-13,J19011893-3658282,01:18.9,-36:58:28.400,6.6078,0.124,151.34,0.992,151.34,"[4.403, -27.160]",II,1,"[, ALMA]","[, 230]","[, 1.3]","[, 0.33x0.31]","[, 0.21]","[, Cazzoletti+2019]","[, 2.77]","[, 0.26]","[, 2.77]","[, 1.79]",1.79,,,,--,#VALUE!,,,,,,,,J19011893-3658282,149.32,--,3560,,0.245470892,--,0.38,--,--,--,--,,CrA-13,3560,0.252,-98.98,0.376,-105.8,0.3799,-105.8,0.4,-105.87,0.376,-105.8,--,
CrA,CrA-15,J19013232-3658030,01:32.3,-36:58:03.000,--,--,--,--,156,"[, ]",II,1,"[, ALMA]","[, 230]","[, 1.3]","[, 0.33x0.31]","[, 0.08]","[, Cazzoletti+2019]","[, ??]","[, ??]","[, <0.24]","[, <0.17]",<0.17,,,,--,#VALUE!,,,,,,,,J19013232-3658030,160.89,--,3300,,0.165958691,--,0.24,--,--,--,--,,CrA-15,3237,0.156,-99.02,0.212,-105.6,0.2325,-105.6,0.21,-105.65,0.212,-105.6,--,
CrA,CrA-16,J19013385-3657448,01:33.9,-36:57:44.900,--,--,--,--,156,"[, ]",II,1,"[, ALMA]","[, 230]","[, 1.3]","[, 0.33x0.31]","[, 1.00]","[, Cazzoletti+2019]","[, 20.34]","[, 0.53]","[, 20.34]","[, 13.99]",13.99,,,,--,#VALUE!,,,,,,,,J19013385-3657448,160.89,--,3485,,0.575439937,--,0.32,--,--,--,--,,CrA-16,3481,0.54,-99.02,0.312,-105.6,0.3474,-105.6,0.32,-105.63,0.312,-105.6,--,
CrA,CrA-18,J19014041-3651422,01:40.4,-36:51:42.300,5.5556,0.9043,180,1.126,180,"[5.785, -27.989]",II,1,"[, ALMA]","[, 230]","[, 1.3]","[, 0.33x0.31]","[, 0.35]","[, Cazzoletti+2019]","[, 5.36]","[, 0.19]","[, 5.36]","[, 4.91]",4.91,,,,--,#VALUE!,,,,,,,,J19014041-3651422,160.89,--,3640,,0.446683592,--,0.41,--,--,--,--,,CrA-18,3650,0.559,-98.9,0.403,-105.6,0.435,-105.6,0.4,-105.63,0.403,-105.6,--,
CrA,CrA-21,J19015112-3654122,01:51.1,-36:54:12.400,--,--,--,--,156,"[, ]",II,1,"[, ALMA]","[, 230]","[, 1.3]","[, 0.33x0.31]","[, 0.08]","[, Cazzoletti+2019]","[, ??]","[, ??]","[, <0.24]","[, <0.17]",<0.17,,,,--,#VALUE!,,,,,,,,J19015112-3654122,160.89,--,3560,,0.151356125,--,0.41,--,--,--,--,,CrA-21,3560,0.142,-99.02,0.41,-106,0.365,-105.9,0.43,-106.06,0.41,-106,--,
CrA,CrA-22,J19015180-3710478,01:51.9,-37:10:44.700,6.4312,0.5257,155.49,1.064,155.49,"[4.370, -26.198]",II,1,"[, ALMA]","[, 230]","[, 1.3]","[, 0.33x0.31]","[, 0.12]","[, Cazzoletti+2019]","[, ??]","[, ??]","[, <0.36]","[, <0.25]",<0.25,,,,--,#VALUE!,,,,,,,,J19015180-3710478,143.45,--,3085,,0.052480746,--,0.14,--,--,--,--,,CrA-22,2943,0.061,-98.92,0.097,-105.3,0.1,-105.3,0.09,-105.3,0.097,-105.3,--,
CrA,CrA-23,J19015374-3700339,01:53.8,-37:00:33.900,6.2791,0.2256,159.26,1.144,159.26,"[5.631, -27.994]",II,1,"[, ALMA]","[, 230]","[, 1.3]","[, 0.33x0.31]","[, 0.12]","[, Cazzoletti+2019]","[, 0.35]","[, 0.15]","[, 0.35]","[, 0.25]",0.25,,,,--,#VALUE!,,,,,,,,J19015374-3700339,160.89,--,2770,,0.00724436,--,0.04,--,--,--,--,,CrA-23,2705,0.007,-99,0.029,-105.3,nan,nan,nan,nan,0.029,-105.3,--,
CrA,CrA-26,J19020682-3658411,02:06.8,-36:58:41.000,4.5655,1.0461,219.03,1.066,219.03,"[7.991, -28.901]",II,1,"[, ALMA]","[, 230]","[, 1.3]","[, 0.33x0.31]","[, 0.11]","[, Cazzoletti+2019]","[, ??]","[, ??]","[, <0.33]","[, <0.45]",<0.45,,,,--,#VALUE!,,,,,,,,J19020682-3658411,160.89,--,2770,,0.005495409,--,0.04,--,--,--,--,,CrA-26,2705,0.01,-98.73,0.029,-104.9,nan,nan,nan,nan,0.029,-104.9,--,
CrA,CrA-28,J19021201-3703093,02:12.0,-37:03:09.400,6.412,0.1199,155.96,0.98,155.96,"[5.567, -29.515]",II,1,"[, ALMA]","[, 230]","[, 1.3]","[, 0.33x0.31]","[, 0.09]","[, Cazzoletti+2019]","[, ??]","[, ??]","[, <0.27]","[, <0.19]",<0.19,,,,--,#VALUE!,,,,,,,,J19021201-3703093,159.19,--,3085,,0.023988329,--,0.12,--,--,--,--,,CrA-28,2943,0.023,-99.01,0.075,-105.5,nan,nan,0.09,-105.61,0.075,-105.5,--,
CrA,CrA-29,J19021464-3700328,02:14.6,-37:00:32.900,--,--,--,--,156,"[, ]",II,1,"[, ALMA]","[, 230]","[, 1.3]","[, 0.33x0.31]","[, 0.11]","[, Cazzoletti+2019]","[, ??]","[, ??]","[, <0.33]","[, <0.23]",<0.23,,,,--,#VALUE!,,,,,,,,19021464-3700328,--,--,--,,--,--,--,--,--,--,,,CrA-29,-99,-99,-99,-99,--,-99,--,-99,-99,-99,-99,--,
CrA,CrA-30,J19022708-3658132,02:27.1,-36:58:13.100,--,--,--,--,156,"[, ]",II,1,"[, ALMA]","[, 230]","[, 1.3]","[, 0.33x0.31]","[, 0.09]","[, Cazzoletti+2019]","[, 0.51]","[, 0.18]","[, 0.51]","[, 0.35]",0.35,,,,--,#VALUE!,,,,,,,,J19022708-3658132,160.89,--,3810,,1.905460718,--,0.53,--,--,--,--,,CrA-30,3848,1.791,-99.02,nan,nan,0.5575,-105.6,0.47,-105.62,0.47,-105.62,--,
CrA,CrA-31,J19023308-3658212,02:33.1,-36:58:21.200,6.7754,0.1983,147.59,7.913,156,"[7.336, -31.522]",II,1,"[, ALMA]","[, 230]","[, 1.3]","[, 0.33x0.31]","[, 0.19]","[, Cazzoletti+2019]","[, 2.82]","[, 0.19]","[, 2.82]","[, 1.94]",1.94,,,,--,#VALUE!,,,,,,,,J19023308-3658212,160.89,--,3300,,0.354813389,--,0.23,--,--,--,--,,CrA-31,3237,0.333,-99.02,0.221,-105.5,0.25,-105.5,0.21,-105.49,0.221,-105.5,--,
CrA,CrA-33,J19030103-3707533,03:01.0,-37:07:53.400,--,--,--,--,156,"[, ]",F,1,"[, ]","[, ]","[, ]","[, ]","[, ]","[, ]","[, ]","[, ]","[, ]","[, ]",--,,,,--,#VALUE!,,,,,,,,19030103-3707533,--,--,--,,--,--,--,--,--,--,,,CrA-33,-99,-99,-99,-99,--,-99,--,-99,-99,-99,-99,--,
CrA,CrA-35,J19031185-3709020,03:11.8,-37:09:02.100,--,--,--,--,156,"[, ]",II,1,"[, ALMA]","[, 230]","[, 1.3]","[, 0.33x0.31]","[, 0.11]","[, Cazzoletti+2019]","[, ??]","[, ??]","[, <0.33]","[, <0.23]",<0.23,,,,--,#VALUE!,,,,,,,,J19031185-3709020,160.89,--,2980,,0.087096359,--,0.12,--,--,--,--,,CrA-35,2851,0.081,-99.02,0.11,-105.4,0.1,-105.3,nan,nan,0.11,-105.4,--,
CrA,CrA-36,J19032429-3715076,03:24.3,-37:15:07.700,--,--,--,--,156,"[, ]",II,1,"[, ALMA]","[, 230]","[, 1.3]","[, 0.33x0.31]","[, 0.82]","[, Cazzoletti+2019]","[, 12.90]","[, 0.21]","[, 12.90]","[, 8.87]",8.87,,,,--,#VALUE!,,,,,,,,J19032429-3715076,160.89,--,2980,,0.117489756,--,0.14,--,--,--,--,,CrA-36,2851,0.11,-99.02,nan,nan,0.1,-105.2,nan,nan,0.1,-105.2,--,
CrA,CrA-40,J19012576-3659191,01:25.8,-36:59:19.100,--,--,--,--,156,"[, ]",II,1,"[, ALMA]","[, 230]","[, 1.3]","[, 0.33x0.31]","[, 0.11]","[, Cazzoletti+2019]","[, ??]","[, ??]","[, <0.33]","[, <0.23]",<0.23,,,,--,#VALUE!,,,,,,,,J19012576-3659191,160.89,--,3085,,0.218776162,--,0.18,--,--,--,--,,CrA-40,2943,0.205,-99.02,nan,nan,0.145,-105.3,nan,nan,0.145,-105.3,--,
CrA,CrA-41,J19014164-3659528,01:41.6,-36:59:52.700,6.436,0.0404,155.38,1.279,155.38,"[6.034, -27.345]",II,1,"[, ALMA]","[, 230]","[, 1.3]","[, 0.33x0.31]","[, 0.21]","[, Cazzoletti+2019]","[, 2.80]","[, 0.19]","[, 2.80]","[, 1.91]",1.91,,,,--,#VALUE!,,,,,,,,J19014164-3659528,160.89,--,3560,,0.891250938,--,0.4,--,--,--,--,,CrA-41,3560,0.831,-99.03,0.385,-105.6,0.3874,-105.6,0.33,-105.56,0.385,-105.6,--,
CrA,CrA-42,J19015037-3656390,01:50.5,-36:56:38.400,--,--,--,--,156,"[, ]",II,1,"[, ALMA]","[, 230]","[, 1.3]","[, 0.33x0.31]","[, 0.34]","[, Cazzoletti+2019]","[, 4.87]","[, 0.21]","[, 4.87]","[, 3.35]",3.35,,,,--,#VALUE!,,,,,,,,19015037-3656390,--,--,--,,--,--,--,--,--,--,,,CrA-42,-99,-99,-99,-99,--,-99,--,-99,-99,-99,-99,--,
CrA,CrA-45 E,J19031609-3714080,03:16.1,-37:14:08.200,6.3641,0.23,157.13,2.183,156,"[0.583, -30.909]",II,1,"[, ALMA]","[, 230]","[, 1.3]","[, 0.33x0.31]","[, 1.92]","[, Cazzoletti+2019]","[, 29.82]","[, 0.35]","[, 29.82]","[, 20.51]",20.51,,,,--,#VALUE!,,,,,,,,19031609-3714080,--,--,--,,--,--,--,--,--,--,,,CrA-45 E,-99,-99,-99,-99,--,-99,--,-99,-99,-99,-99,--,
CrA,CrA-46,J18555629-3700066,55:56.3,-37:00:07.100,--,--,--,--,156,"[, ]",F,1,"[, ]","[, ]","[, ]","[, ]","[, ]","[, ]","[, ]","[, ]","[, ]","[, ]",--,,,,--,#VALUE!,,,,,,,,18555629-3700066,--,--,--,,--,--,--,--,--,--,,,CrA-46,-99,-99,-99,-99,--,-99,--,-99,-99,-99,-99,--,
CrA,CrA-47,J18564024-3655203,56:40.3,-36:55:20.800,6.8098,0.0976,146.85,1.061,146.85,"[3.761, -28.070]",II,1,"[, ALMA]","[, 230]","[, 1.3]","[, 0.33x0.31]","[, 0.09]","[, Cazzoletti+2019]","[, ??]","[, ??]","[, <0.27]","[, <0.16]",<0.16,,,,--,#VALUE!,,,,,,,,J18564024-3655203,160.89,--,2860,,0.010715193,--,0.05,--,--,--,--,,CrA-47,2758,0.008,-99.07,0.036,-105.4,nan,nan,nan,nan,0.036,-105.4,--,
CrA,CrA-48,J18570785-3654041,57:07.9,-36:54:04.400,6.5778,0.1495,152.03,1.157,152.03,"[3.670, -27.737]",II,1,"[, ALMA]","[, 230]","[, 1.3]","[, 0.33x0.31]","[, 0.12]","[, Cazzoletti+2019]","[, ??]","[, ??]","[, <0.36]","[, <0.24]",<0.24,,,,--,#VALUE!,,,,,,,,J18570785-3654041,152.86,--,2980,,0.007762471,--,0.08,--,--,--,--,,CrA-48,2851,0.007,-99,0.05,-105.5,nan,nan,nan,nan,0.05,-105.5,--,
CrA,CrA-52,J19000157-3637054,00:01.6,-36:37:06.200,6.4901,0.024,154.08,1.327,154.08,"[3.793, -27.390]",II,1,"[, ALMA]","[, 230]","[, 1.3]","[, 0.33x0.31]","[, 0.16]","[, Cazzoletti+2019]","[, 1.95]","[, 0.17]","[, 1.95]","[, 1.31]",1.31,,,,--,#VALUE!,,,,,,,,J19000157-3637054,155.06,--,3720,,0.204173795,--,0.52,--,--,--,--,,CrA-52,3738,0.201,-99,0.532,-106.1,0.48,-106,0.55,-106.12,0.532,-106.1,--,
CrA,CrA-53,J19011149-3645337,01:11.5,-36:45:33.800,6.5314,0.1126,153.11,1.061,153.11,"[3.564, -26.483]",II,1,"[, ALMA]","[, 230]","[, 1.3]","[, 0.33x0.31]","[, 0.10]","[, Cazzoletti+2019]","[, ??]","[, ??]","[, <0.30]","[, <0.20]",<0.20,,,,--,#VALUE!,,,,,,,,J19011149-3645337,154.38,--,2980,,0.021379621,--,0.09,--,--,--,--,,CrA-53,2851,0.021,-99,0.054,-105.3,nan,nan,nan,nan,0.054,-105.3,--,
CrA,CrA-54,J19013912-3653292,01:39.1,-36:53:29.400,6.3991,0.0415,156.27,1.178,156.27,"[3.700, -28.558]",II,1,"[, ALMA]","[, 230]","[, 1.3]","[, 0.33x0.31]","[, 0.09]","[, Cazzoletti+2019]","[, 0.48]","[, 0.19]","[, 0.48]","[, 0.33]",0.33,,,,--,#VALUE!,,,,,,,,J19013912-3653292,160.89,--,4020,,5.888436554,--,0.76,--,--,--,--,,CrA-54,3997,5.555,-99.02,nan,nan,0.725,-105.5,nan,nan,0.725,-105.5,--,
CrA,CrA-55,J19015523-3723407,01:55.2,-37:23:41.000,6.6159,0.1746,151.15,6.134,156,"[6.351, -24.628]",II,1,"[, ALMA]","[, 230]","[, 1.3]","[, 0.33x0.31]","[, 0.10]","[, Cazzoletti+2019]","[, 0.81]","[, 0.14]","[, 0.81]","[, 0.56]",0.56,,,,--,#VALUE!,,,,,,,,J19015523-3723407,156.84,--,4210,,0.776247117,--,0.87,--,--,--,--,,CrA-55,4118,0.767,-99,0.766,-106,0.8149,-106,0.71,-106.02,0.71,-106.02,--,
CrA,CrA-56,J19021667-3645493,02:16.7,-36:45:49.400,6.455,0.0473,154.92,1.028,154.92,"[4.569, -29.488]",II,1,"[, ALMA]","[, 230]","[, 1.3]","[, 0.33x0.31]","[, 0.10]","[, Cazzoletti+2019]","[, ??]","[, ??]","[, <0.30]","[, <0.20]",<0.20,,,,--,#VALUE!,,,,,,,,J19021667-3645493,155.44,--,3190,,0.097723722,--,0.2,--,--,--,--,,CrA-56,3071,0.097,-99,0.146,-105.5,0.15,-105.5,0.13,-105.46,0.146,-105.5,--,
CrA,CrA-57,J19032547-3655051,03:25.5,-36:55:05.300,6.3455,0.0671,157.59,1.041,157.59,"[5.344, -26.908]",II,1,"[, ALMA]","[, 230]","[, 1.3]","[, 0.33x0.31]","[, 0.10]","[, Cazzoletti+2019]","[, ??]","[, ??]","[, <0.30]","[, <0.21]",<0.21,,,,--,#VALUE!,,,,,,,,J19032547-3655051,153.95,--,3085,,0.048977882,--,0.14,--,--,--,--,,CrA-57,2943,0.051,-98.97,0.091,-105.4,0.1,-105.4,0.09,-105.39,0.091,-105.4,--,
CrA,S CrA N,J19010860-3657200,01:08.6,-36:57:20.300,6.2291,0.0683,160.54,2.104,156,"[7.054, -26.511]",II,1,"[, ALMA]","[, 230]","[, 1.3]","[, 0.33x0.31]","[, 10.40]","[, Cazzoletti+2019]","[, 140.30]","[, 2.00]","[, 140.30]","[, 96.48]",96.48,,,,--,#VALUE!,,,,,,,,J19010860-3657200,152.95,--,3900,,9.332543008,--,0.69,--,--,--,--,,S CrA N,3928,9.708,-98.98,nan,nan,nan,nan,nan,nan,nan,nan,--,
CrA,T CrA,J19015878-3657498,01:58.8,-36:57:49.900,--,--,--,--,156,"[, ]",II,1,"[, ALMA]","[, 230]","[, 1.3]","[, 0.33x0.31]","[, 0.28]","[, Cazzoletti+2019]","[, 4.99]","[, 0.37]","[, 4.99]","[, 3.43]",3.43,,,,--,#VALUE!,,,,,,,,J19015878-3657498,160.89,--,7200,,28.84031503,--,2.25,--,--,--,--,,T CrA,7200,27.11,-99.02,nan,nan,2.2,-106.2,2.23,-106.25,2.23,-106.25,--,
CrA,TY CrA,J19014081-3652337,01:40.8,-36:52:33.800,6.2851,0.1724,159.11,8.161,156,"[4.308, -31.801]",II,1,"[, ALMA]","[, 230]","[, 1.3]","[, 0.33x0.31]","[, 0.13]","[, Cazzoletti+2019]","[, 0.91]","[, 0.18]","[, 0.91]","[, 0.63]",0.63,,,,--,#VALUE!,,,,,,,,J19014081-3652337,160.89,--,10500,,295.1209227,--,4.1,--,--,--,--,,TY CrA,10500,277.4,-99.02,nan,nan,3.9749,-106.3,3.99,-106.33,3.99,-106.33,--,
CrA,IRS 10,J19020410-3657013,02:04.1,-36:57:01.200,--,--,--,--,156,"[, ]",II,1,"[, ALMA]","[, 230]","[, 1.3]","[, 0.33x0.31]","[, 0.08]","[, Cazzoletti+2019]","[, ??]","[, ??]","[, <0.24]","[, <0.17]",<0.17,,,,--,#VALUE!,,,,,,,,19020410-3657013,--,--,--,,--,--,--,--,--,--,,,IRS 10,-99,-99,-99,-99,--,-99,--,-99,-99,-99,-99,--,
CrA,Halpha 15,J19041725-3659030,04:17.3,-36:59:03.200,--,--,--,--,156,"[, ]",II,1,"[, ALMA]","[, 230]","[, 1.3]","[, 0.33x0.31]","[, 0.08]","[, Cazzoletti+2019]","[, 0.69]","[, 0.22]","[, 0.69]","[, 0.47]",0.47,,,,--,#VALUE!,,,,,,,,J19041725-3659030,160.89,--,3190,,0.52480746,--,0.25,--,--,--,--,,Halpha 15,3071,0.493,-99.02,nan,nan,0.21,-105.3,nan,nan,0.21,-105.3,--,
CrA,ISO-CrA 177,J19025464-3646191,02:54.6,-36:46:19.200,4.3318,0.2677,230.85,5.331,156,"[4.108, -27.683]",II,1,"[, ALMA]","[, 230]","[, 1.3]","[, 0.33x0.31]","[, 0.11]","[, Cazzoletti+2019]","[, 0.52]","[, 0.17]","[, 0.52]","[, 0.36]",0.36,,,,--,#VALUE!,,,,,,,,J19025464-3646191,281.9,--,3085,,0.28840315,--,0.2,--,--,--,--,,ISO-CrA 177,2943,0.088,-99.51,0.116,-105.9,0.105,-105.8,0.1,-105.85,0.116,-105.9,--,
CrA,Haas 4,--,01:40.7,-36:56:04.900,--,--,--,--,156,"[, ]",F,1,"[, ]","[, ]","[, ]","[, ]","[, ]","[, ]","[, ]","[, ]","[, ]","[, ]",--,,,,--,#VALUE!,,,,,,,,--,--,--,--,,--,--,--,--,--,--,,,Haas 4,-99,-99,-99,-99,--,-99,--,-99,-99,-99,-99,--,
CrA,Haas 17,J19015173-3655143,01:51.7,-36:55:14.200,--,--,--,--,156,"[, ]",II,1,"[, ALMA]","[, 230]","[, 1.3]","[, 0.33x0.31]","[, 0.11]","[, Cazzoletti+2019]","[, ??]","[, ??]","[, <0.33]","[, <0.23]",<0.23,,,,--,#VALUE!,,,,,,,,19015173-3655143,--,--,--,,--,--,--,--,--,--,,,Haas 17,-99,-99,-99,-99,--,-99,--,-99,-99,-99,-99,--,
CrA,LS-RCrA 1,J19013357-3700304,01:33.6,-37:00:30.300,6.4604,0.298,154.79,0.967,154.79,"[5.035, -27.484]",F,1,"[, ]","[, ]","[, ]","[, ]","[, ]","[, ]","[, ]","[, ]","[, ]","[, ]",--,,,,--,#VALUE!,,,,,,,,19013357-3700304,--,--,--,,--,--,--,--,--,--,,,LS-RCrA 1,-99,-99,-99,-99,--,-99,--,-99,-99,-99,-99,--,
CrA,G09 CrA-9,--,01:58.3,-37:01:06.000,--,--,--,--,156,"[, ]",II,1,"[, ALMA]","[, 230]","[, 1.3]","[, 0.33x0.31]","[, 0.09]","[, Cazzoletti+2019]","[, ??]","[, ??]","[, <0.27]","[, <0.19]",<0.19,,,,--,#VALUE!,,,,,,,,--,--,--,--,,--,--,--,--,--,--,,,G09 CrA-9,-99,-99,-99,-99,--,-99,--,-99,-99,-99,-99,--,
CrA,S CrA S,J19010860-3657200,01:08.6,-36:57:20.300,6.2291,0.0683,160.54,2.104,156,"[7.054, -26.511]",??,1,"[, ALMA]","[, 230]","[, 1.3]","[, 0.33x0.31]","[, 10.40]","[, Cazzoletti+2019]","[, 129.53]","[, 2.09]","[, 129.53]","[, 89.07]",89.07,,,,--,#VALUE!,,,,,,,,--,--,--,--,,--,--,--,--,--,--,,,S CrA S,-99,-99,-99,-99,--,-99,--,-99,-99,-99,-99,--,
CrA,CrA-45 W,J19031609-3714080,03:16.1,-37:14:08.200,6.3641,0.23,157.13,2.183,156,"[0.583, -30.909]",??,1,"[, ALMA]","[, 230]","[, 1.3]","[, 0.33x0.31]","[, 1.92]","[, Cazzoletti+2019]","[, 6.36]","[, 0.34]","[, 6.36]","[, 4.37]",4.37,,,,--,#VALUE!,,,,,,,,--,--,--,--,,--,--,--,--,--,--,,,CrA-45 W,-99,-99,-99,-99,--,-99,--,-99,-99,-99,-99,--,